"GO.ID","Term_full","Ontology","Annotated","Significant","Expected","PValue","Gene_IDs","Gene_symbols","Algorithm","PValue_FDR"
"GO:0072376",NA,"BP",11,2,0.06,0.00173573030912532,"ENSCHAG00000003517, ENSCHAG00000003862","F13A1, ENSCHAG00000003862","classic",1
"GO:0072378","blood coagulation, fibrin clot formation","BP",11,2,0.06,0.00173573030912532,"ENSCHAG00000003517, ENSCHAG00000003862","F13A1, ENSCHAG00000003862","classic",1
"GO:0044770",NA,"BP",46,3,0.26,0.00231797095401759,"ENSCHAG00000000936, ENSCHAG00000001076, ENSCHAG00000012653","zmp:0000000711, foxm1, si:dkey-225f5.4","classic",1
"GO:0018149","peptide cross-linking","BP",20,2,0.12,0.00579923498480671,"ENSCHAG00000003517, ENSCHAG00000003862","F13A1, ENSCHAG00000003862","classic",1
"GO:0006164","purine nucleotide biosynthetic process","BP",75,3,0.43,0.00915997084798005,"ENSCHAG00000008180, ENSCHAG00000012097, ENSCHAG00000021596","si:dkey-145c18.3, atp5mc1, pfas","classic",1
"GO:0000075",NA,"BP",31,2,0.18,0.0136275650684379,"ENSCHAG00000000936, ENSCHAG00000012653","zmp:0000000711, si:dkey-225f5.4","classic",1
"GO:0033993",NA,"BP",32,2,0.18,0.0144825926932041,"ENSCHAG00000013260, ENSCHAG00000025006","cd36, spata18","classic",1
"GO:1901988",NA,"BP",32,2,0.18,0.0144825926932041,"ENSCHAG00000000936, ENSCHAG00000012653","zmp:0000000711, si:dkey-225f5.4","classic",1
"GO:0009117","nucleotide metabolic process","BP",171,4,0.98,0.0168196049696484,"ENSCHAG00000002578, ENSCHAG00000008180, ENSCHAG00000012097, ENSCHAG00000021596","gmpr, si:dkey-145c18.3, atp5mc1, pfas","classic",1
"GO:0072522",NA,"BP",94,3,0.54,0.0168339438020872,"ENSCHAG00000008180, ENSCHAG00000012097, ENSCHAG00000021596","si:dkey-145c18.3, atp5mc1, pfas","classic",1
"GO:0010948",NA,"BP",37,2,0.21,0.019091747086628,"ENSCHAG00000000936, ENSCHAG00000012653","zmp:0000000711, si:dkey-225f5.4","classic",1
"GO:0009165","nucleotide biosynthetic process","BP",103,3,0.59,0.0214158668268137,"ENSCHAG00000008180, ENSCHAG00000012097, ENSCHAG00000021596","si:dkey-145c18.3, atp5mc1, pfas","classic",1
"GO:1901987",NA,"BP",40,2,0.23,0.0221145589586651,"ENSCHAG00000000936, ENSCHAG00000012653","zmp:0000000711, si:dkey-225f5.4","classic",1
"GO:0015919",NA,"BP",5,1,0.03,0.0284530700671989,"ENSCHAG00000003243","pex26","classic",1
"GO:0042446",NA,"BP",5,1,0.03,0.0284530700671989,"ENSCHAG00000022110","RDH8","classic",1
"GO:0043574",NA,"BP",5,1,0.03,0.0284530700671989,"ENSCHAG00000003243","pex26","classic",1
"GO:0045475","locomotor rhythm","BP",5,1,0.03,0.0284530700671989,"ENSCHAG00000012664","nr1d1","classic",1
"GO:0051014","actin filament severing","BP",5,1,0.03,0.0284530700671989,"ENSCHAG00000021706","scinla","classic",1
"GO:0072662",NA,"BP",5,1,0.03,0.0284530700671989,"ENSCHAG00000003243","pex26","classic",1
"GO:0072663",NA,"BP",5,1,0.03,0.0284530700671989,"ENSCHAG00000003243","pex26","classic",1
"GO:0045786","negative regulation of cell cycle","BP",47,2,0.27,0.0298718309508178,"ENSCHAG00000000936, ENSCHAG00000012653","zmp:0000000711, si:dkey-225f5.4","classic",1
"GO:0006753",NA,"BP",206,4,1.19,0.0307288970905228,"ENSCHAG00000002578, ENSCHAG00000008180, ENSCHAG00000012097, ENSCHAG00000021596","gmpr, si:dkey-145c18.3, atp5mc1, pfas","classic",1
"GO:1901293",NA,"BP",122,3,0.7,0.0331163255277216,"ENSCHAG00000008180, ENSCHAG00000012097, ENSCHAG00000021596","si:dkey-145c18.3, atp5mc1, pfas","classic",1
"GO:0006900",NA,"BP",6,1,0.03,0.0340472299421986,"ENSCHAG00000022133","sec16b","classic",1
"GO:0086001","cardiac muscle cell action potential","BP",6,1,0.03,0.0340472299421986,"ENSCHAG00000001285","atp1b1a","classic",1
"GO:0090114","COPII-coated vesicle budding","BP",6,1,0.03,0.0340472299421986,"ENSCHAG00000022133","sec16b","classic",1
"GO:0090407",NA,"BP",216,4,1.24,0.0356581751958933,"ENSCHAG00000008000, ENSCHAG00000008180, ENSCHAG00000012097, ENSCHAG00000021596","pik3cg, si:dkey-145c18.3, atp5mc1, pfas","classic",1
"GO:0006163","purine nucleotide metabolic process","BP",127,3,0.73,0.0366499736091533,"ENSCHAG00000008180, ENSCHAG00000012097, ENSCHAG00000021596","si:dkey-145c18.3, atp5mc1, pfas","classic",1
"GO:0007596","blood coagulation","BP",54,2,0.31,0.0385444583314791,"ENSCHAG00000003517, ENSCHAG00000003862","F13A1, ENSCHAG00000003862","classic",1
"GO:0000086","G2/M transition of mitotic cell cycle","BP",7,1,0.04,0.0396096567229354,"ENSCHAG00000001076","foxm1","classic",1
"GO:0006188",NA,"BP",7,1,0.04,0.0396096567229354,"ENSCHAG00000021596","pfas","classic",1
"GO:0010212","response to ionizing radiation","BP",7,1,0.04,0.0396096567229354,"ENSCHAG00000000936","zmp:0000000711","classic",1
"GO:0046040",NA,"BP",7,1,0.04,0.0396096567229354,"ENSCHAG00000021596","pfas","classic",1
"GO:0060896",NA,"BP",7,1,0.04,0.0396096567229354,"ENSCHAG00000009573","fzd8a","classic",1
"GO:0060897",NA,"BP",7,1,0.04,0.0396096567229354,"ENSCHAG00000009573","fzd8a","classic",1
"GO:0071907","determination of digestive tract left/right asymmetry","BP",7,1,0.04,0.0396096567229354,"ENSCHAG00000004711","gpr22a","classic",1
"GO:0120178",NA,"BP",7,1,0.04,0.0396096567229354,"ENSCHAG00000022110","RDH8","classic",1
"GO:0016192","vesicle-mediated transport","BP",330,5,1.9,0.0411001248443686,"ENSCHAG00000000822, ENSCHAG00000003909, ENSCHAG00000010108, ENSCHAG00000015924, ENSCHAG00000022133","scfd2, COG5, fnbp1l, SYT8, sec16b","classic",1
"GO:0007599","hemostasis","BP",56,2,0.32,0.041178818089796,"ENSCHAG00000003517, ENSCHAG00000003862","F13A1, ENSCHAG00000003862","classic",1
"GO:0009152",NA,"BP",57,2,0.33,0.0425209057080846,"ENSCHAG00000012097, ENSCHAG00000021596","atp5mc1, pfas","classic",1
"GO:0048193","Golgi vesicle transport","BP",58,2,0.33,0.0438792939940807,"ENSCHAG00000003909, ENSCHAG00000022133","COG5, sec16b","classic",1
"GO:0050817",NA,"BP",58,2,0.33,0.0438792939940807,"ENSCHAG00000003517, ENSCHAG00000003862","F13A1, ENSCHAG00000003862","classic",1
"GO:0055086",NA,"BP",232,4,1.34,0.0444507154940699,"ENSCHAG00000002578, ENSCHAG00000008180, ENSCHAG00000012097, ENSCHAG00000021596","gmpr, si:dkey-145c18.3, atp5mc1, pfas","classic",1
"GO:0006903",NA,"BP",8,1,0.05,0.0451405277045036,"ENSCHAG00000022133","sec16b","classic",1
"GO:0048382","mesendoderm development","BP",8,1,0.05,0.0451405277045036,"ENSCHAG00000000664","rasl11b","classic",1
"GO:0009260",NA,"BP",61,2,0.35,0.0480500142164571,"ENSCHAG00000012097, ENSCHAG00000021596","atp5mc1, pfas","classic",1
"GO:0046390",NA,"BP",61,2,0.35,0.0480500142164571,"ENSCHAG00000012097, ENSCHAG00000021596","atp5mc1, pfas","classic",1
"GO:0050878",NA,"BP",61,2,0.35,0.0480500142164571,"ENSCHAG00000003517, ENSCHAG00000003862","F13A1, ENSCHAG00000003862","classic",1
"GO:0042060","wound healing","BP",62,2,0.36,0.0494713664252093,"ENSCHAG00000003517, ENSCHAG00000003862","F13A1, ENSCHAG00000003862","classic",1
"GO:0009084",NA,"BP",9,1,0.05,0.0506400192065922,"ENSCHAG00000022196","glula","classic",1
"GO:0006914","autophagy","BP",64,2,0.37,0.0523594281974798,"ENSCHAG00000012664, ENSCHAG00000022133","nr1d1, sec16b","classic",1
"GO:0061919",NA,"BP",64,2,0.37,0.0523594281974798,"ENSCHAG00000012664, ENSCHAG00000022133","nr1d1, sec16b","classic",1
"GO:0051726","regulation of cell cycle","BP",149,3,0.86,0.0543868242286101,"ENSCHAG00000000936, ENSCHAG00000012653, ENSCHAG00000022129","zmp:0000000711, si:dkey-225f5.4, gadd45ab","classic",1
"GO:0007498","mesoderm development","BP",66,2,0.38,0.0553065356646423,"ENSCHAG00000000664, ENSCHAG00000004711","rasl11b, gpr22a","classic",1
"GO:0016579","protein deubiquitination","BP",66,2,0.38,0.0553065356646423,"ENSCHAG00000003267, ENSCHAG00000025013","usp18, usp46","classic",1
"GO:0007031","peroxisome organization","BP",10,1,0.06,0.0561083065787692,"ENSCHAG00000003243","pex26","classic",1
"GO:0007606","sensory perception of chemical stimulus","BP",10,1,0.06,0.0561083065787692,"ENSCHAG00000013260","cd36","classic",1
"GO:0009435","NAD biosynthetic process","BP",10,1,0.06,0.0561083065787692,"ENSCHAG00000008180","si:dkey-145c18.3","classic",1
"GO:0035088","establishment or maintenance of apical/basal cell polarity","BP",10,1,0.06,0.0561083065787692,"ENSCHAG00000001285","atp1b1a","classic",1
"GO:0042752","regulation of circadian rhythm","BP",10,1,0.06,0.0561083065787692,"ENSCHAG00000012664","nr1d1","classic",1
"GO:0043588","skin development","BP",10,1,0.06,0.0561083065787692,"ENSCHAG00000001285","atp1b1a","classic",1
"GO:0044839",NA,"BP",10,1,0.06,0.0561083065787692,"ENSCHAG00000001076","foxm1","classic",1
"GO:0045197","establishment or maintenance of epithelial cell apical/basal polarity","BP",10,1,0.06,0.0561083065787692,"ENSCHAG00000001285","atp1b1a","classic",1
"GO:0061245",NA,"BP",10,1,0.06,0.0561083065787692,"ENSCHAG00000001285","atp1b1a","classic",1
"GO:0065008",NA,"BP",362,5,2.08,0.0570031536906393,"ENSCHAG00000001285, ENSCHAG00000003517, ENSCHAG00000003862, ENSCHAG00000021706, ENSCHAG00000022110","atp1b1a, F13A1, ENSCHAG00000003862, scinla, RDH8","classic",1
"GO:0030163","protein catabolic process","BP",155,3,0.89,0.0598240917365896,"ENSCHAG00000003267, ENSCHAG00000025006, ENSCHAG00000025013","usp18, spata18, usp46","classic",1
"GO:0006541","glutamine metabolic process","BP",11,1,0.06,0.061545564205733,"ENSCHAG00000022196","glula","classic",1
"GO:0009126",NA,"BP",11,1,0.06,0.061545564205733,"ENSCHAG00000021596","pfas","classic",1
"GO:0009127",NA,"BP",11,1,0.06,0.061545564205733,"ENSCHAG00000021596","pfas","classic",1
"GO:0009167",NA,"BP",11,1,0.06,0.061545564205733,"ENSCHAG00000021596","pfas","classic",1
"GO:0009168","purine ribonucleoside monophosphate biosynthetic process","BP",11,1,0.06,0.061545564205733,"ENSCHAG00000021596","pfas","classic",1
"GO:0020027","hemoglobin metabolic process","BP",11,1,0.06,0.061545564205733,"ENSCHAG00000000436","cpox","classic",1
"GO:0042541","hemoglobin biosynthetic process","BP",11,1,0.06,0.061545564205733,"ENSCHAG00000000436","cpox","classic",1
"GO:0051607","defense response to virus","BP",11,1,0.06,0.061545564205733,"ENSCHAG00000003470","ly86","classic",1
"GO:0071478",NA,"BP",11,1,0.06,0.061545564205733,"ENSCHAG00000000936","zmp:0000000711","classic",1
"GO:0070646",NA,"BP",72,2,0.41,0.0644853784255141,"ENSCHAG00000003267, ENSCHAG00000025013","usp18, usp46","classic",1
"GO:0072521",NA,"BP",161,3,0.93,0.065508246841857,"ENSCHAG00000008180, ENSCHAG00000012097, ENSCHAG00000021596","si:dkey-145c18.3, atp5mc1, pfas","classic",1
"GO:0019359",NA,"BP",12,1,0.07,0.0669519655125446,"ENSCHAG00000008180","si:dkey-145c18.3","classic",1
"GO:0019363",NA,"BP",12,1,0.07,0.0669519655125446,"ENSCHAG00000008180","si:dkey-145c18.3","classic",1
"GO:0032922","circadian regulation of gene expression","BP",12,1,0.07,0.0669519655125446,"ENSCHAG00000012664","nr1d1","classic",1
"GO:0048545","response to steroid hormone","BP",12,1,0.07,0.0669519655125446,"ENSCHAG00000025006","spata18","classic",1
"GO:0071214",NA,"BP",12,1,0.07,0.0669519655125446,"ENSCHAG00000000936","zmp:0000000711","classic",1
"GO:0104004",NA,"BP",12,1,0.07,0.0669519655125446,"ENSCHAG00000000936","zmp:0000000711","classic",1
"GO:0009725","response to hormone","BP",74,2,0.43,0.0676520630351029,"ENSCHAG00000013260, ENSCHAG00000025006","cd36, spata18","classic",1
"GO:0010564","regulation of cell cycle process","BP",74,2,0.43,0.0676520630351029,"ENSCHAG00000000936, ENSCHAG00000012653","zmp:0000000711, si:dkey-225f5.4","classic",1
"GO:0065007",NA,"BP",4609,33,26.53,0.0683337677824298,"ENSCHAG00000000936, ENSCHAG00000001076, ENSCHAG00000001217, ENSCHAG00000001249, ENSCHAG00000001285, ENSCHAG00000001576, ENSCHAG00000003500, ENSCHAG00000003517, ENSCHAG00000003862, ENSCHAG00000004711, ENSCHAG00000005408, ENSCHAG00000006655, ENSCHAG00000007917, ENSCHAG00000008000, ENSCHAG00000009573, ENSCHAG00000009593, ENSCHAG00000009841, ENSCHAG00000010108, ENSCHAG00000011503, ENSCHAG00000012653, ENSCHAG00000012664, ENSCHAG00000012776, ENSCHAG00000013260, ENSCHAG00000013538, ENSCHAG00000013742, ENSCHAG00000019366, ENSCHAG00000021706, ENSCHAG00000022110, ENSCHAG00000022113, ENSCHAG00000022120, ENSCHAG00000022129, ENSCHAG00000027469, ENSCHAG00000027494","zmp:0000000711, foxm1, gsx2, ENSCHAG00000001249, atp1b1a, pdgfra, thrb, F13A1, ENSCHAG00000003862, gpr22a, pde3a, ENSCHAG00000006655, PRKAR2B, pik3cg, fzd8a, ENSCHAG00000009593, grm8a, fnbp1l, depdc1a, si:dkey-225f5.4, nr1d1, rapgefl1, cd36, ENSCHAG00000013538, magi2a, EPHB3, scinla, RDH8, dr1, GNG12, gadd45ab, rorca, fsd1","classic",1
"GO:0001508","action potential","BP",13,1,0.07,0.0723276829698203,"ENSCHAG00000001285","atp1b1a","classic",1
"GO:0006779","porphyrin-containing compound biosynthetic process","BP",13,1,0.07,0.0723276829698203,"ENSCHAG00000000436","cpox","classic",1
"GO:0007622",NA,"BP",13,1,0.07,0.0723276829698203,"ENSCHAG00000012664","nr1d1","classic",1
"GO:0019674","NAD metabolic process","BP",13,1,0.07,0.0723276829698203,"ENSCHAG00000008180","si:dkey-145c18.3","classic",1
"GO:0021872",NA,"BP",13,1,0.07,0.0723276829698203,"ENSCHAG00000009573","fzd8a","classic",1
"GO:0021879","forebrain neuron differentiation","BP",13,1,0.07,0.0723276829698203,"ENSCHAG00000009573","fzd8a","classic",1
"GO:0048512","circadian behavior","BP",13,1,0.07,0.0723276829698203,"ENSCHAG00000012664","nr1d1","classic",1
"GO:0071910","determination of liver left/right asymmetry","BP",13,1,0.07,0.0723276829698203,"ENSCHAG00000004711","gpr22a","classic",1
"GO:0007049",NA,"BP",276,4,1.59,0.0743586317152462,"ENSCHAG00000000936, ENSCHAG00000001076, ENSCHAG00000012653, ENSCHAG00000022129","zmp:0000000711, foxm1, si:dkey-225f5.4, gadd45ab","classic",1
"GO:0009156","ribonucleoside monophosphate biosynthetic process","BP",14,1,0.08,0.077672888098907,"ENSCHAG00000021596","pfas","classic",1
"GO:0009161",NA,"BP",14,1,0.08,0.077672888098907,"ENSCHAG00000021596","pfas","classic",1
"GO:0050795","regulation of behavior","BP",14,1,0.08,0.077672888098907,"ENSCHAG00000012664","nr1d1","classic",1
"GO:0051016","barbed-end actin filament capping","BP",14,1,0.08,0.077672888098907,"ENSCHAG00000021706","scinla","classic",1
"GO:0006793",NA,"BP",1194,11,6.87,0.077755245059262,"ENSCHAG00000001576, ENSCHAG00000002578, ENSCHAG00000003478, ENSCHAG00000007917, ENSCHAG00000008000, ENSCHAG00000008180, ENSCHAG00000012097, ENSCHAG00000015954, ENSCHAG00000019366, ENSCHAG00000021596, ENSCHAG00000023174","pdgfra, gmpr, DYRK4, PRKAR2B, pik3cg, si:dkey-145c18.3, atp5mc1, ENSCHAG00000015954, EPHB3, pfas, ptprfa","classic",1
"GO:0006796","phosphate-containing compound metabolic process","BP",1194,11,6.87,0.077755245059262,"ENSCHAG00000001576, ENSCHAG00000002578, ENSCHAG00000003478, ENSCHAG00000007917, ENSCHAG00000008000, ENSCHAG00000008180, ENSCHAG00000012097, ENSCHAG00000015954, ENSCHAG00000019366, ENSCHAG00000021596, ENSCHAG00000023174","pdgfra, gmpr, DYRK4, PRKAR2B, pik3cg, si:dkey-145c18.3, atp5mc1, ENSCHAG00000015954, EPHB3, pfas, ptprfa","classic",1
"GO:0019637",NA,"BP",398,5,2.29,0.0786224572425396,"ENSCHAG00000002578, ENSCHAG00000008000, ENSCHAG00000008180, ENSCHAG00000012097, ENSCHAG00000021596","gmpr, pik3cg, si:dkey-145c18.3, atp5mc1, pfas","classic",1
"GO:0000077","DNA damage checkpoint signaling","BP",15,1,0.09,0.0829877514770249,"ENSCHAG00000000936","zmp:0000000711","classic",1
"GO:0003140","determination of left/right asymmetry in lateral mesoderm","BP",15,1,0.09,0.0829877514770249,"ENSCHAG00000004711","gpr22a","classic",1
"GO:0060788","ectodermal placode formation","BP",15,1,0.09,0.0829877514770249,"ENSCHAG00000009573","fzd8a","classic",1
"GO:0006754",NA,"BP",16,1,0.09,0.0882724427423819,"ENSCHAG00000012097","atp5mc1","classic",1
"GO:0009124",NA,"BP",16,1,0.09,0.0882724427423819,"ENSCHAG00000021596","pfas","classic",1
"GO:0015986","proton motive force-driven ATP synthesis","BP",16,1,0.09,0.0882724427423819,"ENSCHAG00000012097","atp5mc1","classic",1
"GO:0048015","phosphatidylinositol-mediated signaling","BP",16,1,0.09,0.0882724427423819,"ENSCHAG00000008000","pik3cg","classic",1
"GO:0048368","lateral mesoderm development","BP",16,1,0.09,0.0882724427423819,"ENSCHAG00000004711","gpr22a","classic",1
"GO:0072525",NA,"BP",16,1,0.09,0.0882724427423819,"ENSCHAG00000008180","si:dkey-145c18.3","classic",1
"GO:0022402",NA,"BP",187,3,1.08,0.0928325945586221,"ENSCHAG00000000936, ENSCHAG00000001076, ENSCHAG00000012653","zmp:0000000711, foxm1, si:dkey-225f5.4","classic",1
"GO:0009123",NA,"BP",17,1,0.1,0.0935271305992648,"ENSCHAG00000021596","pfas","classic",1
"GO:0031570",NA,"BP",17,1,0.1,0.0935271305992648,"ENSCHAG00000000936","zmp:0000000711","classic",1
"GO:0033014","tetrapyrrole biosynthetic process","BP",17,1,0.1,0.0935271305992648,"ENSCHAG00000000436","cpox","classic",1
"GO:0009611","response to wounding","BP",92,2,0.53,0.0982626114913735,"ENSCHAG00000003517, ENSCHAG00000003862","F13A1, ENSCHAG00000003862","classic",1
"GO:0030593","neutrophil chemotaxis","BP",18,1,0.1,0.0987519828230988,"ENSCHAG00000008000","pik3cg","classic",1
"GO:0071697",NA,"BP",18,1,0.1,0.0987519828230988,"ENSCHAG00000009573","fzd8a","classic",1
"GO:0034654",NA,"BP",1697,14,9.77,0.101105476344965,"ENSCHAG00000001076, ENSCHAG00000001217, ENSCHAG00000001249, ENSCHAG00000003500, ENSCHAG00000004743, ENSCHAG00000006655, ENSCHAG00000008180, ENSCHAG00000012097, ENSCHAG00000012664, ENSCHAG00000012759, ENSCHAG00000021529, ENSCHAG00000021596, ENSCHAG00000022113, ENSCHAG00000027469","foxm1, gsx2, ENSCHAG00000001249, thrb, dus4l, ENSCHAG00000006655, si:dkey-145c18.3, atp5mc1, nr1d1, casc3, magoh, pfas, dr1, rorca","classic",1
"GO:1903047",NA,"BP",94,2,0.54,0.101871925571197,"ENSCHAG00000001076, ENSCHAG00000012653","foxm1, si:dkey-225f5.4","classic",1
"GO:0009615","response to virus","BP",19,1,0.11,0.103947166265485,"ENSCHAG00000003470","ly86","classic",1
"GO:0031667",NA,"BP",19,1,0.11,0.103947166265485,"ENSCHAG00000013260","cd36","classic",1
"GO:0042770",NA,"BP",19,1,0.11,0.103947166265485,"ENSCHAG00000000936","zmp:0000000711","classic",1
"GO:0071621",NA,"BP",19,1,0.11,0.103947166265485,"ENSCHAG00000008000","pik3cg","classic",1
"GO:0006950",NA,"BP",569,6,3.27,0.108335619051593,"ENSCHAG00000000936, ENSCHAG00000003415, ENSCHAG00000003470, ENSCHAG00000003517, ENSCHAG00000003862, ENSCHAG00000013260","zmp:0000000711, RAD51AP1, ly86, F13A1, ENSCHAG00000003862, cd36","classic",1
"GO:0006778","porphyrin-containing compound metabolic process","BP",20,1,0.12,0.109112846859205,"ENSCHAG00000000436","cpox","classic",1
"GO:0007093","mitotic cell cycle checkpoint signaling","BP",20,1,0.12,0.109112846859205,"ENSCHAG00000012653","si:dkey-225f5.4","classic",1
"GO:0042391","regulation of membrane potential","BP",20,1,0.12,0.109112846859205,"ENSCHAG00000001285","atp1b1a","classic",1
"GO:0009150",NA,"BP",98,2,0.56,0.109199200163081,"ENSCHAG00000012097, ENSCHAG00000021596","atp5mc1, pfas","classic",1
"GO:0051693","actin filament capping","BP",21,1,0.12,0.114249189623204,"ENSCHAG00000021706","scinla","classic",1
"GO:1990266","neutrophil migration","BP",21,1,0.12,0.114249189623204,"ENSCHAG00000008000","pik3cg","classic",1
"GO:0009259",NA,"BP",102,2,0.59,0.1166628896104,"ENSCHAG00000012097, ENSCHAG00000021596","atp5mc1, pfas","classic",1
"GO:0019693",NA,"BP",102,2,0.59,0.1166628896104,"ENSCHAG00000012097, ENSCHAG00000021596","atp5mc1, pfas","classic",1
"GO:0098542",NA,"BP",103,2,0.59,0.118548969269481,"ENSCHAG00000003470, ENSCHAG00000013260","ly86, cd36","classic",1
"GO:0039021","pronephric glomerulus development","BP",22,1,0.13,0.119356358667544,"ENSCHAG00000013742","magi2a","classic",1
"GO:0097530",NA,"BP",22,1,0.13,0.119356358667544,"ENSCHAG00000008000","pik3cg","classic",1
"GO:0170034",NA,"BP",22,1,0.13,0.119356358667544,"ENSCHAG00000022196","glula","classic",1
"GO:0009058","biosynthetic process","BP",2687,20,15.47,0.121847386222898,"ENSCHAG00000000436, ENSCHAG00000001076, ENSCHAG00000001217, ENSCHAG00000001249, ENSCHAG00000003500, ENSCHAG00000003517, ENSCHAG00000003862, ENSCHAG00000004743, ENSCHAG00000006655, ENSCHAG00000008000, ENSCHAG00000008180, ENSCHAG00000012097, ENSCHAG00000012664, ENSCHAG00000012759, ENSCHAG00000021529, ENSCHAG00000021596, ENSCHAG00000022110, ENSCHAG00000022113, ENSCHAG00000022196, ENSCHAG00000027469","cpox, foxm1, gsx2, ENSCHAG00000001249, thrb, F13A1, ENSCHAG00000003862, dus4l, ENSCHAG00000006655, pik3cg, si:dkey-145c18.3, atp5mc1, nr1d1, casc3, magoh, pfas, RDH8, dr1, glula, rorca","classic",1
"GO:0090150","establishment of protein localization to membrane","BP",23,1,0.13,0.124434517198337,"ENSCHAG00000003243","pex26","classic",1
"GO:0050896",NA,"BP",3188,23,18.35,0.128010500115811,"ENSCHAG00000000936, ENSCHAG00000001576, ENSCHAG00000003415, ENSCHAG00000003470, ENSCHAG00000003517, ENSCHAG00000003862, ENSCHAG00000004711, ENSCHAG00000005408, ENSCHAG00000008000, ENSCHAG00000009573, ENSCHAG00000009593, ENSCHAG00000009841, ENSCHAG00000010108, ENSCHAG00000011503, ENSCHAG00000012653, ENSCHAG00000012776, ENSCHAG00000013260, ENSCHAG00000013538, ENSCHAG00000013742, ENSCHAG00000019366, ENSCHAG00000022120, ENSCHAG00000025006, ENSCHAG00000027494","zmp:0000000711, pdgfra, RAD51AP1, ly86, F13A1, ENSCHAG00000003862, gpr22a, pde3a, pik3cg, fzd8a, ENSCHAG00000009593, grm8a, fnbp1l, depdc1a, si:dkey-225f5.4, rapgefl1, cd36, ENSCHAG00000013538, magi2a, EPHB3, GNG12, spata18, fsd1","classic",1
"GO:0009056","catabolic process","BP",464,5,2.67,0.128147741484403,"ENSCHAG00000003267, ENSCHAG00000012664, ENSCHAG00000022133, ENSCHAG00000025006, ENSCHAG00000025013","usp18, nr1d1, sec16b, spata18, usp46","classic",1
"GO:0006694","steroid biosynthetic process","BP",24,1,0.14,0.129483827522636,"ENSCHAG00000022110","RDH8","classic",1
"GO:0009064",NA,"BP",24,1,0.14,0.129483827522636,"ENSCHAG00000022196","glula","classic",1
"GO:0009145",NA,"BP",24,1,0.14,0.129483827522636,"ENSCHAG00000012097","atp5mc1","classic",1
"GO:0009206",NA,"BP",24,1,0.14,0.129483827522636,"ENSCHAG00000012097","atp5mc1","classic",1
"GO:0016050",NA,"BP",24,1,0.14,0.129483827522636,"ENSCHAG00000022133","sec16b","classic",1
"GO:0048484","enteric nervous system development","BP",24,1,0.14,0.129483827522636,"ENSCHAG00000012375","sema3c","classic",1
"GO:0009057",NA,"BP",218,3,1.25,0.130492811046434,"ENSCHAG00000003267, ENSCHAG00000025006, ENSCHAG00000025013","usp18, spata18, usp46","classic",1
"GO:0007165","signal transduction","BP",2395,18,13.78,0.131236292517883,"ENSCHAG00000000936, ENSCHAG00000001576, ENSCHAG00000004711, ENSCHAG00000005408, ENSCHAG00000008000, ENSCHAG00000009573, ENSCHAG00000009593, ENSCHAG00000009841, ENSCHAG00000010108, ENSCHAG00000011503, ENSCHAG00000012653, ENSCHAG00000012776, ENSCHAG00000013260, ENSCHAG00000013538, ENSCHAG00000013742, ENSCHAG00000019366, ENSCHAG00000022120, ENSCHAG00000027494","zmp:0000000711, pdgfra, gpr22a, pde3a, pik3cg, fzd8a, ENSCHAG00000009593, grm8a, fnbp1l, depdc1a, si:dkey-225f5.4, rapgefl1, cd36, ENSCHAG00000013538, magi2a, EPHB3, GNG12, fsd1","classic",1
"GO:0030834",NA,"BP",25,1,0.14,0.134504451053323,"ENSCHAG00000021706","scinla","classic",1
"GO:0030835","negative regulation of actin filament depolymerization","BP",25,1,0.14,0.134504451053323,"ENSCHAG00000021706","scinla","classic",1
"GO:0033013",NA,"BP",25,1,0.14,0.134504451053323,"ENSCHAG00000000436","cpox","classic",1
"GO:0046854","phosphatidylinositol phosphate biosynthetic process","BP",25,1,0.14,0.134504451053323,"ENSCHAG00000008000","pik3cg","classic",1
"GO:0060900","embryonic camera-type eye formation","BP",25,1,0.14,0.134504451053323,"ENSCHAG00000009573","fzd8a","classic",1
"GO:0071696","ectodermal placode development","BP",25,1,0.14,0.134504451053323,"ENSCHAG00000009573","fzd8a","classic",1
"GO:0009201",NA,"BP",26,1,0.15,0.139496548313948,"ENSCHAG00000012097","atp5mc1","classic",1
"GO:0043242",NA,"BP",26,1,0.15,0.139496548313948,"ENSCHAG00000021706","scinla","classic",1
"GO:1901880",NA,"BP",26,1,0.15,0.139496548313948,"ENSCHAG00000021706","scinla","classic",1
"GO:0000122","negative regulation of transcription by RNA polymerase II","BP",27,1,0.16,0.144460278943562,"ENSCHAG00000022113","dr1","classic",1
"GO:0009142","nucleoside triphosphate biosynthetic process","BP",27,1,0.16,0.144460278943562,"ENSCHAG00000012097","atp5mc1","classic",1
"GO:0170038",NA,"BP",27,1,0.16,0.144460278943562,"ENSCHAG00000022196","glula","classic",1
"GO:0006511","ubiquitin-dependent protein catabolic process","BP",117,2,0.67,0.145703470501446,"ENSCHAG00000003267, ENSCHAG00000025013","usp18, usp46","classic",1
"GO:0019941",NA,"BP",117,2,0.67,0.145703470501446,"ENSCHAG00000003267, ENSCHAG00000025013","usp18, usp46","classic",1
"GO:0043632",NA,"BP",117,2,0.67,0.145703470501446,"ENSCHAG00000003267, ENSCHAG00000025013","usp18, usp46","classic",1
"GO:0050794",NA,"BP",4232,29,24.36,0.145878746506101,"ENSCHAG00000000936, ENSCHAG00000001076, ENSCHAG00000001217, ENSCHAG00000001249, ENSCHAG00000001576, ENSCHAG00000003500, ENSCHAG00000004711, ENSCHAG00000005408, ENSCHAG00000006655, ENSCHAG00000007917, ENSCHAG00000008000, ENSCHAG00000009573, ENSCHAG00000009593, ENSCHAG00000009841, ENSCHAG00000010108, ENSCHAG00000011503, ENSCHAG00000012653, ENSCHAG00000012664, ENSCHAG00000012776, ENSCHAG00000013260, ENSCHAG00000013538, ENSCHAG00000013742, ENSCHAG00000019366, ENSCHAG00000021706, ENSCHAG00000022113, ENSCHAG00000022120, ENSCHAG00000022129, ENSCHAG00000027469, ENSCHAG00000027494","zmp:0000000711, foxm1, gsx2, ENSCHAG00000001249, pdgfra, thrb, gpr22a, pde3a, ENSCHAG00000006655, PRKAR2B, pik3cg, fzd8a, ENSCHAG00000009593, grm8a, fnbp1l, depdc1a, si:dkey-225f5.4, nr1d1, rapgefl1, cd36, ENSCHAG00000013538, magi2a, EPHB3, scinla, dr1, GNG12, gadd45ab, rorca, fsd1","classic",1
"GO:0006888","endoplasmic reticulum to Golgi vesicle-mediated transport","BP",28,1,0.16,0.149395801701508,"ENSCHAG00000022133","sec16b","classic",1
"GO:0030595","leukocyte chemotaxis","BP",28,1,0.16,0.149395801701508,"ENSCHAG00000008000","pik3cg","classic",1
"GO:0048709","oligodendrocyte differentiation","BP",28,1,0.16,0.149395801701508,"ENSCHAG00000009573","fzd8a","classic",1
"GO:0097529",NA,"BP",28,1,0.16,0.149395801701508,"ENSCHAG00000008000","pik3cg","classic",1
"GO:1901879",NA,"BP",28,1,0.16,0.149395801701508,"ENSCHAG00000021706","scinla","classic",1
"GO:0006470","protein dephosphorylation","BP",120,2,0.69,0.151683062235524,"ENSCHAG00000015954, ENSCHAG00000023174","ENSCHAG00000015954, ptprfa","classic",1
"GO:0030837","negative regulation of actin filament polymerization","BP",29,1,0.17,0.154303274472196,"ENSCHAG00000021706","scinla","classic",1
"GO:0031333",NA,"BP",29,1,0.17,0.154303274472196,"ENSCHAG00000021706","scinla","classic",1
"GO:0032272",NA,"BP",29,1,0.17,0.154303274472196,"ENSCHAG00000021706","scinla","classic",1
"GO:0044772","mitotic cell cycle phase transition","BP",29,1,0.17,0.154303274472196,"ENSCHAG00000001076","foxm1","classic",1
"GO:1901607",NA,"BP",29,1,0.17,0.154303274472196,"ENSCHAG00000022196","glula","classic",1
"GO:0039019",NA,"BP",30,1,0.17,0.159182854269851,"ENSCHAG00000013742","magi2a","classic",1
"GO:0042445",NA,"BP",30,1,0.17,0.159182854269851,"ENSCHAG00000022110","RDH8","classic",1
"GO:0060326","cell chemotaxis","BP",30,1,0.17,0.159182854269851,"ENSCHAG00000008000","pik3cg","classic",1
"GO:0036211","protein modification process","BP",1222,10,7.03,0.160814586791679,"ENSCHAG00000001576, ENSCHAG00000003267, ENSCHAG00000003478, ENSCHAG00000003517, ENSCHAG00000003862, ENSCHAG00000007917, ENSCHAG00000015954, ENSCHAG00000019366, ENSCHAG00000023174, ENSCHAG00000025013","pdgfra, usp18, DYRK4, F13A1, ENSCHAG00000003862, PRKAR2B, ENSCHAG00000015954, EPHB3, ptprfa, usp46","classic",1
"GO:0050789",NA,"BP",4451,30,25.62,0.163719272502559,"ENSCHAG00000000936, ENSCHAG00000001076, ENSCHAG00000001217, ENSCHAG00000001249, ENSCHAG00000001285, ENSCHAG00000001576, ENSCHAG00000003500, ENSCHAG00000004711, ENSCHAG00000005408, ENSCHAG00000006655, ENSCHAG00000007917, ENSCHAG00000008000, ENSCHAG00000009573, ENSCHAG00000009593, ENSCHAG00000009841, ENSCHAG00000010108, ENSCHAG00000011503, ENSCHAG00000012653, ENSCHAG00000012664, ENSCHAG00000012776, ENSCHAG00000013260, ENSCHAG00000013538, ENSCHAG00000013742, ENSCHAG00000019366, ENSCHAG00000021706, ENSCHAG00000022113, ENSCHAG00000022120, ENSCHAG00000022129, ENSCHAG00000027469, ENSCHAG00000027494","zmp:0000000711, foxm1, gsx2, ENSCHAG00000001249, atp1b1a, pdgfra, thrb, gpr22a, pde3a, ENSCHAG00000006655, PRKAR2B, pik3cg, fzd8a, ENSCHAG00000009593, grm8a, fnbp1l, depdc1a, si:dkey-225f5.4, nr1d1, rapgefl1, cd36, ENSCHAG00000013538, magi2a, EPHB3, scinla, dr1, GNG12, gadd45ab, rorca, fsd1","classic",1
"GO:0006874","cellular calcium ion homeostasis","BP",31,1,0.18,0.164034697243231,"ENSCHAG00000021442","tmco1","classic",1
"GO:0007163","establishment or maintenance of cell polarity","BP",31,1,0.18,0.164034697243231,"ENSCHAG00000001285","atp1b1a","classic",1
"GO:0021515","cell differentiation in spinal cord","BP",31,1,0.18,0.164034697243231,"ENSCHAG00000009573","fzd8a","classic",1
"GO:0045930","negative regulation of mitotic cell cycle","BP",31,1,0.18,0.164034697243231,"ENSCHAG00000012653","si:dkey-225f5.4","classic",1
"GO:0048483",NA,"BP",32,1,0.18,0.168858958680329,"ENSCHAG00000012375","sema3c","classic",1
"GO:0072657",NA,"BP",32,1,0.18,0.168858958680329,"ENSCHAG00000003243","pex26","classic",1
"GO:0051604","protein maturation","BP",130,2,0.75,0.171948989848256,"ENSCHAG00000003517, ENSCHAG00000003862","F13A1, ENSCHAG00000003862","classic",1
"GO:0023052","signaling","BP",2495,18,14.36,0.173163610763663,"ENSCHAG00000000936, ENSCHAG00000001576, ENSCHAG00000004711, ENSCHAG00000005408, ENSCHAG00000008000, ENSCHAG00000009573, ENSCHAG00000009593, ENSCHAG00000009841, ENSCHAG00000010108, ENSCHAG00000011503, ENSCHAG00000012653, ENSCHAG00000012776, ENSCHAG00000013260, ENSCHAG00000013538, ENSCHAG00000013742, ENSCHAG00000019366, ENSCHAG00000022120, ENSCHAG00000027494","zmp:0000000711, pdgfra, gpr22a, pde3a, pik3cg, fzd8a, ENSCHAG00000009593, grm8a, fnbp1l, depdc1a, si:dkey-225f5.4, rapgefl1, cd36, ENSCHAG00000013538, magi2a, EPHB3, GNG12, fsd1","classic",1
"GO:0030042","actin filament depolymerization","BP",33,1,0.19,0.173655793013037,"ENSCHAG00000021706","scinla","classic",1
"GO:0045010","actin nucleation","BP",33,1,0.19,0.173655793013037,"ENSCHAG00000021706","scinla","classic",1
"GO:0000278","mitotic cell cycle","BP",131,2,0.75,0.174000734572865,"ENSCHAG00000001076, ENSCHAG00000012653","foxm1, si:dkey-225f5.4","classic",1
"GO:0007188","adenylate cyclase-modulating G protein-coupled receptor signaling pathway","BP",34,1,0.2,0.178425353821801,"ENSCHAG00000013538","ENSCHAG00000013538","classic",1
"GO:0048596","embryonic camera-type eye morphogenesis","BP",34,1,0.2,0.178425353821801,"ENSCHAG00000009573","fzd8a","classic",1
"GO:0051716",NA,"BP",2668,19,15.36,0.178445187191597,"ENSCHAG00000000936, ENSCHAG00000001576, ENSCHAG00000003415, ENSCHAG00000004711, ENSCHAG00000005408, ENSCHAG00000008000, ENSCHAG00000009573, ENSCHAG00000009593, ENSCHAG00000009841, ENSCHAG00000010108, ENSCHAG00000011503, ENSCHAG00000012653, ENSCHAG00000012776, ENSCHAG00000013260, ENSCHAG00000013538, ENSCHAG00000013742, ENSCHAG00000019366, ENSCHAG00000022120, ENSCHAG00000027494","zmp:0000000711, pdgfra, RAD51AP1, gpr22a, pde3a, pik3cg, fzd8a, ENSCHAG00000009593, grm8a, fnbp1l, depdc1a, si:dkey-225f5.4, rapgefl1, cd36, ENSCHAG00000013538, magi2a, EPHB3, GNG12, fsd1","classic",1
"GO:0008652",NA,"BP",35,1,0.2,0.183167793840233,"ENSCHAG00000022196","glula","classic",1
"GO:0043244",NA,"BP",35,1,0.2,0.183167793840233,"ENSCHAG00000021706","scinla","classic",1
"GO:0044281",NA,"BP",528,5,3.04,0.186946513951198,"ENSCHAG00000002578, ENSCHAG00000008180, ENSCHAG00000012097, ENSCHAG00000021596, ENSCHAG00000022196","gmpr, si:dkey-145c18.3, atp5mc1, pfas, glula","classic",1
"GO:0050900","leukocyte migration","BP",36,1,0.21,0.187883264959715,"ENSCHAG00000008000","pik3cg","classic",1
"GO:0051261",NA,"BP",36,1,0.21,0.187883264959715,"ENSCHAG00000021706","scinla","classic",1
"GO:1902600","proton transmembrane transport","BP",36,1,0.21,0.187883264959715,"ENSCHAG00000012097","atp5mc1","classic",1
"GO:0051603","proteolysis involved in protein catabolic process","BP",138,2,0.79,0.18847169711703,"ENSCHAG00000003267, ENSCHAG00000025013","usp18, usp46","classic",1
"GO:0042742","defense response to bacterium","BP",37,1,0.21,0.192571918233967,"ENSCHAG00000013260","cd36","classic",1
"GO:0048048","embryonic eye morphogenesis","BP",37,1,0.21,0.192571918233967,"ENSCHAG00000009573","fzd8a","classic",1
"GO:1902904",NA,"BP",37,1,0.21,0.192571918233967,"ENSCHAG00000021706","scinla","classic",1
"GO:0051494",NA,"BP",38,1,0.22,0.197233903883599,"ENSCHAG00000021706","scinla","classic",1
"GO:0007154","cell communication","BP",2550,18,14.68,0.199076692098931,"ENSCHAG00000000936, ENSCHAG00000001576, ENSCHAG00000004711, ENSCHAG00000005408, ENSCHAG00000008000, ENSCHAG00000009573, ENSCHAG00000009593, ENSCHAG00000009841, ENSCHAG00000010108, ENSCHAG00000011503, ENSCHAG00000012653, ENSCHAG00000012776, ENSCHAG00000013260, ENSCHAG00000013538, ENSCHAG00000013742, ENSCHAG00000019366, ENSCHAG00000022120, ENSCHAG00000027494","zmp:0000000711, pdgfra, gpr22a, pde3a, pik3cg, fzd8a, ENSCHAG00000009593, grm8a, fnbp1l, depdc1a, si:dkey-225f5.4, rapgefl1, cd36, ENSCHAG00000013538, magi2a, EPHB3, GNG12, fsd1","classic",1
"GO:0007156","homophilic cell adhesion via plasma membrane adhesion molecules","BP",144,2,0.83,0.201007170965302,"ENSCHAG00000009619, ENSCHAG00000009643","ENSCHAG00000009619, CDH20","classic",1
"GO:0043207",NA,"BP",144,2,0.83,0.201007170965302,"ENSCHAG00000003470, ENSCHAG00000013260","ly86, cd36","classic",1
"GO:0051707",NA,"BP",144,2,0.83,0.201007170965302,"ENSCHAG00000003470, ENSCHAG00000013260","ly86, cd36","classic",1
"GO:0031076","embryonic camera-type eye development","BP",39,1,0.22,0.201869371300629,"ENSCHAG00000009573","fzd8a","classic",1
"GO:0032835","glomerulus development","BP",39,1,0.22,0.201869371300629,"ENSCHAG00000013742","magi2a","classic",1
"GO:0009607",NA,"BP",145,2,0.83,0.2031065438165,"ENSCHAG00000003470, ENSCHAG00000013260","ly86, cd36","classic",1
"GO:0043412",NA,"BP",1290,10,7.42,0.203663404418117,"ENSCHAG00000001576, ENSCHAG00000003267, ENSCHAG00000003478, ENSCHAG00000003517, ENSCHAG00000003862, ENSCHAG00000007917, ENSCHAG00000015954, ENSCHAG00000019366, ENSCHAG00000023174, ENSCHAG00000025013","pdgfra, usp18, DYRK4, F13A1, ENSCHAG00000003862, PRKAR2B, ENSCHAG00000015954, EPHB3, ptprfa, usp46","classic",1
"GO:0006139","nucleobase-containing compound metabolic process","BP",2241,16,12.9,0.206163682448248,"ENSCHAG00000001076, ENSCHAG00000001217, ENSCHAG00000001249, ENSCHAG00000002578, ENSCHAG00000003415, ENSCHAG00000003500, ENSCHAG00000004743, ENSCHAG00000006655, ENSCHAG00000008180, ENSCHAG00000012097, ENSCHAG00000012664, ENSCHAG00000012759, ENSCHAG00000021529, ENSCHAG00000021596, ENSCHAG00000022113, ENSCHAG00000027469","foxm1, gsx2, ENSCHAG00000001249, gmpr, RAD51AP1, thrb, dus4l, ENSCHAG00000006655, si:dkey-145c18.3, atp5mc1, nr1d1, casc3, magoh, pfas, dr1, rorca","classic",1
"GO:0051650",NA,"BP",40,1,0.23,0.206478469052987,"ENSCHAG00000022133","sec16b","classic",1
"GO:0007492","endoderm development","BP",41,1,0.24,0.211061344888988,"ENSCHAG00000000664","rasl11b","classic",1
"GO:0007623","circadian rhythm","BP",41,1,0.24,0.211061344888988,"ENSCHAG00000012664","nr1d1","classic",1
"GO:0021510","spinal cord development","BP",41,1,0.24,0.211061344888988,"ENSCHAG00000009573","fzd8a","classic",1
"GO:0055074","calcium ion homeostasis","BP",41,1,0.24,0.211061344888988,"ENSCHAG00000021442","tmco1","classic",1
"GO:0051648",NA,"BP",42,1,0.24,0.215618145741784,"ENSCHAG00000022133","sec16b","classic",1
"GO:0051668",NA,"BP",42,1,0.24,0.215618145741784,"ENSCHAG00000003243","pex26","classic",1
"GO:0098742",NA,"BP",151,2,0.87,0.215754545365396,"ENSCHAG00000009619, ENSCHAG00000009643","ENSCHAG00000009619, CDH20","classic",1
"GO:0007169","transmembrane receptor protein tyrosine kinase signaling pathway","BP",153,2,0.88,0.219987982856138,"ENSCHAG00000001576, ENSCHAG00000019366","pdgfra, EPHB3","classic",1
"GO:0044419",NA,"BP",153,2,0.88,0.219987982856138,"ENSCHAG00000003470, ENSCHAG00000013260","ly86, cd36","classic",1
"GO:0006661","phosphatidylinositol biosynthetic process","BP",43,1,0.25,0.220149017733792,"ENSCHAG00000008000","pik3cg","classic",1
"GO:0030833","regulation of actin filament polymerization","BP",43,1,0.25,0.220149017733792,"ENSCHAG00000021706","scinla","classic",1
"GO:0032271",NA,"BP",43,1,0.25,0.220149017733792,"ENSCHAG00000021706","scinla","classic",1
"GO:0048511",NA,"BP",43,1,0.25,0.220149017733792,"ENSCHAG00000012664","nr1d1","classic",1
"GO:0016311","dephosphorylation","BP",154,2,0.89,0.22210755403159,"ENSCHAG00000015954, ENSCHAG00000023174","ENSCHAG00000015954, ptprfa","classic",1
"GO:0001932","regulation of protein phosphorylation","BP",44,1,0.25,0.224654106181096,"ENSCHAG00000007917","PRKAR2B","classic",1
"GO:0043254",NA,"BP",44,1,0.25,0.224654106181096,"ENSCHAG00000021706","scinla","classic",1
"GO:0008202","steroid metabolic process","BP",45,1,0.26,0.22913355559783,"ENSCHAG00000022110","RDH8","classic",1
"GO:0007005","mitochondrion organization","BP",46,1,0.26,0.233587509700534,"ENSCHAG00000025006","spata18","classic",1
"GO:0008064",NA,"BP",47,1,0.27,0.238016111412484,"ENSCHAG00000021706","scinla","classic",1
"GO:0010817",NA,"BP",47,1,0.27,0.238016111412484,"ENSCHAG00000022110","RDH8","classic",1
"GO:0030832",NA,"BP",47,1,0.27,0.238016111412484,"ENSCHAG00000021706","scinla","classic",1
"GO:0070121","Kupffer's vesicle development","BP",47,1,0.27,0.238016111412484,"ENSCHAG00000004711","gpr22a","classic",1
"GO:0006814","sodium ion transport","BP",48,1,0.28,0.24241950286801,"ENSCHAG00000001285","atp1b1a","classic",1
"GO:0006936","muscle contraction","BP",49,1,0.28,0.246797825416775,"ENSCHAG00000016765","lsp1a","classic",1
"GO:0010001","glial cell differentiation","BP",49,1,0.28,0.246797825416775,"ENSCHAG00000009573","fzd8a","classic",1
"GO:0030041","actin filament polymerization","BP",49,1,0.28,0.246797825416775,"ENSCHAG00000021706","scinla","classic",1
"GO:0035556","intracellular signal transduction","BP",589,5,3.39,0.250577455772928,"ENSCHAG00000000936, ENSCHAG00000008000, ENSCHAG00000011503, ENSCHAG00000012653, ENSCHAG00000012776","zmp:0000000711, pik3cg, depdc1a, si:dkey-225f5.4, rapgefl1","classic",1
"GO:0042325","regulation of phosphorylation","BP",50,1,0.29,0.251151219628049,"ENSCHAG00000007917","PRKAR2B","classic",1
"GO:0098662",NA,"BP",168,2,0.97,0.251929309590598,"ENSCHAG00000012097, ENSCHAG00000021442","atp5mc1, tmco1","classic",1
"GO:0072006",NA,"BP",51,1,0.29,0.255479825294939,"ENSCHAG00000013742","magi2a","classic",1
"GO:0010639",NA,"BP",52,1,0.3,0.259783781438617,"ENSCHAG00000021706","scinla","classic",1
"GO:0019362",NA,"BP",52,1,0.3,0.259783781438617,"ENSCHAG00000008180","si:dkey-145c18.3","classic",1
"GO:0042063","gliogenesis","BP",52,1,0.3,0.259783781438617,"ENSCHAG00000009573","fzd8a","classic",1
"GO:0046474",NA,"BP",52,1,0.3,0.259783781438617,"ENSCHAG00000008000","pik3cg","classic",1
"GO:0046496",NA,"BP",52,1,0.3,0.259783781438617,"ENSCHAG00000008180","si:dkey-145c18.3","classic",1
"GO:0006396","RNA processing","BP",309,3,1.78,0.262602708631779,"ENSCHAG00000004743, ENSCHAG00000012759, ENSCHAG00000021529","dus4l, casc3, magoh","classic",1
"GO:0009605",NA,"BP",310,3,1.78,0.264162473975114,"ENSCHAG00000003470, ENSCHAG00000008000, ENSCHAG00000013260","ly86, pik3cg, cd36","classic",1
"GO:0008610","lipid biosynthetic process","BP",175,2,1.01,0.266899498570515,"ENSCHAG00000008000, ENSCHAG00000022110","pik3cg, RDH8","classic",1
"GO:0003012",NA,"BP",54,1,0.31,0.268318297406498,"ENSCHAG00000016765","lsp1a","classic",1
"GO:0006873",NA,"BP",54,1,0.31,0.268318297406498,"ENSCHAG00000021442","tmco1","classic",1
"GO:0006887","exocytosis","BP",54,1,0.31,0.268318297406498,"ENSCHAG00000015924","SYT8","classic",1
"GO:0030003",NA,"BP",54,1,0.31,0.268318297406498,"ENSCHAG00000021442","tmco1","classic",1
"GO:0032984",NA,"BP",54,1,0.31,0.268318297406498,"ENSCHAG00000021706","scinla","classic",1
"GO:0072594",NA,"BP",54,1,0.31,0.268318297406498,"ENSCHAG00000003243","pex26","classic",1
"GO:0042221",NA,"BP",313,3,1.8,0.268849208039884,"ENSCHAG00000008000, ENSCHAG00000013260, ENSCHAG00000025006","pik3cg, cd36, spata18","classic",1
"GO:0008033","tRNA processing","BP",55,1,0.32,0.27254913145101,"ENSCHAG00000004743","dus4l","classic",1
"GO:0030239","myofibril assembly","BP",55,1,0.32,0.27254913145101,"ENSCHAG00000016547","tnni2a.4","classic",1
"GO:0031399",NA,"BP",55,1,0.32,0.27254913145101,"ENSCHAG00000007917","PRKAR2B","classic",1
"GO:0046034","ATP metabolic process","BP",55,1,0.32,0.27254913145101,"ENSCHAG00000012097","atp5mc1","classic",1
"GO:0170033",NA,"BP",55,1,0.32,0.27254913145101,"ENSCHAG00000022196","glula","classic",1
"GO:0006952","defense response","BP",178,2,1.02,0.273318220257085,"ENSCHAG00000003470, ENSCHAG00000013260","ly86, cd36","classic",1
"GO:0070647",NA,"BP",179,2,1.03,0.275457661221177,"ENSCHAG00000003267, ENSCHAG00000025013","usp18, usp46","classic",1
"GO:0046907","intracellular transport","BP",318,3,1.83,0.27668329787,"ENSCHAG00000003243, ENSCHAG00000004827, ENSCHAG00000022133","pex26, bcap29, sec16b","classic",1
"GO:0019220",NA,"BP",56,1,0.32,0.276755864421214,"ENSCHAG00000007917","PRKAR2B","classic",1
"GO:0045017",NA,"BP",56,1,0.32,0.276755864421214,"ENSCHAG00000008000","pik3cg","classic",1
"GO:0051174",NA,"BP",56,1,0.32,0.276755864421214,"ENSCHAG00000007917","PRKAR2B","classic",1
"GO:0072524",NA,"BP",56,1,0.32,0.276755864421214,"ENSCHAG00000008180","si:dkey-145c18.3","classic",1
"GO:0043687",NA,"BP",180,2,1.04,0.277596920773272,"ENSCHAG00000003267, ENSCHAG00000025013","usp18, usp46","classic",1
"GO:0098655","cation transmembrane transport","BP",180,2,1.04,0.277596920773272,"ENSCHAG00000012097, ENSCHAG00000021442","atp5mc1, tmco1","classic",1
"GO:0098660",NA,"BP",180,2,1.04,0.277596920773272,"ENSCHAG00000012097, ENSCHAG00000021442","atp5mc1, tmco1","classic",1
"GO:0010927",NA,"BP",57,1,0.33,0.280938631541092,"ENSCHAG00000016547","tnni2a.4","classic",1
"GO:0032989",NA,"BP",57,1,0.33,0.280938631541092,"ENSCHAG00000016547","tnni2a.4","classic",1
"GO:0060070","canonical Wnt signaling pathway","BP",57,1,0.33,0.280938631541092,"ENSCHAG00000009573","fzd8a","classic",1
"GO:0032774",NA,"BP",1559,11,8.97,0.281127856268769,"ENSCHAG00000001076, ENSCHAG00000001217, ENSCHAG00000001249, ENSCHAG00000003500, ENSCHAG00000004743, ENSCHAG00000006655, ENSCHAG00000012664, ENSCHAG00000012759, ENSCHAG00000021529, ENSCHAG00000022113, ENSCHAG00000027469","foxm1, gsx2, ENSCHAG00000001249, thrb, dus4l, ENSCHAG00000006655, nr1d1, casc3, magoh, dr1, rorca","classic",1
"GO:0006974","cellular response to DNA damage stimulus","BP",183,2,1.05,0.284012936669991,"ENSCHAG00000000936, ENSCHAG00000003415","zmp:0000000711, RAD51AP1","classic",1
"GO:0007346","regulation of mitotic cell cycle","BP",58,1,0.33,0.28509756728753,"ENSCHAG00000012653","si:dkey-225f5.4","classic",1
"GO:0141187",NA,"BP",1570,11,9.04,0.289079925434703,"ENSCHAG00000001076, ENSCHAG00000001217, ENSCHAG00000001249, ENSCHAG00000003500, ENSCHAG00000004743, ENSCHAG00000006655, ENSCHAG00000012664, ENSCHAG00000012759, ENSCHAG00000021529, ENSCHAG00000022113, ENSCHAG00000027469","foxm1, gsx2, ENSCHAG00000001249, thrb, dus4l, ENSCHAG00000006655, nr1d1, casc3, magoh, dr1, rorca","classic",1
"GO:0051129",NA,"BP",59,1,0.34,0.289232805394388,"ENSCHAG00000021706","scinla","classic",1
"GO:0003002",NA,"BP",326,3,1.88,0.289268545088954,"ENSCHAG00000004711, ENSCHAG00000009573, ENSCHAG00000021706","gpr22a, fzd8a, scinla","classic",1
"GO:0022411",NA,"BP",60,1,0.35,0.293344478856534,"ENSCHAG00000021706","scinla","classic",1
"GO:0006886","intracellular protein transport","BP",188,2,1.08,0.294696487872182,"ENSCHAG00000003243, ENSCHAG00000004827","pex26, bcap29","classic",1
"GO:0009617","response to bacterium","BP",61,1,0.35,0.297432719933869,"ENSCHAG00000013260","cd36","classic",1
"GO:0051258","protein polymerization","BP",61,1,0.35,0.297432719933869,"ENSCHAG00000021706","scinla","classic",1
"GO:0007389","pattern specification process","BP",333,3,1.92,0.300321060978027,"ENSCHAG00000004711, ENSCHAG00000009573, ENSCHAG00000021706","gpr22a, fzd8a, scinla","classic",1
"GO:0008544","epidermis development","BP",62,1,0.36,0.301497660155322,"ENSCHAG00000001285","atp1b1a","classic",1
"GO:0110053",NA,"BP",62,1,0.36,0.301497660155322,"ENSCHAG00000021706","scinla","classic",1
"GO:0170039",NA,"BP",62,1,0.36,0.301497660155322,"ENSCHAG00000022196","glula","classic",1
"GO:0009144",NA,"BP",63,1,0.36,0.305539430322832,"ENSCHAG00000012097","atp5mc1","classic",1
"GO:0009205",NA,"BP",63,1,0.36,0.305539430322832,"ENSCHAG00000012097","atp5mc1","classic",1
"GO:0006996","organelle organization","BP",794,6,4.57,0.306056770533134,"ENSCHAG00000003243, ENSCHAG00000016547, ENSCHAG00000021706, ENSCHAG00000022133, ENSCHAG00000025006, ENSCHAG00000027494","pex26, tnni2a.4, scinla, sec16b, spata18, fsd1","classic",1
"GO:0007626","locomotory behavior","BP",64,1,0.37,0.309558160515298,"ENSCHAG00000012664","nr1d1","classic",1
"GO:0048565","digestive tract development","BP",64,1,0.37,0.309558160515298,"ENSCHAG00000004711","gpr22a","classic",1
"GO:0055082",NA,"BP",64,1,0.37,0.309558160515298,"ENSCHAG00000021442","tmco1","classic",1
"GO:0009199",NA,"BP",65,1,0.37,0.313553980092517,"ENSCHAG00000012097","atp5mc1","classic",1
"GO:0006897","endocytosis","BP",66,1,0.38,0.3175270176991,"ENSCHAG00000010108","fnbp1l","classic",1
"GO:0051656",NA,"BP",66,1,0.38,0.3175270176991,"ENSCHAG00000022133","sec16b","classic",1
"GO:1902903",NA,"BP",66,1,0.38,0.3175270176991,"ENSCHAG00000021706","scinla","classic",1
"GO:0008654","phospholipid biosynthetic process","BP",67,1,0.39,0.321477401268358,"ENSCHAG00000008000","pik3cg","classic",1
"GO:0009141",NA,"BP",67,1,0.39,0.321477401268358,"ENSCHAG00000012097","atp5mc1","classic",1
"GO:0045087","innate immune response","BP",67,1,0.39,0.321477401268358,"ENSCHAG00000003470","ly86","classic",1
"GO:0098657",NA,"BP",67,1,0.39,0.321477401268358,"ENSCHAG00000010108","fnbp1l","classic",1
"GO:0140546",NA,"BP",67,1,0.39,0.321477401268358,"ENSCHAG00000003470","ly86","classic",1
"GO:0009719",NA,"BP",203,2,1.17,0.326603184800535,"ENSCHAG00000013260, ENSCHAG00000025006","cd36, spata18","classic",1
"GO:0061061","muscle structure development","BP",204,2,1.17,0.328719425316732,"ENSCHAG00000016547, ENSCHAG00000024997","tnni2a.4, sgcb","classic",1
"GO:0033365",NA,"BP",69,1,0.4,0.329310714494877,"ENSCHAG00000003243","pex26","classic",1
"GO:0007166","cell surface receptor signaling pathway","BP",662,5,3.81,0.332832133528373,"ENSCHAG00000001576, ENSCHAG00000009573, ENSCHAG00000013260, ENSCHAG00000019366, ENSCHAG00000027494","pdgfra, fzd8a, cd36, EPHB3, fsd1","classic",1
"GO:0098609","cell-cell adhesion","BP",206,2,1.19,0.332946870830337,"ENSCHAG00000009619, ENSCHAG00000009643","ENSCHAG00000009619, CDH20","classic",1
"GO:0008154","actin polymerization or depolymerization","BP",70,1,0.4,0.333193896497024,"ENSCHAG00000021706","scinla","classic",1
"GO:1901605",NA,"BP",70,1,0.4,0.333193896497024,"ENSCHAG00000022196","glula","classic",1
"GO:0006355","regulation of DNA-templated transcription","BP",1142,8,6.57,0.334216787770486,"ENSCHAG00000001076, ENSCHAG00000001217, ENSCHAG00000001249, ENSCHAG00000003500, ENSCHAG00000006655, ENSCHAG00000012664, ENSCHAG00000022113, ENSCHAG00000027469","foxm1, gsx2, ENSCHAG00000001249, thrb, ENSCHAG00000006655, nr1d1, dr1, rorca","classic",1
"GO:2001141",NA,"BP",1143,8,6.58,0.33510562809163,"ENSCHAG00000001076, ENSCHAG00000001217, ENSCHAG00000001249, ENSCHAG00000003500, ENSCHAG00000006655, ENSCHAG00000012664, ENSCHAG00000022113, ENSCHAG00000027469","foxm1, gsx2, ENSCHAG00000001249, thrb, ENSCHAG00000006655, nr1d1, dr1, rorca","classic",1
"GO:0021953","central nervous system neuron differentiation","BP",71,1,0.41,0.337054929159258,"ENSCHAG00000009573","fzd8a","classic",1
"GO:0007219","Notch signaling pathway","BP",72,1,0.41,0.340893936916071,"ENSCHAG00000027494","fsd1","classic",1
"GO:0098771",NA,"BP",72,1,0.41,0.340893936916071,"ENSCHAG00000021442","tmco1","classic",1
"GO:0031032","actomyosin structure organization","BP",73,1,0.42,0.344711043513583,"ENSCHAG00000016547","tnni2a.4","classic",1
"GO:0006810",NA,"BP",1810,12,10.42,0.344962819139971,"ENSCHAG00000000822, ENSCHAG00000001285, ENSCHAG00000001310, ENSCHAG00000003243, ENSCHAG00000003909, ENSCHAG00000004827, ENSCHAG00000004880, ENSCHAG00000010108, ENSCHAG00000012097, ENSCHAG00000015924, ENSCHAG00000021442, ENSCHAG00000022133","scfd2, atp1b1a, si:ch73-352p4.8, pex26, COG5, bcap29, slco1c1, fnbp1l, atp5mc1, SYT8, tmco1, sec16b","classic",1
"GO:0032956","regulation of actin cytoskeleton organization","BP",74,1,0.43,0.348506372013289,"ENSCHAG00000021706","scinla","classic",1
"GO:0032970",NA,"BP",74,1,0.43,0.348506372013289,"ENSCHAG00000021706","scinla","classic",1
"GO:0080090",NA,"BP",1326,9,7.63,0.352650786675765,"ENSCHAG00000001076, ENSCHAG00000001217, ENSCHAG00000001249, ENSCHAG00000003500, ENSCHAG00000006655, ENSCHAG00000007917, ENSCHAG00000012664, ENSCHAG00000022113, ENSCHAG00000027469","foxm1, gsx2, ENSCHAG00000001249, thrb, ENSCHAG00000006655, PRKAR2B, nr1d1, dr1, rorca","classic",1
"GO:0002244","hematopoietic progenitor cell differentiation","BP",76,1,0.44,0.356032183564474,"ENSCHAG00000027494","fsd1","classic",1
"GO:0045165","cell fate commitment","BP",76,1,0.44,0.356032183564474,"ENSCHAG00000009573","fzd8a","classic",1
"GO:0046394",NA,"BP",76,1,0.44,0.356032183564474,"ENSCHAG00000022196","glula","classic",1
"GO:0016070","RNA metabolic process","BP",1661,11,9.56,0.357240784738848,"ENSCHAG00000001076, ENSCHAG00000001217, ENSCHAG00000001249, ENSCHAG00000003500, ENSCHAG00000004743, ENSCHAG00000006655, ENSCHAG00000012664, ENSCHAG00000012759, ENSCHAG00000021529, ENSCHAG00000022113, ENSCHAG00000027469","foxm1, gsx2, ENSCHAG00000001249, thrb, dus4l, ENSCHAG00000006655, nr1d1, casc3, magoh, dr1, rorca","classic",1
"GO:0006935","chemotaxis","BP",77,1,0.44,0.359762909349271,"ENSCHAG00000008000","pik3cg","classic",1
"GO:0016053",NA,"BP",77,1,0.44,0.359762909349271,"ENSCHAG00000022196","glula","classic",1
"GO:0042330",NA,"BP",77,1,0.44,0.359762909349271,"ENSCHAG00000008000","pik3cg","classic",1
"GO:0097435","supramolecular fiber organization","BP",222,2,1.28,0.366480989821928,"ENSCHAG00000016547, ENSCHAG00000021706","tnni2a.4, scinla","classic",1
"GO:0051640",NA,"BP",79,1,0.45,0.367160602741319,"ENSCHAG00000022133","sec16b","classic",1
"GO:0051252",NA,"BP",1179,8,6.79,0.367365023683783,"ENSCHAG00000001076, ENSCHAG00000001217, ENSCHAG00000001249, ENSCHAG00000003500, ENSCHAG00000006655, ENSCHAG00000012664, ENSCHAG00000022113, ENSCHAG00000027469","foxm1, gsx2, ENSCHAG00000001249, thrb, ENSCHAG00000006655, nr1d1, dr1, rorca","classic",1
"GO:0051649","establishment of localization in cell","BP",377,3,2.17,0.370029133245729,"ENSCHAG00000003243, ENSCHAG00000004827, ENSCHAG00000022133","pex26, bcap29, sec16b","classic",1
"GO:0051234",NA,"BP",1845,12,10.62,0.370765989936861,"ENSCHAG00000000822, ENSCHAG00000001285, ENSCHAG00000001310, ENSCHAG00000003243, ENSCHAG00000003909, ENSCHAG00000004827, ENSCHAG00000004880, ENSCHAG00000010108, ENSCHAG00000012097, ENSCHAG00000015924, ENSCHAG00000021442, ENSCHAG00000022133","scfd2, atp1b1a, si:ch73-352p4.8, pex26, COG5, bcap29, slco1c1, fnbp1l, atp5mc1, SYT8, tmco1, sec16b","classic",1
"GO:0009953","dorsal/ventral pattern formation","BP",80,1,0.46,0.370827809073816,"ENSCHAG00000021706","scinla","classic",1
"GO:0010467","gene expression","BP",2027,13,11.67,0.381592814727468,"ENSCHAG00000001076, ENSCHAG00000001217, ENSCHAG00000001249, ENSCHAG00000003500, ENSCHAG00000003517, ENSCHAG00000003862, ENSCHAG00000004743, ENSCHAG00000006655, ENSCHAG00000012664, ENSCHAG00000012759, ENSCHAG00000021529, ENSCHAG00000022113, ENSCHAG00000027469","foxm1, gsx2, ENSCHAG00000001249, thrb, F13A1, ENSCHAG00000003862, dus4l, ENSCHAG00000006655, nr1d1, casc3, magoh, dr1, rorca","classic",1
"GO:0009314",NA,"BP",83,1,0.48,0.381704285130801,"ENSCHAG00000000936","zmp:0000000711","classic",1
"GO:0046488","phosphatidylinositol metabolic process","BP",83,1,0.48,0.381704285130801,"ENSCHAG00000008000","pik3cg","classic",1
"GO:0055080",NA,"BP",83,1,0.48,0.381704285130801,"ENSCHAG00000021442","tmco1","classic",1
"GO:0019219",NA,"BP",1196,8,6.88,0.382734639896499,"ENSCHAG00000001076, ENSCHAG00000001217, ENSCHAG00000001249, ENSCHAG00000003500, ENSCHAG00000006655, ENSCHAG00000012664, ENSCHAG00000022113, ENSCHAG00000027469","foxm1, gsx2, ENSCHAG00000001249, thrb, ENSCHAG00000006655, nr1d1, dr1, rorca","classic",1
"GO:0044238",NA,"BP",5095,31,29.32,0.384117105917143,"ENSCHAG00000000436, ENSCHAG00000001076, ENSCHAG00000001217, ENSCHAG00000001249, ENSCHAG00000001576, ENSCHAG00000002578, ENSCHAG00000003267, ENSCHAG00000003415, ENSCHAG00000003478, ENSCHAG00000003500, ENSCHAG00000003517, ENSCHAG00000003862, ENSCHAG00000004743, ENSCHAG00000006655, ENSCHAG00000007917, ENSCHAG00000008000, ENSCHAG00000008180, ENSCHAG00000012097, ENSCHAG00000012664, ENSCHAG00000012759, ENSCHAG00000015954, ENSCHAG00000019366, ENSCHAG00000021529, ENSCHAG00000021596, ENSCHAG00000022110, ENSCHAG00000022113, ENSCHAG00000022196, ENSCHAG00000023174, ENSCHAG00000025006, ENSCHAG00000025013, ENSCHAG00000027469","cpox, foxm1, gsx2, ENSCHAG00000001249, pdgfra, gmpr, usp18, RAD51AP1, DYRK4, thrb, F13A1, ENSCHAG00000003862, dus4l, ENSCHAG00000006655, PRKAR2B, pik3cg, si:dkey-145c18.3, atp5mc1, nr1d1, casc3, ENSCHAG00000015954, EPHB3, magoh, pfas, RDH8, dr1, glula, ptprfa, spata18, usp46, rorca","classic",1
"GO:0001947","heart looping","BP",84,1,0.48,0.385288453057452,"ENSCHAG00000004711","gpr22a","classic",1
"GO:0030900","forebrain development","BP",85,1,0.49,0.388852152429708,"ENSCHAG00000009573","fzd8a","classic",1
"GO:0032535",NA,"BP",85,1,0.49,0.388852152429708,"ENSCHAG00000021706","scinla","classic",1
"GO:0044087",NA,"BP",85,1,0.49,0.388852152429708,"ENSCHAG00000021706","scinla","classic",1
"GO:0048793","pronephros development","BP",85,1,0.49,0.388852152429708,"ENSCHAG00000013742","magi2a","classic",1
"GO:0009059",NA,"BP",2207,14,12.7,0.390079831026563,"ENSCHAG00000000436, ENSCHAG00000001076, ENSCHAG00000001217, ENSCHAG00000001249, ENSCHAG00000003500, ENSCHAG00000003517, ENSCHAG00000003862, ENSCHAG00000004743, ENSCHAG00000006655, ENSCHAG00000012664, ENSCHAG00000012759, ENSCHAG00000021529, ENSCHAG00000022113, ENSCHAG00000027469","cpox, foxm1, gsx2, ENSCHAG00000001249, thrb, F13A1, ENSCHAG00000003862, dus4l, ENSCHAG00000006655, nr1d1, casc3, magoh, dr1, rorca","classic",1
"GO:0070588","calcium ion transmembrane transport","BP",86,1,0.49,0.392395498378757,"ENSCHAG00000021442","tmco1","classic",1
"GO:1901137","carbohydrate derivative biosynthetic process","BP",239,2,1.38,0.401414777648516,"ENSCHAG00000012097, ENSCHAG00000021596","atp5mc1, pfas","classic",1
"GO:0032940",NA,"BP",89,1,0.51,0.40290455745421,"ENSCHAG00000015924","SYT8","classic",1
"GO:0051179",NA,"BP",1889,12,10.87,0.403640825483336,"ENSCHAG00000000822, ENSCHAG00000001285, ENSCHAG00000001310, ENSCHAG00000003243, ENSCHAG00000003909, ENSCHAG00000004827, ENSCHAG00000004880, ENSCHAG00000010108, ENSCHAG00000012097, ENSCHAG00000015924, ENSCHAG00000021442, ENSCHAG00000022133","scfd2, atp1b1a, si:ch73-352p4.8, pex26, COG5, bcap29, slco1c1, fnbp1l, atp5mc1, SYT8, tmco1, sec16b","classic",1
"GO:0002376","immune system process","BP",400,3,2.3,0.406143640090508,"ENSCHAG00000003470, ENSCHAG00000008000, ENSCHAG00000013260","ly86, pik3cg, cd36","classic",1
"GO:0050801","ion homeostasis","BP",90,1,0.52,0.406367628320775,"ENSCHAG00000021442","tmco1","classic",1
"GO:0060255",NA,"BP",1392,9,8.01,0.408955511061721,"ENSCHAG00000001076, ENSCHAG00000001217, ENSCHAG00000001249, ENSCHAG00000003500, ENSCHAG00000006655, ENSCHAG00000007917, ENSCHAG00000012664, ENSCHAG00000022113, ENSCHAG00000027469","foxm1, gsx2, ENSCHAG00000001249, thrb, ENSCHAG00000006655, PRKAR2B, nr1d1, dr1, rorca","classic",1
"GO:0019725","cellular homeostasis","BP",91,1,0.52,0.409810911924144,"ENSCHAG00000021442","tmco1","classic",1
"GO:0055123","digestive system development","BP",91,1,0.52,0.409810911924144,"ENSCHAG00000004711","gpr22a","classic",1
"GO:0061024",NA,"BP",91,1,0.52,0.409810911924144,"ENSCHAG00000022133","sec16b","classic",1
"GO:0140352",NA,"BP",91,1,0.52,0.409810911924144,"ENSCHAG00000015924","SYT8","classic",1
"GO:0033554",NA,"BP",244,2,1.4,0.411526758202524,"ENSCHAG00000000936, ENSCHAG00000003415","zmp:0000000711, RAD51AP1","classic",1
"GO:0006955","immune response","BP",246,2,1.42,0.415549021619958,"ENSCHAG00000003470, ENSCHAG00000013260","ly86, cd36","classic",1
"GO:0007167",NA,"BP",246,2,1.42,0.415549021619958,"ENSCHAG00000001576, ENSCHAG00000019366","pdgfra, EPHB3","classic",1
"GO:0048523",NA,"BP",570,4,3.28,0.417069444768642,"ENSCHAG00000000936, ENSCHAG00000012653, ENSCHAG00000021706, ENSCHAG00000022113","zmp:0000000711, si:dkey-225f5.4, scinla, dr1","classic",1
"GO:0070925","organelle assembly","BP",248,2,1.43,0.419558055723734,"ENSCHAG00000016547, ENSCHAG00000027494","tnni2a.4, fsd1","classic",1
"GO:0003143","embryonic heart tube morphogenesis","BP",94,1,0.54,0.420023149641876,"ENSCHAG00000004711","gpr22a","classic",1
"GO:0006399",NA,"BP",94,1,0.54,0.420023149641876,"ENSCHAG00000004743","dus4l","classic",1
"GO:0045892","negative regulation of DNA-templated transcription","BP",94,1,0.54,0.420023149641876,"ENSCHAG00000022113","dr1","classic",1
"GO:1902679",NA,"BP",94,1,0.54,0.420023149641876,"ENSCHAG00000022113","dr1","classic",1
"GO:0030036","actin cytoskeleton organization","BP",249,2,1.43,0.421557540395361,"ENSCHAG00000016547, ENSCHAG00000021706","tnni2a.4, scinla","classic",1
"GO:0051253",NA,"BP",95,1,0.55,0.423388391607234,"ENSCHAG00000022113","dr1","classic",1
"GO:0001889","liver development","BP",96,1,0.55,0.426734396956473,"ENSCHAG00000004711","gpr22a","classic",1
"GO:0055002","striated muscle cell development","BP",96,1,0.55,0.426734396956473,"ENSCHAG00000016547","tnni2a.4","classic",1
"GO:0030029",NA,"BP",253,2,1.46,0.429521285864719,"ENSCHAG00000016547, ENSCHAG00000021706","tnni2a.4, scinla","classic",1
"GO:0006650",NA,"BP",97,1,0.56,0.430061273994491,"ENSCHAG00000008000","pik3cg","classic",1
"GO:0051493","regulation of cytoskeleton organization","BP",97,1,0.56,0.430061273994491,"ENSCHAG00000021706","scinla","classic",1
"GO:0061008","hepaticobiliary system development","BP",97,1,0.56,0.430061273994491,"ENSCHAG00000004711","gpr22a","classic",1
"GO:0140694",NA,"BP",98,1,0.56,0.433369130425743,"ENSCHAG00000016547","tnni2a.4","classic",1
"GO:0006351","DNA-templated transcription","BP",1253,8,7.21,0.434524570703483,"ENSCHAG00000001076, ENSCHAG00000001217, ENSCHAG00000001249, ENSCHAG00000003500, ENSCHAG00000006655, ENSCHAG00000012664, ENSCHAG00000022113, ENSCHAG00000027469","foxm1, gsx2, ENSCHAG00000001249, thrb, ENSCHAG00000006655, nr1d1, dr1, rorca","classic",1
"GO:0045934",NA,"BP",99,1,0.57,0.436658073357517,"ENSCHAG00000022113","dr1","classic",1
"GO:0008380","RNA splicing","BP",100,1,0.58,0.439928209303198,"ENSCHAG00000021529","magoh","classic",1
"GO:0015031","protein transport","BP",263,2,1.51,0.449182246508509,"ENSCHAG00000003243, ENSCHAG00000004827","pex26, bcap29","classic",1
"GO:0046486",NA,"BP",103,1,0.59,0.449626831516872,"ENSCHAG00000008000","pik3cg","classic",1
"GO:0051246",NA,"BP",103,1,0.59,0.449626831516872,"ENSCHAG00000007917","PRKAR2B","classic",1
"GO:0000902","cell morphogenesis","BP",265,2,1.53,0.45307030801992,"ENSCHAG00000023174, ENSCHAG00000023473","ptprfa, fryl","classic",1
"GO:0048562","embryonic organ morphogenesis","BP",266,2,1.53,0.455008675891223,"ENSCHAG00000004711, ENSCHAG00000009573","gpr22a, fzd8a","classic",1
"GO:0055001","muscle cell development","BP",106,1,0.61,0.4591599689999,"ENSCHAG00000016547","tnni2a.4","classic",1
"GO:0001654","eye development","BP",269,2,1.55,0.460800875124338,"ENSCHAG00000009573, ENSCHAG00000021706","fzd8a, scinla","classic",1
"GO:0150063",NA,"BP",269,2,1.55,0.460800875124338,"ENSCHAG00000009573, ENSCHAG00000021706","fzd8a, scinla","classic",1
"GO:0046903",NA,"BP",107,1,0.62,0.46230138920597,"ENSCHAG00000015924","SYT8","classic",1
"GO:0019222","regulation of metabolic process","BP",1458,9,8.39,0.465597617924458,"ENSCHAG00000001076, ENSCHAG00000001217, ENSCHAG00000001249, ENSCHAG00000003500, ENSCHAG00000006655, ENSCHAG00000007917, ENSCHAG00000012664, ENSCHAG00000022113, ENSCHAG00000027469","foxm1, gsx2, ENSCHAG00000001249, thrb, ENSCHAG00000006655, PRKAR2B, nr1d1, dr1, rorca","classic",1
"GO:0034220","ion transmembrane transport","BP",274,2,1.58,0.470376986955406,"ENSCHAG00000012097, ENSCHAG00000021442","atp5mc1, tmco1","classic",1
"GO:0006816","calcium ion transport","BP",111,1,0.64,0.474688321599982,"ENSCHAG00000021442","tmco1","classic",1
"GO:0048519",NA,"BP",616,4,3.55,0.476615925621632,"ENSCHAG00000000936, ENSCHAG00000012653, ENSCHAG00000021706, ENSCHAG00000022113","zmp:0000000711, si:dkey-225f5.4, scinla, dr1","classic",1
"GO:0045184",NA,"BP",278,2,1.6,0.477966712282559,"ENSCHAG00000003243, ENSCHAG00000004827","pex26, bcap29","classic",1
"GO:0010468","regulation of gene expression","BP",1303,8,7.5,0.479760268142663,"ENSCHAG00000001076, ENSCHAG00000001217, ENSCHAG00000001249, ENSCHAG00000003500, ENSCHAG00000006655, ENSCHAG00000012664, ENSCHAG00000022113, ENSCHAG00000027469","foxm1, gsx2, ENSCHAG00000001249, thrb, ENSCHAG00000006655, nr1d1, dr1, rorca","classic",1
"GO:0001822","kidney development","BP",113,1,0.65,0.48077594339007,"ENSCHAG00000013742","magi2a","classic",1
"GO:0007411","axon guidance","BP",113,1,0.65,0.48077594339007,"ENSCHAG00000023174","ptprfa","classic",1
"GO:0072001",NA,"BP",113,1,0.65,0.48077594339007,"ENSCHAG00000013742","magi2a","classic",1
"GO:0006812","cation transport","BP",449,3,2.58,0.480901723699231,"ENSCHAG00000001285, ENSCHAG00000012097, ENSCHAG00000021442","atp1b1a, atp5mc1, tmco1","classic",1
"GO:0090304",NA,"BP",1993,12,11.47,0.481996080078077,"ENSCHAG00000001076, ENSCHAG00000001217, ENSCHAG00000001249, ENSCHAG00000003415, ENSCHAG00000003500, ENSCHAG00000004743, ENSCHAG00000006655, ENSCHAG00000012664, ENSCHAG00000012759, ENSCHAG00000021529, ENSCHAG00000022113, ENSCHAG00000027469","foxm1, gsx2, ENSCHAG00000001249, RAD51AP1, thrb, dus4l, ENSCHAG00000006655, nr1d1, casc3, magoh, dr1, rorca","classic",1
"GO:0035050","embryonic heart tube development","BP",114,1,0.66,0.48379364045746,"ENSCHAG00000004711","gpr22a","classic",1
"GO:0097485","neuron projection guidance","BP",114,1,0.66,0.48379364045746,"ENSCHAG00000023174","ptprfa","classic",1
"GO:0007517","muscle organ development","BP",115,1,0.66,0.486794059134423,"ENSCHAG00000024997","sgcb","classic",1
"GO:0010556",NA,"BP",1313,8,7.56,0.488733587174888,"ENSCHAG00000001076, ENSCHAG00000001217, ENSCHAG00000001249, ENSCHAG00000003500, ENSCHAG00000006655, ENSCHAG00000012664, ENSCHAG00000022113, ENSCHAG00000027469","foxm1, gsx2, ENSCHAG00000001249, thrb, ENSCHAG00000006655, nr1d1, dr1, rorca","classic",1
"GO:0048593","camera-type eye morphogenesis","BP",117,1,0.67,0.492743450536641,"ENSCHAG00000009573","fzd8a","classic",1
"GO:0051146","striated muscle cell differentiation","BP",117,1,0.67,0.492743450536641,"ENSCHAG00000016547","tnni2a.4","classic",1
"GO:0007420","brain development","BP",287,2,1.65,0.494806262633851,"ENSCHAG00000009573, ENSCHAG00000021706","fzd8a, scinla","classic",1
"GO:0006397","mRNA processing","BP",119,1,0.68,0.498624890642612,"ENSCHAG00000012759","casc3","classic",1
"GO:0061371","determination of heart left/right asymmetry","BP",119,1,0.68,0.498624890642612,"ENSCHAG00000004711","gpr22a","classic",1
"GO:0009889","regulation of biosynthetic process","BP",1329,8,7.65,0.503017823165903,"ENSCHAG00000001076, ENSCHAG00000001217, ENSCHAG00000001249, ENSCHAG00000003500, ENSCHAG00000006655, ENSCHAG00000012664, ENSCHAG00000022113, ENSCHAG00000027469","foxm1, gsx2, ENSCHAG00000001249, thrb, ENSCHAG00000006655, nr1d1, dr1, rorca","classic",1
"GO:0060485",NA,"BP",122,1,0.7,0.5073213121082,"ENSCHAG00000004711","gpr22a","classic",1
"GO:0048878",NA,"BP",125,1,0.72,0.515869105751545,"ENSCHAG00000021442","tmco1","classic",1
"GO:0008152",NA,"BP",5510,32,31.71,0.51994529935915,"ENSCHAG00000000436, ENSCHAG00000001076, ENSCHAG00000001217, ENSCHAG00000001249, ENSCHAG00000001576, ENSCHAG00000002578, ENSCHAG00000003267, ENSCHAG00000003415, ENSCHAG00000003478, ENSCHAG00000003500, ENSCHAG00000003517, ENSCHAG00000003862, ENSCHAG00000004743, ENSCHAG00000006655, ENSCHAG00000007917, ENSCHAG00000008000, ENSCHAG00000008180, ENSCHAG00000012097, ENSCHAG00000012664, ENSCHAG00000012759, ENSCHAG00000015954, ENSCHAG00000019366, ENSCHAG00000021529, ENSCHAG00000021596, ENSCHAG00000022110, ENSCHAG00000022113, ENSCHAG00000022133, ENSCHAG00000022196, ENSCHAG00000023174, ENSCHAG00000025006, ENSCHAG00000025013, ENSCHAG00000027469","cpox, foxm1, gsx2, ENSCHAG00000001249, pdgfra, gmpr, usp18, RAD51AP1, DYRK4, thrb, F13A1, ENSCHAG00000003862, dus4l, ENSCHAG00000006655, PRKAR2B, pik3cg, si:dkey-145c18.3, atp5mc1, nr1d1, casc3, ENSCHAG00000015954, EPHB3, magoh, pfas, RDH8, dr1, sec16b, glula, ptprfa, spata18, usp46, rorca","classic",1
"GO:0060322","head development","BP",301,2,1.73,0.520326578519652,"ENSCHAG00000009573, ENSCHAG00000021706","fzd8a, scinla","classic",1
"GO:0044283",NA,"BP",128,1,0.74,0.524270773885992,"ENSCHAG00000022196","glula","classic",1
"GO:0007610",NA,"BP",130,1,0.75,0.529791922044818,"ENSCHAG00000012664","nr1d1","classic",1
"GO:0022607",NA,"BP",660,4,3.8,0.531466665258925,"ENSCHAG00000016547, ENSCHAG00000021706, ENSCHAG00000022133, ENSCHAG00000027494","tnni2a.4, scinla, sec16b, fsd1","classic",1
"GO:0007015","actin filament organization","BP",134,1,0.77,0.540645536099872,"ENSCHAG00000021706","scinla","classic",1
"GO:0042692","muscle cell differentiation","BP",134,1,0.77,0.540645536099872,"ENSCHAG00000016547","tnni2a.4","classic",1
"GO:0090066",NA,"BP",135,1,0.78,0.543320147126317,"ENSCHAG00000021706","scinla","classic",1
"GO:0006468","protein phosphorylation","BP",671,4,3.86,0.544764910456099,"ENSCHAG00000001576, ENSCHAG00000003478, ENSCHAG00000007917, ENSCHAG00000019366","pdgfra, DYRK4, PRKAR2B, EPHB3","classic",1
"GO:0065003","protein-containing complex assembly","BP",320,2,1.84,0.553597304250962,"ENSCHAG00000021706, ENSCHAG00000022133","scinla, sec16b","classic",1
"GO:0033043",NA,"BP",139,1,0.8,0.553866036229244,"ENSCHAG00000021706","scinla","classic",1
"GO:0016310","phosphorylation","BP",680,4,3.91,0.555507584284151,"ENSCHAG00000001576, ENSCHAG00000003478, ENSCHAG00000007917, ENSCHAG00000019366","pdgfra, DYRK4, PRKAR2B, EPHB3","classic",1
"GO:0040011","locomotion","BP",140,1,0.81,0.556464799537593,"ENSCHAG00000008000","pik3cg","classic",1
"GO:0008104","protein localization","BP",322,2,1.85,0.557005988940225,"ENSCHAG00000003243, ENSCHAG00000004827","pex26, bcap29","classic",1
"GO:0071705",NA,"BP",322,2,1.85,0.557005988940225,"ENSCHAG00000003243, ENSCHAG00000004827","pex26, bcap29","classic",1
"GO:0070727",NA,"BP",323,2,1.86,0.558703580509741,"ENSCHAG00000003243, ENSCHAG00000004827","pex26, bcap29","classic",1
"GO:0048592","eye morphogenesis","BP",141,1,0.81,0.55904864950116,"ENSCHAG00000009573","fzd8a","classic",1
"GO:0051641","cellular localization","BP",508,3,2.92,0.564859973153901,"ENSCHAG00000003243, ENSCHAG00000004827, ENSCHAG00000022133","pex26, bcap29, sec16b","classic",1
"GO:0007186","G protein-coupled receptor signaling pathway","BP",868,5,5,0.566056038627649,"ENSCHAG00000004711, ENSCHAG00000009593, ENSCHAG00000009841, ENSCHAG00000013538, ENSCHAG00000022120","gpr22a, ENSCHAG00000009593, grm8a, ENSCHAG00000013538, GNG12","classic",1
"GO:0060271","cilium assembly","BP",145,1,0.83,0.569236594742142,"ENSCHAG00000027494","fsd1","classic",1
"GO:0006281","DNA repair","BP",147,1,0.85,0.5742432567431,"ENSCHAG00000003415","RAD51AP1","classic",1
"GO:0007507","heart development","BP",333,2,1.92,0.575430804932448,"ENSCHAG00000004711, ENSCHAG00000023473","gpr22a, fryl","classic",1
"GO:0060562",NA,"BP",148,1,0.85,0.576725047398938,"ENSCHAG00000004711","gpr22a","classic",1
"GO:0006520","cellular amino acid metabolic process","BP",149,1,0.86,0.579192586059364,"ENSCHAG00000022196","glula","classic",1
"GO:0016055","Wnt signaling pathway","BP",149,1,0.86,0.579192586059364,"ENSCHAG00000009573","fzd8a","classic",1
"GO:0007600","sensory perception","BP",150,1,0.86,0.58164595333521,"ENSCHAG00000013260","cd36","classic",1
"GO:0044782","cilium organization","BP",152,1,0.87,0.58651049393412,"ENSCHAG00000027494","fsd1","classic",1
"GO:0070887",NA,"BP",153,1,0.88,0.588921826243843,"ENSCHAG00000008000","pik3cg","classic",1
"GO:0006644","phospholipid metabolic process","BP",154,1,0.89,0.591319305147191,"ENSCHAG00000008000","pik3cg","classic",1
"GO:0120031",NA,"BP",154,1,0.89,0.591319305147191,"ENSCHAG00000027494","fsd1","classic",1
"GO:0003007","heart morphogenesis","BP",155,1,0.89,0.593703009034641,"ENSCHAG00000004711","gpr22a","classic",1
"GO:0048880",NA,"BP",345,2,1.99,0.594902907200776,"ENSCHAG00000009573, ENSCHAG00000021706","fzd8a, scinla","classic",1
"GO:0043170",NA,"BP",4256,24,24.5,0.5957279486008,"ENSCHAG00000000436, ENSCHAG00000001076, ENSCHAG00000001217, ENSCHAG00000001249, ENSCHAG00000001576, ENSCHAG00000003267, ENSCHAG00000003415, ENSCHAG00000003478, ENSCHAG00000003500, ENSCHAG00000003517, ENSCHAG00000003862, ENSCHAG00000004743, ENSCHAG00000006655, ENSCHAG00000007917, ENSCHAG00000012664, ENSCHAG00000012759, ENSCHAG00000015954, ENSCHAG00000019366, ENSCHAG00000021529, ENSCHAG00000022113, ENSCHAG00000023174, ENSCHAG00000025006, ENSCHAG00000025013, ENSCHAG00000027469","cpox, foxm1, gsx2, ENSCHAG00000001249, pdgfra, usp18, RAD51AP1, DYRK4, thrb, F13A1, ENSCHAG00000003862, dus4l, ENSCHAG00000006655, PRKAR2B, nr1d1, casc3, ENSCHAG00000015954, EPHB3, magoh, dr1, ptprfa, spata18, usp46, rorca","classic",1
"GO:1901135","carbohydrate derivative metabolic process","BP",347,2,2,0.598084279261566,"ENSCHAG00000012097, ENSCHAG00000021596","atp5mc1, pfas","classic",1
"GO:0030031","cell projection assembly","BP",157,1,0.9,0.598429403142194,"ENSCHAG00000027494","fsd1","classic",1
"GO:0016071",NA,"BP",158,1,0.91,0.600772247968863,"ENSCHAG00000012759","casc3","classic",1
"GO:1904888","cranial skeletal system development","BP",158,1,0.91,0.600772247968863,"ENSCHAG00000003267","usp18","classic",1
"GO:0044085",NA,"BP",725,4,4.17,0.60720355605457,"ENSCHAG00000016547, ENSCHAG00000021706, ENSCHAG00000022133, ENSCHAG00000027494","tnni2a.4, scinla, sec16b, fsd1","classic",1
"GO:0043933",NA,"BP",354,2,2.04,0.609074868463779,"ENSCHAG00000021706, ENSCHAG00000022133","scinla, sec16b","classic",1
"GO:0048732",NA,"BP",162,1,0.93,0.610009729476554,"ENSCHAG00000004711","gpr22a","classic",1
"GO:0006813","potassium ion transport","BP",165,1,0.95,0.616799358695205,"ENSCHAG00000001285","atp1b1a","classic",1
"GO:0030001","metal ion transport","BP",360,2,2.07,0.618316800625546,"ENSCHAG00000001285, ENSCHAG00000021442","atp1b1a, tmco1","classic",1
"GO:0007264","small GTPase mediated signal transduction","BP",169,1,0.97,0.625671360560134,"ENSCHAG00000012776","rapgefl1","classic",1
"GO:0009628",NA,"BP",170,1,0.98,0.627857554671227,"ENSCHAG00000000936","zmp:0000000711","classic",1
"GO:0007368","determination of left/right symmetry","BP",171,1,0.98,0.630031170209282,"ENSCHAG00000004711","gpr22a","classic",1
"GO:0009987",NA,"BP",10625,61,61.15,0.632136937743587,"ENSCHAG00000000436, ENSCHAG00000000822, ENSCHAG00000000936, ENSCHAG00000001076, ENSCHAG00000001217, ENSCHAG00000001249, ENSCHAG00000001285, ENSCHAG00000001310, ENSCHAG00000001576, ENSCHAG00000002578, ENSCHAG00000003243, ENSCHAG00000003267, ENSCHAG00000003415, ENSCHAG00000003478, ENSCHAG00000003500, ENSCHAG00000003517, ENSCHAG00000003862, ENSCHAG00000003909, ENSCHAG00000004711, ENSCHAG00000004743, ENSCHAG00000004827, ENSCHAG00000004880, ENSCHAG00000005408, ENSCHAG00000006655, ENSCHAG00000007917, ENSCHAG00000008000, ENSCHAG00000008180, ENSCHAG00000009573, ENSCHAG00000009593, ENSCHAG00000009619, ENSCHAG00000009643, ENSCHAG00000009841, ENSCHAG00000010108, ENSCHAG00000011503, ENSCHAG00000012097, ENSCHAG00000012653, ENSCHAG00000012664, ENSCHAG00000012759, ENSCHAG00000012776, ENSCHAG00000013260, ENSCHAG00000013538, ENSCHAG00000013742, ENSCHAG00000015924, ENSCHAG00000015954, ENSCHAG00000016547, ENSCHAG00000019366, ENSCHAG00000021442, ENSCHAG00000021529, ENSCHAG00000021596, ENSCHAG00000021706, ENSCHAG00000022110, ENSCHAG00000022113, ENSCHAG00000022120, ENSCHAG00000022129, ENSCHAG00000022133, ENSCHAG00000022196, ENSCHAG00000023174, ENSCHAG00000025006, ENSCHAG00000025013, ENSCHAG00000027469, ENSCHAG00000027494","cpox, scfd2, zmp:0000000711, foxm1, gsx2, ENSCHAG00000001249, atp1b1a, si:ch73-352p4.8, pdgfra, gmpr, pex26, usp18, RAD51AP1, DYRK4, thrb, F13A1, ENSCHAG00000003862, COG5, gpr22a, dus4l, bcap29, slco1c1, pde3a, ENSCHAG00000006655, PRKAR2B, pik3cg, si:dkey-145c18.3, fzd8a, ENSCHAG00000009593, ENSCHAG00000009619, CDH20, grm8a, fnbp1l, depdc1a, atp5mc1, si:dkey-225f5.4, nr1d1, casc3, rapgefl1, cd36, ENSCHAG00000013538, magi2a, SYT8, ENSCHAG00000015954, tnni2a.4, EPHB3, tmco1, magoh, pfas, scinla, RDH8, dr1, GNG12, gadd45ab, sec16b, glula, ptprfa, spata18, usp46, rorca, fsd1","classic",1
"GO:0060972","left/right pattern formation","BP",174,1,1,0.636477256220891,"ENSCHAG00000004711","gpr22a","classic",1
"GO:0010558",NA,"BP",175,1,1.01,0.63860126632233,"ENSCHAG00000022113","dr1","classic",1
"GO:0048568","embryonic organ development","BP",380,2,2.19,0.647935974824393,"ENSCHAG00000004711, ENSCHAG00000009573","gpr22a, fzd8a","classic",1
"GO:0007155","cell adhesion","BP",381,2,2.19,0.649369197935067,"ENSCHAG00000009619, ENSCHAG00000009643","ENSCHAG00000009619, CDH20","classic",1
"GO:0007423","sensory organ development","BP",384,2,2.21,0.653641740563817,"ENSCHAG00000009573, ENSCHAG00000021706","fzd8a, scinla","classic",1
"GO:0009890","negative regulation of biosynthetic process","BP",183,1,1.05,0.655158980871118,"ENSCHAG00000022113","dr1","classic",1
"GO:0050877",NA,"BP",183,1,1.05,0.655158980871118,"ENSCHAG00000013260","cd36","classic",1
"GO:0090596",NA,"BP",183,1,1.05,0.655158980871118,"ENSCHAG00000009573","fzd8a","classic",1
"GO:0048513","animal organ development","BP",1329,7,7.65,0.65588898622634,"ENSCHAG00000001285, ENSCHAG00000004711, ENSCHAG00000009573, ENSCHAG00000013742, ENSCHAG00000021706, ENSCHAG00000023473, ENSCHAG00000024997","atp1b1a, gpr22a, fzd8a, magi2a, scinla, fryl, sgcb","classic",1
"GO:0003008",NA,"BP",388,2,2.23,0.65927531461705,"ENSCHAG00000013260, ENSCHAG00000016765","cd36, lsp1a","classic",1
"GO:0019538","protein metabolic process","BP",2249,12,12.94,0.663491771344322,"ENSCHAG00000000436, ENSCHAG00000001576, ENSCHAG00000003267, ENSCHAG00000003478, ENSCHAG00000003517, ENSCHAG00000003862, ENSCHAG00000007917, ENSCHAG00000015954, ENSCHAG00000019366, ENSCHAG00000023174, ENSCHAG00000025006, ENSCHAG00000025013","cpox, pdgfra, usp18, DYRK4, F13A1, ENSCHAG00000003862, PRKAR2B, ENSCHAG00000015954, EPHB3, ptprfa, spata18, usp46","classic",1
"GO:0009799",NA,"BP",189,1,1.09,0.667084681867585,"ENSCHAG00000004711","gpr22a","classic",1
"GO:0009855",NA,"BP",189,1,1.09,0.667084681867585,"ENSCHAG00000004711","gpr22a","classic",1
"GO:0007417","central nervous system development","BP",394,2,2.27,0.667590910749088,"ENSCHAG00000009573, ENSCHAG00000021706","fzd8a, scinla","classic",1
"GO:0048856",NA,"BP",2447,13,14.08,0.67474043216228,"ENSCHAG00000000664, ENSCHAG00000001285, ENSCHAG00000003267, ENSCHAG00000004711, ENSCHAG00000009573, ENSCHAG00000012375, ENSCHAG00000013742, ENSCHAG00000016547, ENSCHAG00000021706, ENSCHAG00000023174, ENSCHAG00000023473, ENSCHAG00000024997, ENSCHAG00000027494","rasl11b, atp1b1a, usp18, gpr22a, fzd8a, sema3c, magi2a, tnni2a.4, scinla, ptprfa, fryl, sgcb, fsd1","classic",1
"GO:0007409","axonogenesis","BP",194,1,1.12,0.676711672771596,"ENSCHAG00000023174","ptprfa","classic",1
"GO:0010605",NA,"BP",196,1,1.13,0.680485215008151,"ENSCHAG00000022113","dr1","classic",1
"GO:0120036",NA,"BP",411,2,2.37,0.690282305074362,"ENSCHAG00000023174, ENSCHAG00000027494","ptprfa, fsd1","classic",1
"GO:0030030","cell projection organization","BP",416,2,2.39,0.696714546556384,"ENSCHAG00000023174, ENSCHAG00000027494","ptprfa, fsd1","classic",1
"GO:0009892",NA,"BP",207,1,1.19,0.700477040232483,"ENSCHAG00000022113","dr1","classic",1
"GO:0048667",NA,"BP",208,1,1.2,0.702232159902277,"ENSCHAG00000023174","ptprfa","classic",1
"GO:0048812","neuron projection morphogenesis","BP",209,1,1.2,0.703977147682086,"ENSCHAG00000023174","ptprfa","classic",1
"GO:0120039",NA,"BP",209,1,1.2,0.703977147682086,"ENSCHAG00000023174","ptprfa","classic",1
"GO:0048858","cell projection morphogenesis","BP",211,1,1.21,0.707436957680577,"ENSCHAG00000023174","ptprfa","classic",1
"GO:0007010","cytoskeleton organization","BP",427,2,2.46,0.710484965573571,"ENSCHAG00000016547, ENSCHAG00000021706","tnni2a.4, scinla","classic",1
"GO:0032502","developmental process","BP",2507,13,14.43,0.710671616256524,"ENSCHAG00000000664, ENSCHAG00000001285, ENSCHAG00000003267, ENSCHAG00000004711, ENSCHAG00000009573, ENSCHAG00000012375, ENSCHAG00000013742, ENSCHAG00000016547, ENSCHAG00000021706, ENSCHAG00000023174, ENSCHAG00000023473, ENSCHAG00000024997, ENSCHAG00000027494","rasl11b, atp1b1a, usp18, gpr22a, fzd8a, sema3c, magi2a, tnni2a.4, scinla, ptprfa, fryl, sgcb, fsd1","classic",1
"GO:0006629","lipid metabolic process","BP",435,2,2.5,0.720175506026633,"ENSCHAG00000008000, ENSCHAG00000022110","pik3cg, RDH8","classic",1
"GO:0061564","axon development","BP",220,1,1.27,0.72251955602243,"ENSCHAG00000023174","ptprfa","classic",1
"GO:0007399","nervous system development","BP",846,4,4.87,0.727316360594286,"ENSCHAG00000009573, ENSCHAG00000012375, ENSCHAG00000021706, ENSCHAG00000023174","fzd8a, sema3c, scinla, ptprfa","classic",1
"GO:0006811","ion transport","BP",650,3,3.74,0.730561515594105,"ENSCHAG00000001285, ENSCHAG00000012097, ENSCHAG00000021442","atp1b1a, atp5mc1, tmco1","classic",1
"GO:0055085","transmembrane transport","BP",851,4,4.9,0.731652987423568,"ENSCHAG00000001310, ENSCHAG00000004880, ENSCHAG00000012097, ENSCHAG00000021442","si:ch73-352p4.8, slco1c1, atp5mc1, tmco1","classic",1
"GO:0043010","camera-type eye development","BP",227,1,1.31,0.733718511979452,"ENSCHAG00000009573","fzd8a","classic",1
"GO:0030182","neuron differentiation","BP",448,2,2.58,0.735351256151216,"ENSCHAG00000009573, ENSCHAG00000023174","fzd8a, ptprfa","classic",1
"GO:0006082",NA,"BP",233,1,1.34,0.742962360640727,"ENSCHAG00000022196","glula","classic",1
"GO:0019752","carboxylic acid metabolic process","BP",233,1,1.34,0.742962360640727,"ENSCHAG00000022196","glula","classic",1
"GO:0043436",NA,"BP",233,1,1.34,0.742962360640727,"ENSCHAG00000022196","glula","classic",1
"GO:0006357","regulation of transcription by RNA polymerase II","BP",235,1,1.35,0.74597282709502,"ENSCHAG00000022113","dr1","classic",1
"GO:0051128",NA,"BP",237,1,1.36,0.748948554656337,"ENSCHAG00000021706","scinla","classic",1
"GO:0048699","generation of neurons","BP",462,2,2.66,0.750921270061485,"ENSCHAG00000009573, ENSCHAG00000023174","fzd8a, ptprfa","classic",1
"GO:0033036",NA,"BP",470,2,2.71,0.759467300149687,"ENSCHAG00000003243, ENSCHAG00000004827","pex26, bcap29","classic",1
"GO:0048598","embryonic morphogenesis","BP",474,2,2.73,0.763646414571537,"ENSCHAG00000004711, ENSCHAG00000009573","gpr22a, fzd8a","classic",1
"GO:0009887","animal organ morphogenesis","BP",477,2,2.75,0.766740148974304,"ENSCHAG00000004711, ENSCHAG00000009573","gpr22a, fzd8a","classic",1
"GO:0048646",NA,"BP",487,2,2.8,0.77680467763917,"ENSCHAG00000009573, ENSCHAG00000016547","fzd8a, tnni2a.4","classic",1
"GO:0031175","neuron projection development","BP",257,1,1.48,0.776879910679687,"ENSCHAG00000023174","ptprfa","classic",1
"GO:0141124",NA,"BP",257,1,1.48,0.776879910679687,"ENSCHAG00000012776","rapgefl1","classic",1
"GO:0016043","cellular component organization","BP",1506,7,8.67,0.780679567270737,"ENSCHAG00000003243, ENSCHAG00000016547, ENSCHAG00000021706, ENSCHAG00000022133, ENSCHAG00000023174, ENSCHAG00000025006, ENSCHAG00000027494","pex26, tnni2a.4, scinla, sec16b, ptprfa, spata18, fsd1","classic",1
"GO:0042592",NA,"BP",278,1,1.6,0.802913810401901,"ENSCHAG00000021442","tmco1","classic",1
"GO:0006366","transcription by RNA polymerase II","BP",279,1,1.61,0.804075895652545,"ENSCHAG00000022113","dr1","classic",1
"GO:0022008","neurogenesis","BP",521,2,3,0.808282592652927,"ENSCHAG00000009573, ENSCHAG00000023174","fzd8a, ptprfa","classic",1
"GO:0032501",NA,"BP",2517,12,14.49,0.811448526520706,"ENSCHAG00000003517, ENSCHAG00000003862, ENSCHAG00000004711, ENSCHAG00000009573, ENSCHAG00000012375, ENSCHAG00000012664, ENSCHAG00000013260, ENSCHAG00000013742, ENSCHAG00000016765, ENSCHAG00000021706, ENSCHAG00000023174, ENSCHAG00000023473","F13A1, ENSCHAG00000003862, gpr22a, fzd8a, sema3c, nr1d1, cd36, magi2a, lsp1a, scinla, ptprfa, fryl","classic",1
"GO:0030097","hemopoiesis","BP",287,1,1.65,0.813132781486087,"ENSCHAG00000027494","fsd1","classic",1
"GO:0016477","cell migration","BP",288,1,1.66,0.814235485699618,"ENSCHAG00000008000","pik3cg","classic",1
"GO:0071840",NA,"BP",1570,7,9.04,0.816831738814331,"ENSCHAG00000003243, ENSCHAG00000016547, ENSCHAG00000021706, ENSCHAG00000022133, ENSCHAG00000023174, ENSCHAG00000025006, ENSCHAG00000027494","pex26, tnni2a.4, scinla, sec16b, ptprfa, spata18, fsd1","classic",1
"GO:0060429","epithelium development","BP",538,2,3.1,0.822518168731222,"ENSCHAG00000001285, ENSCHAG00000004711","atp1b1a, gpr22a","classic",1
"GO:0051239",NA,"BP",296,1,1.7,0.822829398525885,"ENSCHAG00000012664","nr1d1","classic",1
"GO:0009653","anatomical structure morphogenesis","BP",1192,5,6.86,0.829435556194735,"ENSCHAG00000004711, ENSCHAG00000009573, ENSCHAG00000016547, ENSCHAG00000023174, ENSCHAG00000023473","gpr22a, fzd8a, tnni2a.4, ptprfa, fryl","classic",1
"GO:0002009","morphogenesis of an epithelium","BP",306,1,1.76,0.83302274379684,"ENSCHAG00000004711","gpr22a","classic",1
"GO:0048870","cell motility","BP",312,1,1.8,0.838859099939946,"ENSCHAG00000008000","pik3cg","classic",1
"GO:0050793","regulation of developmental process","BP",325,1,1.87,0.850823888004979,"ENSCHAG00000001285","atp1b1a","classic",1
"GO:0072359","circulatory system development","BP",590,2,3.4,0.86044173803775,"ENSCHAG00000004711, ENSCHAG00000023473","gpr22a, fryl","classic",1
"GO:0006259","DNA metabolic process","BP",347,1,2,0.869109559635376,"ENSCHAG00000003415","RAD51AP1","classic",1
"GO:0048731",NA,"BP",1706,7,9.82,0.878601175238158,"ENSCHAG00000004711, ENSCHAG00000009573, ENSCHAG00000012375, ENSCHAG00000013742, ENSCHAG00000021706, ENSCHAG00000023174, ENSCHAG00000023473","gpr22a, fzd8a, sema3c, magi2a, scinla, ptprfa, fryl","classic",1
"GO:0048666","neuron development","BP",361,1,2.08,0.87957679577479,"ENSCHAG00000023174","ptprfa","classic",1
"GO:0048729",NA,"BP",362,1,2.08,0.880292075445277,"ENSCHAG00000004711","gpr22a","classic",1
"GO:0009888",NA,"BP",861,3,4.96,0.881883320180618,"ENSCHAG00000000664, ENSCHAG00000001285, ENSCHAG00000004711","rasl11b, atp1b1a, gpr22a","classic",1
"GO:0035239",NA,"BP",365,1,2.1,0.88241289770326,"ENSCHAG00000004711","gpr22a","classic",1
"GO:0048468","cell development","BP",902,3,5.19,0.9006428888541,"ENSCHAG00000016547, ENSCHAG00000023174, ENSCHAG00000027494","tnni2a.4, ptprfa, fsd1","classic",1
"GO:0006508","proteolysis","BP",686,2,3.95,0.91184546600089,"ENSCHAG00000003267, ENSCHAG00000025013","usp18, usp46","classic",1
"GO:0030154","cell differentiation","BP",1174,4,6.76,0.916767961010148,"ENSCHAG00000009573, ENSCHAG00000016547, ENSCHAG00000023174, ENSCHAG00000027494","fzd8a, tnni2a.4, ptprfa, fsd1","classic",1
"GO:0048869","cellular developmental process","BP",1179,4,6.79,0.918414914423317,"ENSCHAG00000009573, ENSCHAG00000016547, ENSCHAG00000023174, ENSCHAG00000027494","fzd8a, tnni2a.4, ptprfa, fsd1","classic",1
"GO:0009790",NA,"BP",720,2,4.14,0.925407846226674,"ENSCHAG00000004711, ENSCHAG00000009573","gpr22a, fzd8a","classic",1
"GO:0035295",NA,"BP",464,1,2.67,0.934986322244622,"ENSCHAG00000004711","gpr22a","classic",1
"GO:0007275","multicellular organism development","BP",2063,7,11.87,0.965186918646773,"ENSCHAG00000004711, ENSCHAG00000009573, ENSCHAG00000012375, ENSCHAG00000013742, ENSCHAG00000021706, ENSCHAG00000023174, ENSCHAG00000023473","gpr22a, fzd8a, sema3c, magi2a, scinla, ptprfa, fryl","classic",1
"GO:0008150",NA,"BP",11641,67,67,1,"ENSCHAG00000000436, ENSCHAG00000000664, ENSCHAG00000000822, ENSCHAG00000000936, ENSCHAG00000001076, ENSCHAG00000001217, ENSCHAG00000001249, ENSCHAG00000001285, ENSCHAG00000001310, ENSCHAG00000001576, ENSCHAG00000002578, ENSCHAG00000003243, ENSCHAG00000003267, ENSCHAG00000003415, ENSCHAG00000003470, ENSCHAG00000003478, ENSCHAG00000003500, ENSCHAG00000003517, ENSCHAG00000003862, ENSCHAG00000003909, ENSCHAG00000004711, ENSCHAG00000004743, ENSCHAG00000004827, ENSCHAG00000004880, ENSCHAG00000005408, ENSCHAG00000006655, ENSCHAG00000007917, ENSCHAG00000008000, ENSCHAG00000008180, ENSCHAG00000009573, ENSCHAG00000009593, ENSCHAG00000009619, ENSCHAG00000009643, ENSCHAG00000009841, ENSCHAG00000010108, ENSCHAG00000011503, ENSCHAG00000012097, ENSCHAG00000012375, ENSCHAG00000012653, ENSCHAG00000012664, ENSCHAG00000012759, ENSCHAG00000012776, ENSCHAG00000013260, ENSCHAG00000013538, ENSCHAG00000013742, ENSCHAG00000015924, ENSCHAG00000015954, ENSCHAG00000016547, ENSCHAG00000016765, ENSCHAG00000019366, ENSCHAG00000021442, ENSCHAG00000021529, ENSCHAG00000021596, ENSCHAG00000021706, ENSCHAG00000022110, ENSCHAG00000022113, ENSCHAG00000022120, ENSCHAG00000022129, ENSCHAG00000022133, ENSCHAG00000022196, ENSCHAG00000023174, ENSCHAG00000023473, ENSCHAG00000024997, ENSCHAG00000025006, ENSCHAG00000025013, ENSCHAG00000027469, ENSCHAG00000027494","cpox, rasl11b, scfd2, zmp:0000000711, foxm1, gsx2, ENSCHAG00000001249, atp1b1a, si:ch73-352p4.8, pdgfra, gmpr, pex26, usp18, RAD51AP1, ly86, DYRK4, thrb, F13A1, ENSCHAG00000003862, COG5, gpr22a, dus4l, bcap29, slco1c1, pde3a, ENSCHAG00000006655, PRKAR2B, pik3cg, si:dkey-145c18.3, fzd8a, ENSCHAG00000009593, ENSCHAG00000009619, CDH20, grm8a, fnbp1l, depdc1a, atp5mc1, sema3c, si:dkey-225f5.4, nr1d1, casc3, rapgefl1, cd36, ENSCHAG00000013538, magi2a, SYT8, ENSCHAG00000015954, tnni2a.4, lsp1a, EPHB3, tmco1, magoh, pfas, scinla, RDH8, dr1, GNG12, gadd45ab, sec16b, glula, ptprfa, fryl, sgcb, spata18, usp46, rorca, fsd1","classic",1
"GO:0000038","very long-chain fatty acid metabolic process","BP",11,0,0.06,1,"","","classic",1
"GO:0000041",NA,"BP",23,0,0.13,1,"","","classic",1
"GO:0000045","autophagosome assembly","BP",5,0,0.03,1,"","","classic",1
"GO:0000070","mitotic sister chromatid segregation","BP",22,0,0.13,1,"","","classic",1
"GO:0000079","regulation of cyclin-dependent protein serine/threonine kinase activity","BP",7,0,0.04,1,"","","classic",1
"GO:0000082","G1/S transition of mitotic cell cycle","BP",6,0,0.03,1,"","","classic",1
"GO:0000096",NA,"BP",11,0,0.06,1,"","","classic",1
"GO:0000097",NA,"BP",9,0,0.05,1,"","","classic",1
"GO:0000132","establishment of mitotic spindle orientation","BP",7,0,0.04,1,"","","classic",1
"GO:0000154","rRNA modification","BP",9,0,0.05,1,"","","classic",1
"GO:0000165","MAPK cascade","BP",43,0,0.25,1,"","","classic",1
"GO:0000184","nuclear-transcribed mRNA catabolic process, nonsense-mediated decay","BP",11,0,0.06,1,"","","classic",1
"GO:0000209","protein polyubiquitination","BP",14,0,0.08,1,"","","classic",1
"GO:0000226","microtubule cytoskeleton organization","BP",134,0,0.77,1,"","","classic",1
"GO:0000245","spliceosomal complex assembly","BP",7,0,0.04,1,"","","classic",1
"GO:0000271",NA,"BP",8,0,0.05,1,"","","classic",1
"GO:0000280","nuclear division","BP",49,0,0.28,1,"","","classic",1
"GO:0000281","mitotic cytokinesis","BP",18,0,0.1,1,"","","classic",1
"GO:0000288",NA,"BP",8,0,0.05,1,"","","classic",1
"GO:0000290","deadenylation-dependent decapping of nuclear-transcribed mRNA","BP",5,0,0.03,1,"","","classic",1
"GO:0000302",NA,"BP",8,0,0.05,1,"","","classic",1
"GO:0000375",NA,"BP",75,0,0.43,1,"","","classic",1
"GO:0000377",NA,"BP",75,0,0.43,1,"","","classic",1
"GO:0000380",NA,"BP",11,0,0.06,1,"","","classic",1
"GO:0000381","regulation of alternative mRNA splicing, via spliceosome","BP",11,0,0.06,1,"","","classic",1
"GO:0000387","spliceosomal snRNP assembly","BP",14,0,0.08,1,"","","classic",1
"GO:0000394",NA,"BP",5,0,0.03,1,"","","classic",1
"GO:0000398","mRNA splicing, via spliceosome","BP",75,0,0.43,1,"","","classic",1
"GO:0000413","protein peptidyl-prolyl isomerization","BP",14,0,0.08,1,"","","classic",1
"GO:0000470","maturation of LSU-rRNA","BP",5,0,0.03,1,"","","classic",1
"GO:0000578","embryonic axis specification","BP",11,0,0.06,1,"","","classic",1
"GO:0000723","telomere maintenance","BP",20,0,0.12,1,"","","classic",1
"GO:0000724","double-strand break repair via homologous recombination","BP",14,0,0.08,1,"","","classic",1
"GO:0000725","recombinational repair","BP",15,0,0.09,1,"","","classic",1
"GO:0000768",NA,"BP",12,0,0.07,1,"","","classic",1
"GO:0000819",NA,"BP",24,0,0.14,1,"","","classic",1
"GO:0000910",NA,"BP",29,0,0.17,1,"","","classic",1
"GO:0000956","nuclear-transcribed mRNA catabolic process","BP",24,0,0.14,1,"","","classic",1
"GO:0000966",NA,"BP",14,0,0.08,1,"","","classic",1
"GO:0001501","skeletal system development","BP",224,0,1.29,1,"","","classic",1
"GO:0001503","ossification","BP",51,0,0.29,1,"","","classic",1
"GO:0001510","RNA methylation","BP",25,0,0.14,1,"","","classic",1
"GO:0001522","pseudouridine synthesis","BP",16,0,0.09,1,"","","classic",1
"GO:0001523",NA,"BP",21,0,0.12,1,"","","classic",1
"GO:0001525","angiogenesis","BP",177,0,1.02,1,"","","classic",1
"GO:0001539",NA,"BP",18,0,0.1,1,"","","classic",1
"GO:0001556","oocyte maturation","BP",9,0,0.05,1,"","","classic",1
"GO:0001558","regulation of cell growth","BP",40,0,0.23,1,"","","classic",1
"GO:0001568","blood vessel development","BP",255,0,1.47,1,"","","classic",1
"GO:0001569","branching involved in blood vessel morphogenesis","BP",10,0,0.06,1,"","","classic",1
"GO:0001570","vasculogenesis","BP",34,0,0.2,1,"","","classic",1
"GO:0001578","microtubule bundle formation","BP",21,0,0.12,1,"","","classic",1
"GO:0001649","osteoblast differentiation","BP",9,0,0.05,1,"","","classic",1
"GO:0001655",NA,"BP",6,0,0.03,1,"","","classic",1
"GO:0001666","response to hypoxia","BP",27,0,0.16,1,"","","classic",1
"GO:0001667","ameboidal-type cell migration","BP",119,0,0.68,1,"","","classic",1
"GO:0001676",NA,"BP",5,0,0.03,1,"","","classic",1
"GO:0001678","cellular glucose homeostasis","BP",8,0,0.05,1,"","","classic",1
"GO:0001682","tRNA 5'-leader removal","BP",9,0,0.05,1,"","","classic",1
"GO:0001702","gastrulation with mouth forming second","BP",45,0,0.26,1,"","","classic",1
"GO:0001704",NA,"BP",46,0,0.26,1,"","","classic",1
"GO:0001706","endoderm formation","BP",26,0,0.15,1,"","","classic",1
"GO:0001707","mesoderm formation","BP",28,0,0.16,1,"","","classic",1
"GO:0001708","cell fate specification","BP",53,0,0.31,1,"","","classic",1
"GO:0001709","cell fate determination","BP",9,0,0.05,1,"","","classic",1
"GO:0001710","mesodermal cell fate commitment","BP",7,0,0.04,1,"","","classic",1
"GO:0001711",NA,"BP",14,0,0.08,1,"","","classic",1
"GO:0001714","endodermal cell fate specification","BP",13,0,0.07,1,"","","classic",1
"GO:0001736","establishment of planar polarity","BP",8,0,0.05,1,"","","classic",1
"GO:0001738","morphogenesis of a polarized epithelium","BP",13,0,0.07,1,"","","classic",1
"GO:0001754","eye photoreceptor cell differentiation","BP",41,0,0.24,1,"","","classic",1
"GO:0001755","neural crest cell migration","BP",48,0,0.28,1,"","","classic",1
"GO:0001756","somitogenesis","BP",55,0,0.32,1,"","","classic",1
"GO:0001757","somite specification","BP",5,0,0.03,1,"","","classic",1
"GO:0001763","morphogenesis of a branching structure","BP",14,0,0.08,1,"","","classic",1
"GO:0001764","neuron migration","BP",27,0,0.16,1,"","","classic",1
"GO:0001765",NA,"BP",7,0,0.04,1,"","","classic",1
"GO:0001775",NA,"BP",58,0,0.33,1,"","","classic",1
"GO:0001776",NA,"BP",5,0,0.03,1,"","","classic",1
"GO:0001816",NA,"BP",21,0,0.12,1,"","","classic",1
"GO:0001817","regulation of cytokine production","BP",21,0,0.12,1,"","","classic",1
"GO:0001819","positive regulation of cytokine production","BP",10,0,0.06,1,"","","classic",1
"GO:0001837","epithelial to mesenchymal transition","BP",21,0,0.12,1,"","","classic",1
"GO:0001838",NA,"BP",17,0,0.1,1,"","","classic",1
"GO:0001840","neural plate development","BP",6,0,0.03,1,"","","classic",1
"GO:0001841","neural tube formation","BP",17,0,0.1,1,"","","classic",1
"GO:0001843","neural tube closure","BP",5,0,0.03,1,"","","classic",1
"GO:0001878","response to yeast","BP",19,0,0.11,1,"","","classic",1
"GO:0001881","receptor recycling","BP",5,0,0.03,1,"","","classic",1
"GO:0001885","endothelial cell development","BP",9,0,0.05,1,"","","classic",1
"GO:0001894","tissue homeostasis","BP",41,0,0.24,1,"","","classic",1
"GO:0001895","retina homeostasis","BP",18,0,0.1,1,"","","classic",1
"GO:0001906",NA,"BP",5,0,0.03,1,"","","classic",1
"GO:0001933","negative regulation of protein phosphorylation","BP",11,0,0.06,1,"","","classic",1
"GO:0001934","positive regulation of protein phosphorylation","BP",12,0,0.07,1,"","","classic",1
"GO:0001935","endothelial cell proliferation","BP",12,0,0.07,1,"","","classic",1
"GO:0001944","vasculature development","BP",304,0,1.75,1,"","","classic",1
"GO:0001945","lymph vessel development","BP",44,0,0.25,1,"","","classic",1
"GO:0001946","lymphangiogenesis","BP",31,0,0.18,1,"","","classic",1
"GO:0001957","intramembranous ossification","BP",5,0,0.03,1,"","","classic",1
"GO:0001958","endochondral ossification","BP",7,0,0.04,1,"","","classic",1
"GO:0001964","startle response","BP",5,0,0.03,1,"","","classic",1
"GO:0001966","thigmotaxis","BP",12,0,0.07,1,"","","classic",1
"GO:0001973","G protein-coupled adenosine receptor signaling pathway","BP",10,0,0.06,1,"","","classic",1
"GO:0002011",NA,"BP",68,0,0.39,1,"","","classic",1
"GO:0002027","regulation of heart rate","BP",6,0,0.03,1,"","","classic",1
"GO:0002040","sprouting angiogenesis","BP",61,0,0.35,1,"","","classic",1
"GO:0002042","cell migration involved in sprouting angiogenesis","BP",8,0,0.05,1,"","","classic",1
"GO:0002062","chondrocyte differentiation","BP",13,0,0.07,1,"","","classic",1
"GO:0002063","chondrocyte development","BP",5,0,0.03,1,"","","classic",1
"GO:0002064","epithelial cell development","BP",53,0,0.31,1,"","","classic",1
"GO:0002065",NA,"BP",11,0,0.06,1,"","","classic",1
"GO:0002072","optic cup morphogenesis involved in camera-type eye development","BP",20,0,0.12,1,"","","classic",1
"GO:0002088","lens development in camera-type eye","BP",32,0,0.18,1,"","","classic",1
"GO:0002089","lens morphogenesis in camera-type eye","BP",10,0,0.06,1,"","","classic",1
"GO:0002093","auditory receptor cell morphogenesis","BP",5,0,0.03,1,"","","classic",1
"GO:0002097",NA,"BP",9,0,0.05,1,"","","classic",1
"GO:0002098","tRNA wobble uridine modification","BP",9,0,0.05,1,"","","classic",1
"GO:0002138","retinoic acid biosynthetic process","BP",8,0,0.05,1,"","","classic",1
"GO:0002218","activation of innate immune response","BP",36,0,0.21,1,"","","classic",1
"GO:0002221","pattern recognition receptor signaling pathway","BP",35,0,0.2,1,"","","classic",1
"GO:0002224","toll-like receptor signaling pathway","BP",33,0,0.19,1,"","","classic",1
"GO:0002237","response to molecule of bacterial origin","BP",8,0,0.05,1,"","","classic",1
"GO:0002250","adaptive immune response","BP",10,0,0.06,1,"","","classic",1
"GO:0002252",NA,"BP",38,0,0.22,1,"","","classic",1
"GO:0002253",NA,"BP",65,0,0.37,1,"","","classic",1
"GO:0002262","myeloid cell homeostasis","BP",78,0,0.45,1,"","","classic",1
"GO:0002274",NA,"BP",13,0,0.07,1,"","","classic",1
"GO:0002429",NA,"BP",9,0,0.05,1,"","","classic",1
"GO:0002440",NA,"BP",6,0,0.03,1,"","","classic",1
"GO:0002443",NA,"BP",9,0,0.05,1,"","","classic",1
"GO:0002449",NA,"BP",8,0,0.05,1,"","","classic",1
"GO:0002460",NA,"BP",9,0,0.05,1,"","","classic",1
"GO:0002520",NA,"BP",13,0,0.07,1,"","","classic",1
"GO:0002521",NA,"BP",46,0,0.26,1,"","","classic",1
"GO:0002573","myeloid leukocyte differentiation","BP",27,0,0.16,1,"","","classic",1
"GO:0002574","thrombocyte differentiation","BP",9,0,0.05,1,"","","classic",1
"GO:0002682",NA,"BP",119,0,0.68,1,"","","classic",1
"GO:0002683",NA,"BP",16,0,0.09,1,"","","classic",1
"GO:0002684",NA,"BP",73,0,0.42,1,"","","classic",1
"GO:0002685","regulation of leukocyte migration","BP",12,0,0.07,1,"","","classic",1
"GO:0002688","regulation of leukocyte chemotaxis","BP",8,0,0.05,1,"","","classic",1
"GO:0002694",NA,"BP",10,0,0.06,1,"","","classic",1
"GO:0002697",NA,"BP",11,0,0.06,1,"","","classic",1
"GO:0002700",NA,"BP",5,0,0.03,1,"","","classic",1
"GO:0002755","MyD88-dependent toll-like receptor signaling pathway","BP",7,0,0.04,1,"","","classic",1
"GO:0002757",NA,"BP",40,0,0.23,1,"","","classic",1
"GO:0002758",NA,"BP",35,0,0.2,1,"","","classic",1
"GO:0002761",NA,"BP",6,0,0.03,1,"","","classic",1
"GO:0002764",NA,"BP",42,0,0.24,1,"","","classic",1
"GO:0002768",NA,"BP",11,0,0.06,1,"","","classic",1
"GO:0002790",NA,"BP",11,0,0.06,1,"","","classic",1
"GO:0002791",NA,"BP",8,0,0.05,1,"","","classic",1
"GO:0002831",NA,"BP",45,0,0.26,1,"","","classic",1
"GO:0002833",NA,"BP",39,0,0.22,1,"","","classic",1
"GO:0002934","desmosome organization","BP",7,0,0.04,1,"","","classic",1
"GO:0003006",NA,"BP",68,0,0.39,1,"","","classic",1
"GO:0003013",NA,"BP",147,0,0.85,1,"","","classic",1
"GO:0003014","renal system process","BP",20,0,0.12,1,"","","classic",1
"GO:0003015","heart process","BP",84,0,0.48,1,"","","classic",1
"GO:0003018",NA,"BP",56,0,0.32,1,"","","classic",1
"GO:0003094","glomerular filtration","BP",14,0,0.08,1,"","","classic",1
"GO:0003128","heart field specification","BP",9,0,0.05,1,"","","classic",1
"GO:0003139","secondary heart field specification","BP",5,0,0.03,1,"","","classic",1
"GO:0003146","heart jogging","BP",22,0,0.13,1,"","","classic",1
"GO:0003157","endocardium development","BP",8,0,0.05,1,"","","classic",1
"GO:0003158",NA,"BP",23,0,0.13,1,"","","classic",1
"GO:0003159",NA,"BP",5,0,0.03,1,"","","classic",1
"GO:0003170","heart valve development","BP",22,0,0.13,1,"","","classic",1
"GO:0003171","atrioventricular valve development","BP",16,0,0.09,1,"","","classic",1
"GO:0003179","heart valve morphogenesis","BP",12,0,0.07,1,"","","classic",1
"GO:0003181","atrioventricular valve morphogenesis","BP",10,0,0.06,1,"","","classic",1
"GO:0003197","endocardial cushion development","BP",6,0,0.03,1,"","","classic",1
"GO:0003205","cardiac chamber development","BP",28,0,0.16,1,"","","classic",1
"GO:0003206","cardiac chamber morphogenesis","BP",19,0,0.11,1,"","","classic",1
"GO:0003208","cardiac ventricle morphogenesis","BP",11,0,0.06,1,"","","classic",1
"GO:0003209","cardiac atrium morphogenesis","BP",5,0,0.03,1,"","","classic",1
"GO:0003229","ventricular cardiac muscle tissue development","BP",9,0,0.05,1,"","","classic",1
"GO:0003230","cardiac atrium development","BP",7,0,0.04,1,"","","classic",1
"GO:0003231","cardiac ventricle development","BP",15,0,0.09,1,"","","classic",1
"GO:0003260",NA,"BP",11,0,0.06,1,"","","classic",1
"GO:0003262","endocardial progenitor cell migration to the midline involved in heart field formation","BP",6,0,0.03,1,"","","classic",1
"GO:0003309","type B pancreatic cell differentiation","BP",19,0,0.11,1,"","","classic",1
"GO:0003310","pancreatic A cell differentiation","BP",6,0,0.03,1,"","","classic",1
"GO:0003313","heart rudiment development","BP",8,0,0.05,1,"","","classic",1
"GO:0003314",NA,"BP",5,0,0.03,1,"","","classic",1
"GO:0003315","heart rudiment formation","BP",5,0,0.03,1,"","","classic",1
"GO:0003318","cell migration to the midline involved in heart development","BP",16,0,0.09,1,"","","classic",1
"GO:0003323","type B pancreatic cell development","BP",14,0,0.08,1,"","","classic",1
"GO:0003341","cilium movement","BP",46,0,0.26,1,"","","classic",1
"GO:0003351","epithelial cilium movement involved in extracellular fluid movement","BP",12,0,0.07,1,"","","classic",1
"GO:0003401","axis elongation","BP",35,0,0.2,1,"","","classic",1
"GO:0003406","retinal pigment epithelium development","BP",10,0,0.06,1,"","","classic",1
"GO:0003407","neural retina development","BP",63,0,0.36,1,"","","classic",1
"GO:0005975","carbohydrate metabolic process","BP",235,0,1.35,1,"","","classic",1
"GO:0005976",NA,"BP",12,0,0.07,1,"","","classic",1
"GO:0005977","glycogen metabolic process","BP",11,0,0.06,1,"","","classic",1
"GO:0005978","glycogen biosynthetic process","BP",7,0,0.04,1,"","","classic",1
"GO:0005996","monosaccharide metabolic process","BP",44,0,0.25,1,"","","classic",1
"GO:0006000","fructose metabolic process","BP",6,0,0.03,1,"","","classic",1
"GO:0006002","fructose 6-phosphate metabolic process","BP",5,0,0.03,1,"","","classic",1
"GO:0006003","fructose 2,6-bisphosphate metabolic process","BP",5,0,0.03,1,"","","classic",1
"GO:0006006","glucose metabolic process","BP",19,0,0.11,1,"","","classic",1
"GO:0006013","mannose metabolic process","BP",7,0,0.04,1,"","","classic",1
"GO:0006022",NA,"BP",26,0,0.15,1,"","","classic",1
"GO:0006023",NA,"BP",11,0,0.06,1,"","","classic",1
"GO:0006024","glycosaminoglycan biosynthetic process","BP",10,0,0.06,1,"","","classic",1
"GO:0006026",NA,"BP",6,0,0.03,1,"","","classic",1
"GO:0006027",NA,"BP",6,0,0.03,1,"","","classic",1
"GO:0006029","proteoglycan metabolic process","BP",19,0,0.11,1,"","","classic",1
"GO:0006040",NA,"BP",5,0,0.03,1,"","","classic",1
"GO:0006066",NA,"BP",47,0,0.27,1,"","","classic",1
"GO:0006072","glycerol-3-phosphate metabolic process","BP",6,0,0.03,1,"","","classic",1
"GO:0006081","cellular aldehyde metabolic process","BP",15,0,0.09,1,"","","classic",1
"GO:0006084","acetyl-CoA metabolic process","BP",8,0,0.05,1,"","","classic",1
"GO:0006085","acetyl-CoA biosynthetic process","BP",6,0,0.03,1,"","","classic",1
"GO:0006090","pyruvate metabolic process","BP",41,0,0.24,1,"","","classic",1
"GO:0006091",NA,"BP",118,0,0.68,1,"","","classic",1
"GO:0006094","gluconeogenesis","BP",11,0,0.06,1,"","","classic",1
"GO:0006096","glycolytic process","BP",35,0,0.2,1,"","","classic",1
"GO:0006099","tricarboxylic acid cycle","BP",19,0,0.11,1,"","","classic",1
"GO:0006109",NA,"BP",10,0,0.06,1,"","","classic",1
"GO:0006112","energy reserve metabolic process","BP",14,0,0.08,1,"","","classic",1
"GO:0006119",NA,"BP",36,0,0.21,1,"","","classic",1
"GO:0006120","mitochondrial electron transport, NADH to ubiquinone","BP",7,0,0.04,1,"","","classic",1
"GO:0006122","mitochondrial electron transport, ubiquinol to cytochrome c","BP",6,0,0.03,1,"","","classic",1
"GO:0006123","mitochondrial electron transport, cytochrome c to oxygen","BP",17,0,0.1,1,"","","classic",1
"GO:0006144","purine nucleobase metabolic process","BP",6,0,0.03,1,"","","classic",1
"GO:0006166","purine ribonucleoside salvage","BP",5,0,0.03,1,"","","classic",1
"GO:0006171","cAMP biosynthetic process","BP",12,0,0.07,1,"","","classic",1
"GO:0006182","cGMP biosynthetic process","BP",11,0,0.06,1,"","","classic",1
"GO:0006183","GTP biosynthetic process","BP",8,0,0.05,1,"","","classic",1
"GO:0006195",NA,"BP",38,0,0.22,1,"","","classic",1
"GO:0006206","pyrimidine nucleobase metabolic process","BP",6,0,0.03,1,"","","classic",1
"GO:0006207","'de novo' pyrimidine nucleobase biosynthetic process","BP",5,0,0.03,1,"","","classic",1
"GO:0006213","pyrimidine nucleoside metabolic process","BP",5,0,0.03,1,"","","classic",1
"GO:0006220","pyrimidine nucleotide metabolic process","BP",17,0,0.1,1,"","","classic",1
"GO:0006221","pyrimidine nucleotide biosynthetic process","BP",16,0,0.09,1,"","","classic",1
"GO:0006228","UTP biosynthetic process","BP",8,0,0.05,1,"","","classic",1
"GO:0006241","CTP biosynthetic process","BP",10,0,0.06,1,"","","classic",1
"GO:0006260","DNA replication","BP",63,0,0.36,1,"","","classic",1
"GO:0006261","DNA-templated DNA replication","BP",24,0,0.14,1,"","","classic",1
"GO:0006265","DNA topological change","BP",6,0,0.03,1,"","","classic",1
"GO:0006270","DNA replication initiation","BP",11,0,0.06,1,"","","classic",1
"GO:0006278",NA,"BP",5,0,0.03,1,"","","classic",1
"GO:0006282","regulation of DNA repair","BP",8,0,0.05,1,"","","classic",1
"GO:0006284","base-excision repair","BP",11,0,0.06,1,"","","classic",1
"GO:0006289","nucleotide-excision repair","BP",15,0,0.09,1,"","","classic",1
"GO:0006298","mismatch repair","BP",6,0,0.03,1,"","","classic",1
"GO:0006302","double-strand break repair","BP",30,0,0.17,1,"","","classic",1
"GO:0006303","double-strand break repair via nonhomologous end joining","BP",6,0,0.03,1,"","","classic",1
"GO:0006308","DNA catabolic process","BP",8,0,0.05,1,"","","classic",1
"GO:0006310","DNA recombination","BP",54,0,0.31,1,"","","classic",1
"GO:0006313","transposition, DNA-mediated","BP",13,0,0.07,1,"","","classic",1
"GO:0006325","chromatin organization","BP",95,0,0.55,1,"","","classic",1
"GO:0006334","nucleosome assembly","BP",36,0,0.21,1,"","","classic",1
"GO:0006338","chromatin remodeling","BP",83,0,0.48,1,"","","classic",1
"GO:0006352","DNA-templated transcription initiation","BP",38,0,0.22,1,"","","classic",1
"GO:0006354",NA,"BP",18,0,0.1,1,"","","classic",1
"GO:0006360","transcription by RNA polymerase I","BP",8,0,0.05,1,"","","classic",1
"GO:0006364","rRNA processing","BP",47,0,0.27,1,"","","classic",1
"GO:0006367","transcription initiation at RNA polymerase II promoter","BP",14,0,0.08,1,"","","classic",1
"GO:0006368","transcription elongation by RNA polymerase II promoter","BP",15,0,0.09,1,"","","classic",1
"GO:0006383","transcription by RNA polymerase III","BP",18,0,0.1,1,"","","classic",1
"GO:0006384","transcription initiation at RNA polymerase III promoter","BP",6,0,0.03,1,"","","classic",1
"GO:0006400","tRNA modification","BP",28,0,0.16,1,"","","classic",1
"GO:0006401","RNA catabolic process","BP",47,0,0.27,1,"","","classic",1
"GO:0006402","mRNA catabolic process","BP",41,0,0.24,1,"","","classic",1
"GO:0006403",NA,"BP",17,0,0.1,1,"","","classic",1
"GO:0006405",NA,"BP",13,0,0.07,1,"","","classic",1
"GO:0006406","mRNA export from nucleus","BP",11,0,0.06,1,"","","classic",1
"GO:0006412","translation","BP",247,0,1.42,1,"","","classic",1
"GO:0006413","translational initiation","BP",34,0,0.2,1,"","","classic",1
"GO:0006414","translational elongation","BP",19,0,0.11,1,"","","classic",1
"GO:0006415","translational termination","BP",9,0,0.05,1,"","","classic",1
"GO:0006417","regulation of translation","BP",34,0,0.2,1,"","","classic",1
"GO:0006418","tRNA aminoacylation for protein translation","BP",37,0,0.21,1,"","","classic",1
"GO:0006446","regulation of translational initiation","BP",9,0,0.05,1,"","","classic",1
"GO:0006448",NA,"BP",5,0,0.03,1,"","","classic",1
"GO:0006457","protein folding","BP",65,0,0.37,1,"","","classic",1
"GO:0006465","signal peptide processing","BP",5,0,0.03,1,"","","classic",1
"GO:0006469","negative regulation of protein kinase activity","BP",9,0,0.05,1,"","","classic",1
"GO:0006479","protein methylation","BP",16,0,0.09,1,"","","classic",1
"GO:0006486","protein glycosylation","BP",122,0,0.7,1,"","","classic",1
"GO:0006487","protein N-linked glycosylation","BP",17,0,0.1,1,"","","classic",1
"GO:0006488","dolichol-linked oligosaccharide biosynthetic process","BP",7,0,0.04,1,"","","classic",1
"GO:0006493","protein O-linked glycosylation","BP",9,0,0.05,1,"","","classic",1
"GO:0006497","protein lipidation","BP",11,0,0.06,1,"","","classic",1
"GO:0006505",NA,"BP",16,0,0.09,1,"","","classic",1
"GO:0006506","GPI anchor biosynthetic process","BP",16,0,0.09,1,"","","classic",1
"GO:0006518","peptide metabolic process","BP",6,0,0.03,1,"","","classic",1
"GO:0006525","arginine metabolic process","BP",7,0,0.04,1,"","","classic",1
"GO:0006544","glycine metabolic process","BP",9,0,0.05,1,"","","classic",1
"GO:0006545","glycine biosynthetic process","BP",5,0,0.03,1,"","","classic",1
"GO:0006555","methionine metabolic process","BP",10,0,0.06,1,"","","classic",1
"GO:0006560",NA,"BP",8,0,0.05,1,"","","classic",1
"GO:0006568",NA,"BP",7,0,0.04,1,"","","classic",1
"GO:0006569","tryptophan catabolic process","BP",7,0,0.04,1,"","","classic",1
"GO:0006575","cellular modified amino acid metabolic process","BP",44,0,0.25,1,"","","classic",1
"GO:0006576",NA,"BP",18,0,0.1,1,"","","classic",1
"GO:0006586",NA,"BP",7,0,0.04,1,"","","classic",1
"GO:0006595","polyamine metabolic process","BP",9,0,0.05,1,"","","classic",1
"GO:0006596","polyamine biosynthetic process","BP",5,0,0.03,1,"","","classic",1
"GO:0006599",NA,"BP",8,0,0.05,1,"","","classic",1
"GO:0006603",NA,"BP",8,0,0.05,1,"","","classic",1
"GO:0006605","protein targeting","BP",38,0,0.22,1,"","","classic",1
"GO:0006606","protein import into nucleus","BP",16,0,0.09,1,"","","classic",1
"GO:0006612",NA,"BP",13,0,0.07,1,"","","classic",1
"GO:0006613",NA,"BP",11,0,0.06,1,"","","classic",1
"GO:0006614","SRP-dependent cotranslational protein targeting to membrane","BP",11,0,0.06,1,"","","classic",1
"GO:0006623","protein targeting to vacuole","BP",5,0,0.03,1,"","","classic",1
"GO:0006626",NA,"BP",15,0,0.09,1,"","","classic",1
"GO:0006631","fatty acid metabolic process","BP",46,0,0.26,1,"","","classic",1
"GO:0006633","fatty acid biosynthetic process","BP",25,0,0.14,1,"","","classic",1
"GO:0006635","fatty acid beta-oxidation","BP",12,0,0.07,1,"","","classic",1
"GO:0006637","acyl-CoA metabolic process","BP",17,0,0.1,1,"","","classic",1
"GO:0006638",NA,"BP",6,0,0.03,1,"","","classic",1
"GO:0006639",NA,"BP",6,0,0.03,1,"","","classic",1
"GO:0006641",NA,"BP",6,0,0.03,1,"","","classic",1
"GO:0006643",NA,"BP",59,0,0.34,1,"","","classic",1
"GO:0006658","phosphatidylserine metabolic process","BP",5,0,0.03,1,"","","classic",1
"GO:0006664",NA,"BP",31,0,0.18,1,"","","classic",1
"GO:0006665","sphingolipid metabolic process","BP",37,0,0.21,1,"","","classic",1
"GO:0006672","ceramide metabolic process","BP",22,0,0.13,1,"","","classic",1
"GO:0006687","glycosphingolipid metabolic process","BP",9,0,0.05,1,"","","classic",1
"GO:0006690",NA,"BP",8,0,0.05,1,"","","classic",1
"GO:0006699","bile acid biosynthetic process","BP",6,0,0.03,1,"","","classic",1
"GO:0006720",NA,"BP",32,0,0.18,1,"","","classic",1
"GO:0006721",NA,"BP",22,0,0.13,1,"","","classic",1
"GO:0006739",NA,"BP",6,0,0.03,1,"","","classic",1
"GO:0006743",NA,"BP",10,0,0.06,1,"","","classic",1
"GO:0006744","ubiquinone biosynthetic process","BP",10,0,0.06,1,"","","classic",1
"GO:0006749","glutathione metabolic process","BP",14,0,0.08,1,"","","classic",1
"GO:0006751","glutathione catabolic process","BP",9,0,0.05,1,"","","classic",1
"GO:0006760",NA,"BP",9,0,0.05,1,"","","classic",1
"GO:0006766",NA,"BP",18,0,0.1,1,"","","classic",1
"GO:0006767",NA,"BP",7,0,0.04,1,"","","classic",1
"GO:0006775",NA,"BP",6,0,0.03,1,"","","classic",1
"GO:0006777","Mo-molybdopterin cofactor biosynthetic process","BP",6,0,0.03,1,"","","classic",1
"GO:0006783","heme biosynthetic process","BP",9,0,0.05,1,"","","classic",1
"GO:0006790",NA,"BP",74,0,0.43,1,"","","classic",1
"GO:0006801","superoxide metabolic process","BP",11,0,0.06,1,"","","classic",1
"GO:0006805","xenobiotic metabolic process","BP",8,0,0.05,1,"","","classic",1
"GO:0006809","nitric oxide biosynthetic process","BP",7,0,0.04,1,"","","classic",1
"GO:0006817","phosphate ion transport","BP",9,0,0.05,1,"","","classic",1
"GO:0006820","anion transport","BP",57,0,0.33,1,"","","classic",1
"GO:0006821","chloride transport","BP",37,0,0.21,1,"","","classic",1
"GO:0006826","iron ion transport","BP",17,0,0.1,1,"","","classic",1
"GO:0006836","neurotransmitter transport","BP",29,0,0.17,1,"","","classic",1
"GO:0006839","mitochondrial transport","BP",41,0,0.24,1,"","","classic",1
"GO:0006848",NA,"BP",5,0,0.03,1,"","","classic",1
"GO:0006851","mitochondrial calcium ion transmembrane transport","BP",9,0,0.05,1,"","","classic",1
"GO:0006858",NA,"BP",12,0,0.07,1,"","","classic",1
"GO:0006865","amino acid transport","BP",17,0,0.1,1,"","","classic",1
"GO:0006869","lipid transport","BP",133,0,0.77,1,"","","classic",1
"GO:0006879","cellular iron ion homeostasis","BP",14,0,0.08,1,"","","classic",1
"GO:0006885","regulation of pH","BP",16,0,0.09,1,"","","classic",1
"GO:0006890","retrograde vesicle-mediated transport, Golgi to endoplasmic reticulum","BP",11,0,0.06,1,"","","classic",1
"GO:0006892","post-Golgi vesicle-mediated transport","BP",9,0,0.05,1,"","","classic",1
"GO:0006898","receptor-mediated endocytosis","BP",20,0,0.12,1,"","","classic",1
"GO:0006909","phagocytosis","BP",11,0,0.06,1,"","","classic",1
"GO:0006913","nucleocytoplasmic transport","BP",39,0,0.22,1,"","","classic",1
"GO:0006915","apoptotic process","BP",284,0,1.63,1,"","","classic",1
"GO:0006937","regulation of muscle contraction","BP",23,0,0.13,1,"","","classic",1
"GO:0006939","smooth muscle contraction","BP",16,0,0.09,1,"","","classic",1
"GO:0006940","regulation of smooth muscle contraction","BP",8,0,0.05,1,"","","classic",1
"GO:0006941","striated muscle contraction","BP",17,0,0.1,1,"","","classic",1
"GO:0006942",NA,"BP",6,0,0.03,1,"","","classic",1
"GO:0006949",NA,"BP",12,0,0.07,1,"","","classic",1
"GO:0006954","inflammatory response","BP",58,0,0.33,1,"","","classic",1
"GO:0006956","complement activation","BP",24,0,0.14,1,"","","classic",1
"GO:0006959","humoral immune response","BP",31,0,0.18,1,"","","classic",1
"GO:0006970","response to osmotic stress","BP",9,0,0.05,1,"","","classic",1
"GO:0006979","response to oxidative stress","BP",40,0,0.23,1,"","","classic",1
"GO:0006986","response to unfolded protein","BP",11,0,0.06,1,"","","classic",1
"GO:0006997","nucleus organization","BP",12,0,0.07,1,"","","classic",1
"GO:0007004","telomere maintenance via telomerase","BP",5,0,0.03,1,"","","classic",1
"GO:0007006",NA,"BP",7,0,0.04,1,"","","classic",1
"GO:0007007",NA,"BP",5,0,0.03,1,"","","classic",1
"GO:0007009","plasma membrane organization","BP",44,0,0.25,1,"","","classic",1
"GO:0007017","microtubule-based process","BP",304,0,1.75,1,"","","classic",1
"GO:0007018","microtubule-based movement","BP",148,0,0.85,1,"","","classic",1
"GO:0007020","microtubule nucleation","BP",7,0,0.04,1,"","","classic",1
"GO:0007029","endoplasmic reticulum organization","BP",18,0,0.1,1,"","","classic",1
"GO:0007030","Golgi organization","BP",8,0,0.05,1,"","","classic",1
"GO:0007033","vacuole organization","BP",20,0,0.12,1,"","","classic",1
"GO:0007034","vacuolar transport","BP",23,0,0.13,1,"","","classic",1
"GO:0007040","lysosome organization","BP",7,0,0.04,1,"","","classic",1
"GO:0007041","lysosomal transport","BP",5,0,0.03,1,"","","classic",1
"GO:0007043","cell-cell junction assembly","BP",15,0,0.09,1,"","","classic",1
"GO:0007051","spindle organization","BP",31,0,0.18,1,"","","classic",1
"GO:0007052","mitotic spindle organization","BP",15,0,0.09,1,"","","classic",1
"GO:0007059","chromosome segregation","BP",57,0,0.33,1,"","","classic",1
"GO:0007062","sister chromatid cohesion","BP",15,0,0.09,1,"","","classic",1
"GO:0007064","mitotic sister chromatid cohesion","BP",10,0,0.06,1,"","","classic",1
"GO:0007088","regulation of mitotic nuclear division","BP",19,0,0.11,1,"","","classic",1
"GO:0007091",NA,"BP",13,0,0.07,1,"","","classic",1
"GO:0007094","mitotic spindle assembly checkpoint signaling","BP",11,0,0.06,1,"","","classic",1
"GO:0007098","centrosome cycle","BP",15,0,0.09,1,"","","classic",1
"GO:0007099","centriole replication","BP",8,0,0.05,1,"","","classic",1
"GO:0007127","meiosis I","BP",13,0,0.07,1,"","","classic",1
"GO:0007129","homologous chromosome pairing at meiosis","BP",7,0,0.04,1,"","","classic",1
"GO:0007130","synaptonemal complex assembly","BP",5,0,0.03,1,"","","classic",1
"GO:0007131","reciprocal meiotic recombination","BP",6,0,0.03,1,"","","classic",1
"GO:0007159",NA,"BP",5,0,0.03,1,"","","classic",1
"GO:0007160","cell-matrix adhesion","BP",35,0,0.2,1,"","","classic",1
"GO:0007162",NA,"BP",17,0,0.1,1,"","","classic",1
"GO:0007164",NA,"BP",8,0,0.05,1,"","","classic",1
"GO:0007178","transmembrane receptor protein serine/threonine kinase signaling pathway","BP",95,0,0.55,1,"","","classic",1
"GO:0007179","transforming growth factor beta receptor signaling pathway","BP",25,0,0.14,1,"","","classic",1
"GO:0007189","adenylate cyclase-activating G protein-coupled receptor signaling pathway","BP",12,0,0.07,1,"","","classic",1
"GO:0007193","adenylate cyclase-inhibiting G protein-coupled receptor signaling pathway","BP",7,0,0.04,1,"","","classic",1
"GO:0007194","negative regulation of adenylate cyclase activity","BP",9,0,0.05,1,"","","classic",1
"GO:0007195","adenylate cyclase-inhibiting dopamine receptor signaling pathway","BP",5,0,0.03,1,"","","classic",1
"GO:0007200","phospholipase C-activating G protein-coupled receptor signaling pathway","BP",6,0,0.03,1,"","","classic",1
"GO:0007212","dopamine receptor signaling pathway","BP",8,0,0.05,1,"","","classic",1
"GO:0007214","gamma-aminobutyric acid signaling pathway","BP",9,0,0.05,1,"","","classic",1
"GO:0007215",NA,"BP",8,0,0.05,1,"","","classic",1
"GO:0007216","G protein-coupled glutamate receptor signaling pathway","BP",6,0,0.03,1,"","","classic",1
"GO:0007218","neuropeptide signaling pathway","BP",15,0,0.09,1,"","","classic",1
"GO:0007223","Wnt signaling pathway, calcium modulating pathway","BP",5,0,0.03,1,"","","classic",1
"GO:0007224","smoothened signaling pathway","BP",37,0,0.21,1,"","","classic",1
"GO:0007229","integrin-mediated signaling pathway","BP",16,0,0.09,1,"","","classic",1
"GO:0007249","I-kappaB kinase/NF-kappaB signaling","BP",16,0,0.09,1,"","","classic",1
"GO:0007254","JNK cascade","BP",9,0,0.05,1,"","","classic",1
"GO:0007259","receptor signaling pathway via JAK-STAT","BP",6,0,0.03,1,"","","classic",1
"GO:0007265","Ras protein signal transduction","BP",14,0,0.08,1,"","","classic",1
"GO:0007266","Rho protein signal transduction","BP",25,0,0.14,1,"","","classic",1
"GO:0007267","cell-cell signaling","BP",118,0,0.68,1,"","","classic",1
"GO:0007268","chemical synaptic transmission","BP",80,0,0.46,1,"","","classic",1
"GO:0007269","neurotransmitter secretion","BP",19,0,0.11,1,"","","classic",1
"GO:0007271","synaptic transmission, cholinergic","BP",5,0,0.03,1,"","","classic",1
"GO:0007272",NA,"BP",34,0,0.2,1,"","","classic",1
"GO:0007276","gamete generation","BP",73,0,0.42,1,"","","classic",1
"GO:0007281","germ cell development","BP",41,0,0.24,1,"","","classic",1
"GO:0007283","spermatogenesis","BP",27,0,0.16,1,"","","classic",1
"GO:0007286","spermatid development","BP",8,0,0.05,1,"","","classic",1
"GO:0007292","female gamete generation","BP",32,0,0.18,1,"","","classic",1
"GO:0007338",NA,"BP",23,0,0.13,1,"","","classic",1
"GO:0007339","binding of sperm to zona pellucida","BP",12,0,0.07,1,"","","classic",1
"GO:0007343","egg activation","BP",5,0,0.03,1,"","","classic",1
"GO:0007350",NA,"BP",6,0,0.03,1,"","","classic",1
"GO:0007351",NA,"BP",5,0,0.03,1,"","","classic",1
"GO:0007369","gastrulation","BP",182,0,1.05,1,"","","classic",1
"GO:0007379",NA,"BP",5,0,0.03,1,"","","classic",1
"GO:0007398","ectoderm development","BP",5,0,0.03,1,"","","classic",1
"GO:0007413","axonal fasciculation","BP",8,0,0.05,1,"","","classic",1
"GO:0007416","synapse assembly","BP",23,0,0.13,1,"","","classic",1
"GO:0007418","ventral midline development","BP",7,0,0.04,1,"","","classic",1
"GO:0007422","peripheral nervous system development","BP",39,0,0.22,1,"","","classic",1
"GO:0007501",NA,"BP",6,0,0.03,1,"","","classic",1
"GO:0007519","skeletal muscle tissue development","BP",76,0,0.44,1,"","","classic",1
"GO:0007520","myoblast fusion","BP",11,0,0.06,1,"","","classic",1
"GO:0007525","somatic muscle development","BP",5,0,0.03,1,"","","classic",1
"GO:0007528","neuromuscular junction development","BP",15,0,0.09,1,"","","classic",1
"GO:0007530","sex determination","BP",5,0,0.03,1,"","","classic",1
"GO:0007548","sex differentiation","BP",14,0,0.08,1,"","","classic",1
"GO:0007586","digestion","BP",22,0,0.13,1,"","","classic",1
"GO:0007601","visual perception","BP",88,0,0.51,1,"","","classic",1
"GO:0007602","phototransduction","BP",21,0,0.12,1,"","","classic",1
"GO:0007605","sensory perception of sound","BP",36,0,0.21,1,"","","classic",1
"GO:0007611",NA,"BP",5,0,0.03,1,"","","classic",1
"GO:0007612",NA,"BP",5,0,0.03,1,"","","classic",1
"GO:0007631","feeding behavior","BP",13,0,0.07,1,"","","classic",1
"GO:0007632","visual behavior","BP",19,0,0.11,1,"","","classic",1
"GO:0007634","optokinetic behavior","BP",17,0,0.1,1,"","","classic",1
"GO:0008015","blood circulation","BP",144,0,0.83,1,"","","classic",1
"GO:0008016","regulation of heart contraction","BP",43,0,0.25,1,"","","classic",1
"GO:0008037",NA,"BP",28,0,0.16,1,"","","classic",1
"GO:0008038",NA,"BP",16,0,0.09,1,"","","classic",1
"GO:0008045","motor neuron axon guidance","BP",19,0,0.11,1,"","","classic",1
"GO:0008053","mitochondrial fusion","BP",6,0,0.03,1,"","","classic",1
"GO:0008063","Toll signaling pathway","BP",6,0,0.03,1,"","","classic",1
"GO:0008078","mesodermal cell migration","BP",9,0,0.05,1,"","","classic",1
"GO:0008088",NA,"BP",5,0,0.03,1,"","","classic",1
"GO:0008203","cholesterol metabolic process","BP",9,0,0.05,1,"","","classic",1
"GO:0008206",NA,"BP",6,0,0.03,1,"","","classic",1
"GO:0008213",NA,"BP",16,0,0.09,1,"","","classic",1
"GO:0008217","regulation of blood pressure","BP",21,0,0.12,1,"","","classic",1
"GO:0008219","cell death","BP",288,0,1.66,1,"","","classic",1
"GO:0008277","regulation of G protein-coupled receptor signaling pathway","BP",12,0,0.07,1,"","","classic",1
"GO:0008283","cell population proliferation","BP",169,0,0.97,1,"","","classic",1
"GO:0008284","positive regulation of cell population proliferation","BP",19,0,0.11,1,"","","classic",1
"GO:0008285","negative regulation of cell population proliferation","BP",31,0,0.18,1,"","","classic",1
"GO:0008286","insulin receptor signaling pathway","BP",12,0,0.07,1,"","","classic",1
"GO:0008299","isoprenoid biosynthetic process","BP",17,0,0.1,1,"","","classic",1
"GO:0008343","adult feeding behavior","BP",6,0,0.03,1,"","","classic",1
"GO:0008345","larval locomotory behavior","BP",9,0,0.05,1,"","","classic",1
"GO:0008354","germ cell migration","BP",9,0,0.05,1,"","","classic",1
"GO:0008360","regulation of cell shape","BP",12,0,0.07,1,"","","classic",1
"GO:0008361","regulation of cell size","BP",36,0,0.21,1,"","","classic",1
"GO:0008366",NA,"BP",34,0,0.2,1,"","","classic",1
"GO:0008406","gonad development","BP",10,0,0.06,1,"","","classic",1
"GO:0008535","respiratory chain complex IV assembly","BP",7,0,0.04,1,"","","classic",1
"GO:0008543","fibroblast growth factor receptor signaling pathway","BP",44,0,0.25,1,"","","classic",1
"GO:0008585","female gonad development","BP",6,0,0.03,1,"","","classic",1
"GO:0008589","regulation of smoothened signaling pathway","BP",21,0,0.12,1,"","","classic",1
"GO:0008592","regulation of Toll signaling pathway","BP",5,0,0.03,1,"","","classic",1
"GO:0008593","regulation of Notch signaling pathway","BP",23,0,0.13,1,"","","classic",1
"GO:0008595","anterior/posterior axis specification, embryo","BP",5,0,0.03,1,"","","classic",1
"GO:0008630","intrinsic apoptotic signaling pathway in response to DNA damage","BP",10,0,0.06,1,"","","classic",1
"GO:0008643","carbohydrate transport","BP",21,0,0.12,1,"","","classic",1
"GO:0008645","hexose transmembrane transport","BP",5,0,0.03,1,"","","classic",1
"GO:0009060",NA,"BP",55,0,0.32,1,"","","classic",1
"GO:0009062","fatty acid catabolic process","BP",15,0,0.09,1,"","","classic",1
"GO:0009063","cellular amino acid catabolic process","BP",27,0,0.16,1,"","","classic",1
"GO:0009065",NA,"BP",6,0,0.03,1,"","","classic",1
"GO:0009066",NA,"BP",14,0,0.08,1,"","","classic",1
"GO:0009067",NA,"BP",11,0,0.06,1,"","","classic",1
"GO:0009069",NA,"BP",12,0,0.07,1,"","","classic",1
"GO:0009070",NA,"BP",8,0,0.05,1,"","","classic",1
"GO:0009072","aromatic amino acid family metabolic process","BP",23,0,0.13,1,"","","classic",1
"GO:0009074",NA,"BP",12,0,0.07,1,"","","classic",1
"GO:0009081","branched-chain amino acid metabolic process","BP",5,0,0.03,1,"","","classic",1
"GO:0009086","methionine biosynthetic process","BP",8,0,0.05,1,"","","classic",1
"GO:0009100",NA,"BP",138,0,0.79,1,"","","classic",1
"GO:0009101",NA,"BP",133,0,0.77,1,"","","classic",1
"GO:0009110",NA,"BP",6,0,0.03,1,"","","classic",1
"GO:0009112",NA,"BP",12,0,0.07,1,"","","classic",1
"GO:0009116","nucleoside metabolic process","BP",21,0,0.12,1,"","","classic",1
"GO:0009119",NA,"BP",10,0,0.06,1,"","","classic",1
"GO:0009132",NA,"BP",37,0,0.21,1,"","","classic",1
"GO:0009134",NA,"BP",35,0,0.2,1,"","","classic",1
"GO:0009135",NA,"BP",35,0,0.2,1,"","","classic",1
"GO:0009137",NA,"BP",35,0,0.2,1,"","","classic",1
"GO:0009147",NA,"BP",11,0,0.06,1,"","","classic",1
"GO:0009148",NA,"BP",10,0,0.06,1,"","","classic",1
"GO:0009154",NA,"BP",37,0,0.21,1,"","","classic",1
"GO:0009163",NA,"BP",5,0,0.03,1,"","","classic",1
"GO:0009164",NA,"BP",5,0,0.03,1,"","","classic",1
"GO:0009166","nucleotide catabolic process","BP",46,0,0.26,1,"","","classic",1
"GO:0009179",NA,"BP",35,0,0.2,1,"","","classic",1
"GO:0009181",NA,"BP",35,0,0.2,1,"","","classic",1
"GO:0009185",NA,"BP",36,0,0.21,1,"","","classic",1
"GO:0009187",NA,"BP",36,0,0.21,1,"","","classic",1
"GO:0009190","cyclic nucleotide biosynthetic process","BP",34,0,0.2,1,"","","classic",1
"GO:0009191",NA,"BP",35,0,0.2,1,"","","classic",1
"GO:0009208",NA,"BP",10,0,0.06,1,"","","classic",1
"GO:0009209",NA,"BP",10,0,0.06,1,"","","classic",1
"GO:0009218",NA,"BP",12,0,0.07,1,"","","classic",1
"GO:0009220",NA,"BP",12,0,0.07,1,"","","classic",1
"GO:0009225",NA,"BP",9,0,0.05,1,"","","classic",1
"GO:0009226","nucleotide-sugar biosynthetic process","BP",5,0,0.03,1,"","","classic",1
"GO:0009247","glycolipid biosynthetic process","BP",23,0,0.13,1,"","","classic",1
"GO:0009250",NA,"BP",7,0,0.04,1,"","","classic",1
"GO:0009261",NA,"BP",37,0,0.21,1,"","","classic",1
"GO:0009262",NA,"BP",7,0,0.04,1,"","","classic",1
"GO:0009263","deoxyribonucleotide biosynthetic process","BP",5,0,0.03,1,"","","classic",1
"GO:0009266","response to temperature stimulus","BP",27,0,0.16,1,"","","classic",1
"GO:0009267","cellular response to starvation","BP",6,0,0.03,1,"","","classic",1
"GO:0009306","protein secretion","BP",17,0,0.1,1,"","","classic",1
"GO:0009308","amine metabolic process","BP",21,0,0.12,1,"","","classic",1
"GO:0009309",NA,"BP",7,0,0.04,1,"","","classic",1
"GO:0009395","phospholipid catabolic process","BP",13,0,0.07,1,"","","classic",1
"GO:0009396","folic acid-containing compound biosynthetic process","BP",6,0,0.03,1,"","","classic",1
"GO:0009408","response to heat","BP",13,0,0.07,1,"","","classic",1
"GO:0009409","response to cold","BP",8,0,0.05,1,"","","classic",1
"GO:0009410","response to xenobiotic stimulus","BP",26,0,0.15,1,"","","classic",1
"GO:0009411","response to UV","BP",5,0,0.03,1,"","","classic",1
"GO:0009416","response to light stimulus","BP",76,0,0.44,1,"","","classic",1
"GO:0009448","gamma-aminobutyric acid metabolic process","BP",5,0,0.03,1,"","","classic",1
"GO:0009451","RNA modification","BP",67,0,0.39,1,"","","classic",1
"GO:0009452","7-methylguanosine RNA capping","BP",5,0,0.03,1,"","","classic",1
"GO:0009566",NA,"BP",23,0,0.13,1,"","","classic",1
"GO:0009581",NA,"BP",43,0,0.25,1,"","","classic",1
"GO:0009582",NA,"BP",43,0,0.25,1,"","","classic",1
"GO:0009583","detection of light stimulus","BP",30,0,0.17,1,"","","classic",1
"GO:0009612","response to mechanical stimulus","BP",27,0,0.16,1,"","","classic",1
"GO:0009620",NA,"BP",21,0,0.12,1,"","","classic",1
"GO:0009636","response to toxic substance","BP",11,0,0.06,1,"","","classic",1
"GO:0009648","photoperiodism","BP",8,0,0.05,1,"","","classic",1
"GO:0009651","response to salt stress","BP",7,0,0.04,1,"","","classic",1
"GO:0009743",NA,"BP",8,0,0.05,1,"","","classic",1
"GO:0009746",NA,"BP",8,0,0.05,1,"","","classic",1
"GO:0009749","response to glucose","BP",8,0,0.05,1,"","","classic",1
"GO:0009755","hormone-mediated signaling pathway","BP",26,0,0.15,1,"","","classic",1
"GO:0009792","embryo development ending in birth or egg hatching","BP",322,0,1.85,1,"","","classic",1
"GO:0009798",NA,"BP",33,0,0.19,1,"","","classic",1
"GO:0009826","unidimensional cell growth","BP",6,0,0.03,1,"","","classic",1
"GO:0009880","embryonic pattern specification","BP",26,0,0.15,1,"","","classic",1
"GO:0009891",NA,"BP",149,0,0.86,1,"","","classic",1
"GO:0009893",NA,"BP",190,0,1.09,1,"","","classic",1
"GO:0009894",NA,"BP",65,0,0.37,1,"","","classic",1
"GO:0009896",NA,"BP",23,0,0.13,1,"","","classic",1
"GO:0009913","epidermal cell differentiation","BP",47,0,0.27,1,"","","classic",1
"GO:0009914",NA,"BP",18,0,0.1,1,"","","classic",1
"GO:0009948","anterior/posterior axis specification","BP",16,0,0.09,1,"","","classic",1
"GO:0009950","dorsal/ventral axis specification","BP",9,0,0.05,1,"","","classic",1
"GO:0009952","anterior/posterior pattern specification","BP",112,0,0.64,1,"","","classic",1
"GO:0009966","regulation of signal transduction","BP",410,0,2.36,1,"","","classic",1
"GO:0009967",NA,"BP",96,0,0.55,1,"","","classic",1
"GO:0009968","negative regulation of signal transduction","BP",138,0,0.79,1,"","","classic",1
"GO:0009988",NA,"BP",12,0,0.07,1,"","","classic",1
"GO:0009994",NA,"BP",16,0,0.09,1,"","","classic",1
"GO:0009996",NA,"BP",8,0,0.05,1,"","","classic",1
"GO:0010038","response to metal ion","BP",25,0,0.14,1,"","","classic",1
"GO:0010092",NA,"BP",12,0,0.07,1,"","","classic",1
"GO:0010171","body morphogenesis","BP",11,0,0.06,1,"","","classic",1
"GO:0010256",NA,"BP",74,0,0.43,1,"","","classic",1
"GO:0010257",NA,"BP",6,0,0.03,1,"","","classic",1
"GO:0010389","regulation of G2/M transition of mitotic cell cycle","BP",6,0,0.03,1,"","","classic",1
"GO:0010453",NA,"BP",15,0,0.09,1,"","","classic",1
"GO:0010454",NA,"BP",8,0,0.05,1,"","","classic",1
"GO:0010469",NA,"BP",6,0,0.03,1,"","","classic",1
"GO:0010498","proteasomal protein catabolic process","BP",31,0,0.18,1,"","","classic",1
"GO:0010506","regulation of autophagy","BP",27,0,0.16,1,"","","classic",1
"GO:0010508","positive regulation of autophagy","BP",8,0,0.05,1,"","","classic",1
"GO:0010557",NA,"BP",145,0,0.83,1,"","","classic",1
"GO:0010562",NA,"BP",14,0,0.08,1,"","","classic",1
"GO:0010563",NA,"BP",13,0,0.07,1,"","","classic",1
"GO:0010565",NA,"BP",8,0,0.05,1,"","","classic",1
"GO:0010604",NA,"BP",175,0,1.01,1,"","","classic",1
"GO:0010608",NA,"BP",54,0,0.31,1,"","","classic",1
"GO:0010628","positive regulation of gene expression","BP",26,0,0.15,1,"","","classic",1
"GO:0010629","negative regulation of gene expression","BP",83,0,0.48,1,"","","classic",1
"GO:0010631",NA,"BP",8,0,0.05,1,"","","classic",1
"GO:0010638",NA,"BP",15,0,0.09,1,"","","classic",1
"GO:0010646",NA,"BP",447,0,2.57,1,"","","classic",1
"GO:0010647",NA,"BP",99,0,0.57,1,"","","classic",1
"GO:0010648",NA,"BP",140,0,0.81,1,"","","classic",1
"GO:0010669","epithelial structure maintenance","BP",15,0,0.09,1,"","","classic",1
"GO:0010720",NA,"BP",21,0,0.12,1,"","","classic",1
"GO:0010721",NA,"BP",18,0,0.1,1,"","","classic",1
"GO:0010833",NA,"BP",5,0,0.03,1,"","","classic",1
"GO:0010842","retina layer formation","BP",26,0,0.15,1,"","","classic",1
"GO:0010876",NA,"BP",133,0,0.77,1,"","","classic",1
"GO:0010906","regulation of glucose metabolic process","BP",6,0,0.03,1,"","","classic",1
"GO:0010959",NA,"BP",16,0,0.09,1,"","","classic",1
"GO:0010960","magnesium ion homeostasis","BP",5,0,0.03,1,"","","classic",1
"GO:0010965",NA,"BP",11,0,0.06,1,"","","classic",1
"GO:0010970",NA,"BP",22,0,0.13,1,"","","classic",1
"GO:0010972","negative regulation of G2/M transition of mitotic cell cycle","BP",5,0,0.03,1,"","","classic",1
"GO:0010975","regulation of neuron projection development","BP",35,0,0.2,1,"","","classic",1
"GO:0010977",NA,"BP",6,0,0.03,1,"","","classic",1
"GO:0012501",NA,"BP",286,0,1.65,1,"","","classic",1
"GO:0014003","oligodendrocyte development","BP",14,0,0.08,1,"","","classic",1
"GO:0014020",NA,"BP",5,0,0.03,1,"","","classic",1
"GO:0014028","notochord formation","BP",5,0,0.03,1,"","","classic",1
"GO:0014029","neural crest formation","BP",13,0,0.07,1,"","","classic",1
"GO:0014032","neural crest cell development","BP",71,0,0.41,1,"","","classic",1
"GO:0014033","neural crest cell differentiation","BP",77,0,0.44,1,"","","classic",1
"GO:0014037","Schwann cell differentiation","BP",15,0,0.09,1,"","","classic",1
"GO:0014044","Schwann cell development","BP",15,0,0.09,1,"","","classic",1
"GO:0014074",NA,"BP",15,0,0.09,1,"","","classic",1
"GO:0014706","striated muscle tissue development","BP",130,0,0.75,1,"","","classic",1
"GO:0014812","muscle cell migration","BP",7,0,0.04,1,"","","classic",1
"GO:0014823","response to activity","BP",13,0,0.07,1,"","","classic",1
"GO:0014855",NA,"BP",12,0,0.07,1,"","","classic",1
"GO:0014866","skeletal myofibril assembly","BP",13,0,0.07,1,"","","classic",1
"GO:0014902",NA,"BP",50,0,0.29,1,"","","classic",1
"GO:0014904",NA,"BP",39,0,0.22,1,"","","classic",1
"GO:0015012","heparan sulfate proteoglycan biosynthetic process","BP",11,0,0.06,1,"","","classic",1
"GO:0015074","DNA integration","BP",105,0,0.6,1,"","","classic",1
"GO:0015669",NA,"BP",17,0,0.1,1,"","","classic",1
"GO:0015671","oxygen transport","BP",15,0,0.09,1,"","","classic",1
"GO:0015693","magnesium ion transport","BP",7,0,0.04,1,"","","classic",1
"GO:0015698","inorganic anion transport","BP",49,0,0.28,1,"","","classic",1
"GO:0015711","organic anion transport","BP",60,0,0.35,1,"","","classic",1
"GO:0015718","monocarboxylic acid transport","BP",34,0,0.2,1,"","","classic",1
"GO:0015721","bile acid and bile salt transport","BP",5,0,0.03,1,"","","classic",1
"GO:0015748",NA,"BP",54,0,0.31,1,"","","classic",1
"GO:0015749",NA,"BP",7,0,0.04,1,"","","classic",1
"GO:0015780",NA,"BP",6,0,0.03,1,"","","classic",1
"GO:0015833","peptide transport","BP",15,0,0.09,1,"","","classic",1
"GO:0015849",NA,"BP",45,0,0.26,1,"","","classic",1
"GO:0015850","organic hydroxy compound transport","BP",18,0,0.1,1,"","","classic",1
"GO:0015908","fatty acid transport","BP",17,0,0.1,1,"","","classic",1
"GO:0015909","long-chain fatty acid transport","BP",15,0,0.09,1,"","","classic",1
"GO:0015914","phospholipid transport","BP",45,0,0.26,1,"","","classic",1
"GO:0015918",NA,"BP",8,0,0.05,1,"","","classic",1
"GO:0015931",NA,"BP",29,0,0.17,1,"","","classic",1
"GO:0015936",NA,"BP",6,0,0.03,1,"","","classic",1
"GO:0015937","coenzyme A biosynthetic process","BP",6,0,0.03,1,"","","classic",1
"GO:0015980",NA,"BP",71,0,0.41,1,"","","classic",1
"GO:0016042","lipid catabolic process","BP",67,0,0.39,1,"","","classic",1
"GO:0016049",NA,"BP",76,0,0.44,1,"","","classic",1
"GO:0016051","carbohydrate biosynthetic process","BP",31,0,0.18,1,"","","classic",1
"GO:0016052","carbohydrate catabolic process","BP",39,0,0.22,1,"","","classic",1
"GO:0016054",NA,"BP",45,0,0.26,1,"","","classic",1
"GO:0016072","rRNA metabolic process","BP",53,0,0.31,1,"","","classic",1
"GO:0016073",NA,"BP",10,0,0.06,1,"","","classic",1
"GO:0016079","synaptic vesicle exocytosis","BP",7,0,0.04,1,"","","classic",1
"GO:0016101",NA,"BP",21,0,0.12,1,"","","classic",1
"GO:0016102",NA,"BP",8,0,0.05,1,"","","classic",1
"GO:0016114",NA,"BP",9,0,0.05,1,"","","classic",1
"GO:0016125","sterol metabolic process","BP",18,0,0.1,1,"","","classic",1
"GO:0016126","sterol biosynthetic process","BP",8,0,0.05,1,"","","classic",1
"GO:0016180","snRNA processing","BP",8,0,0.05,1,"","","classic",1
"GO:0016197","endosomal transport","BP",26,0,0.15,1,"","","classic",1
"GO:0016198","axon choice point recognition","BP",7,0,0.04,1,"","","classic",1
"GO:0016199","axon midline choice point recognition","BP",6,0,0.03,1,"","","classic",1
"GO:0016203","muscle attachment","BP",6,0,0.03,1,"","","classic",1
"GO:0016226","iron-sulfur cluster assembly","BP",14,0,0.08,1,"","","classic",1
"GO:0016233","telomere capping","BP",7,0,0.04,1,"","","classic",1
"GO:0016236","macroautophagy","BP",15,0,0.09,1,"","","classic",1
"GO:0016331",NA,"BP",39,0,0.22,1,"","","classic",1
"GO:0016358","dendrite development","BP",13,0,0.07,1,"","","classic",1
"GO:0016441",NA,"BP",9,0,0.05,1,"","","classic",1
"GO:0016482",NA,"BP",13,0,0.07,1,"","","classic",1
"GO:0016485","protein processing","BP",27,0,0.16,1,"","","classic",1
"GO:0016525","negative regulation of angiogenesis","BP",20,0,0.12,1,"","","classic",1
"GO:0016540","protein autoprocessing","BP",5,0,0.03,1,"","","classic",1
"GO:0016567","protein ubiquitination","BP",98,0,0.56,1,"","","classic",1
"GO:0017004",NA,"BP",11,0,0.06,1,"","","classic",1
"GO:0017015","regulation of transforming growth factor beta receptor signaling pathway","BP",11,0,0.06,1,"","","classic",1
"GO:0017121","plasma membrane phospholipid scrambling","BP",14,0,0.08,1,"","","classic",1
"GO:0017148","negative regulation of translation","BP",17,0,0.1,1,"","","classic",1
"GO:0017156","calcium-ion regulated exocytosis","BP",10,0,0.06,1,"","","classic",1
"GO:0017157","regulation of exocytosis","BP",10,0,0.06,1,"","","classic",1
"GO:0018095","protein polyglutamylation","BP",5,0,0.03,1,"","","classic",1
"GO:0018108","peptidyl-tyrosine phosphorylation","BP",5,0,0.03,1,"","","classic",1
"GO:0018193","peptidyl-amino acid modification","BP",68,0,0.39,1,"","","classic",1
"GO:0018195",NA,"BP",10,0,0.06,1,"","","classic",1
"GO:0018200",NA,"BP",8,0,0.05,1,"","","classic",1
"GO:0018205",NA,"BP",11,0,0.06,1,"","","classic",1
"GO:0018208",NA,"BP",15,0,0.09,1,"","","classic",1
"GO:0018212",NA,"BP",8,0,0.05,1,"","","classic",1
"GO:0018216","peptidyl-arginine methylation","BP",10,0,0.06,1,"","","classic",1
"GO:0018279","protein N-linked glycosylation via asparagine","BP",8,0,0.05,1,"","","classic",1
"GO:0018342","protein prenylation","BP",8,0,0.05,1,"","","classic",1
"GO:0018345","protein palmitoylation","BP",7,0,0.04,1,"","","classic",1
"GO:0018958",NA,"BP",9,0,0.05,1,"","","classic",1
"GO:0019216","regulation of lipid metabolic process","BP",19,0,0.11,1,"","","classic",1
"GO:0019221","cytokine-mediated signaling pathway","BP",22,0,0.13,1,"","","classic",1
"GO:0019226","transmission of nerve impulse","BP",7,0,0.04,1,"","","classic",1
"GO:0019228","neuronal action potential","BP",5,0,0.03,1,"","","classic",1
"GO:0019229","regulation of vasoconstriction","BP",18,0,0.1,1,"","","classic",1
"GO:0019318","hexose metabolic process","BP",39,0,0.22,1,"","","classic",1
"GO:0019319",NA,"BP",11,0,0.06,1,"","","classic",1
"GO:0019364",NA,"BP",36,0,0.21,1,"","","classic",1
"GO:0019367","fatty acid elongation, saturated fatty acid","BP",9,0,0.05,1,"","","classic",1
"GO:0019395",NA,"BP",12,0,0.07,1,"","","classic",1
"GO:0019441","tryptophan catabolic process to kynurenine","BP",5,0,0.03,1,"","","classic",1
"GO:0019646",NA,"BP",30,0,0.17,1,"","","classic",1
"GO:0019720",NA,"BP",6,0,0.03,1,"","","classic",1
"GO:0019722","calcium-mediated signaling","BP",19,0,0.11,1,"","","classic",1
"GO:0019747",NA,"BP",5,0,0.03,1,"","","classic",1
"GO:0019751",NA,"BP",19,0,0.11,1,"","","classic",1
"GO:0019755",NA,"BP",5,0,0.03,1,"","","classic",1
"GO:0019827","stem cell population maintenance","BP",7,0,0.04,1,"","","classic",1
"GO:0019835","cytolysis","BP",7,0,0.04,1,"","","classic",1
"GO:0019856",NA,"BP",5,0,0.03,1,"","","classic",1
"GO:0019882","antigen processing and presentation","BP",22,0,0.13,1,"","","classic",1
"GO:0019915","lipid storage","BP",6,0,0.03,1,"","","classic",1
"GO:0019953",NA,"BP",100,0,0.58,1,"","","classic",1
"GO:0021508","floor plate formation","BP",6,0,0.03,1,"","","classic",1
"GO:0021514","ventral spinal cord interneuron differentiation","BP",11,0,0.06,1,"","","classic",1
"GO:0021517","ventral spinal cord development","BP",29,0,0.17,1,"","","classic",1
"GO:0021520","spinal cord motor neuron cell fate specification","BP",5,0,0.03,1,"","","classic",1
"GO:0021522","spinal cord motor neuron differentiation","BP",20,0,0.12,1,"","","classic",1
"GO:0021532","neural tube patterning","BP",28,0,0.16,1,"","","classic",1
"GO:0021533",NA,"BP",9,0,0.05,1,"","","classic",1
"GO:0021535","cell migration in hindbrain","BP",5,0,0.03,1,"","","classic",1
"GO:0021536","diencephalon development","BP",55,0,0.32,1,"","","classic",1
"GO:0021537","telencephalon development","BP",15,0,0.09,1,"","","classic",1
"GO:0021538","epithalamus development","BP",13,0,0.07,1,"","","classic",1
"GO:0021545","cranial nerve development","BP",38,0,0.22,1,"","","classic",1
"GO:0021546",NA,"BP",10,0,0.06,1,"","","classic",1
"GO:0021548",NA,"BP",13,0,0.07,1,"","","classic",1
"GO:0021549","cerebellum development","BP",23,0,0.13,1,"","","classic",1
"GO:0021551","central nervous system morphogenesis","BP",8,0,0.05,1,"","","classic",1
"GO:0021554","optic nerve development","BP",12,0,0.07,1,"","","classic",1
"GO:0021555","midbrain-hindbrain boundary morphogenesis","BP",8,0,0.05,1,"","","classic",1
"GO:0021575","hindbrain morphogenesis","BP",25,0,0.14,1,"","","classic",1
"GO:0021576","hindbrain formation","BP",5,0,0.03,1,"","","classic",1
"GO:0021587","cerebellum morphogenesis","BP",15,0,0.09,1,"","","classic",1
"GO:0021591","ventricular system development","BP",15,0,0.09,1,"","","classic",1
"GO:0021592","fourth ventricle development","BP",5,0,0.03,1,"","","classic",1
"GO:0021593",NA,"BP",8,0,0.05,1,"","","classic",1
"GO:0021594","rhombomere formation","BP",7,0,0.04,1,"","","classic",1
"GO:0021602","cranial nerve morphogenesis","BP",15,0,0.09,1,"","","classic",1
"GO:0021603",NA,"BP",9,0,0.05,1,"","","classic",1
"GO:0021631","optic nerve morphogenesis","BP",6,0,0.03,1,"","","classic",1
"GO:0021654","rhombomere boundary formation","BP",6,0,0.03,1,"","","classic",1
"GO:0021675",NA,"BP",42,0,0.24,1,"","","classic",1
"GO:0021680","cerebellar Purkinje cell layer development","BP",6,0,0.03,1,"","","classic",1
"GO:0021681",NA,"BP",6,0,0.03,1,"","","classic",1
"GO:0021683",NA,"BP",6,0,0.03,1,"","","classic",1
"GO:0021684",NA,"BP",6,0,0.03,1,"","","classic",1
"GO:0021692",NA,"BP",5,0,0.03,1,"","","classic",1
"GO:0021695",NA,"BP",12,0,0.07,1,"","","classic",1
"GO:0021696",NA,"BP",11,0,0.06,1,"","","classic",1
"GO:0021697",NA,"BP",9,0,0.05,1,"","","classic",1
"GO:0021700",NA,"BP",49,0,0.28,1,"","","classic",1
"GO:0021703","locus ceruleus development","BP",6,0,0.03,1,"","","classic",1
"GO:0021707","cerebellar granule cell differentiation","BP",6,0,0.03,1,"","","classic",1
"GO:0021754","facial nucleus development","BP",6,0,0.03,1,"","","classic",1
"GO:0021761",NA,"BP",19,0,0.11,1,"","","classic",1
"GO:0021772","olfactory bulb development","BP",5,0,0.03,1,"","","classic",1
"GO:0021782","glial cell development","BP",32,0,0.18,1,"","","classic",1
"GO:0021783",NA,"BP",5,0,0.03,1,"","","classic",1
"GO:0021794","thalamus development","BP",6,0,0.03,1,"","","classic",1
"GO:0021854","hypothalamus development","BP",18,0,0.1,1,"","","classic",1
"GO:0021884","forebrain neuron development","BP",8,0,0.05,1,"","","classic",1
"GO:0021903","rostrocaudal neural tube patterning","BP",26,0,0.15,1,"","","classic",1
"GO:0021915","neural tube development","BP",52,0,0.3,1,"","","classic",1
"GO:0021952","central nervous system projection neuron axonogenesis","BP",13,0,0.07,1,"","","classic",1
"GO:0021954","central nervous system neuron development","BP",30,0,0.17,1,"","","classic",1
"GO:0021955","central nervous system neuron axonogenesis","BP",17,0,0.1,1,"","","classic",1
"GO:0021979","hypothalamus cell differentiation","BP",5,0,0.03,1,"","","classic",1
"GO:0021983","pituitary gland development","BP",9,0,0.05,1,"","","classic",1
"GO:0021984","adenohypophysis development","BP",7,0,0.04,1,"","","classic",1
"GO:0021986","habenula development","BP",11,0,0.06,1,"","","classic",1
"GO:0021988",NA,"BP",5,0,0.03,1,"","","classic",1
"GO:0021999","neural plate anterior/posterior regionalization","BP",6,0,0.03,1,"","","classic",1
"GO:0022011","myelination in peripheral nervous system","BP",11,0,0.06,1,"","","classic",1
"GO:0022037",NA,"BP",34,0,0.2,1,"","","classic",1
"GO:0022406",NA,"BP",9,0,0.05,1,"","","classic",1
"GO:0022407","regulation of cell-cell adhesion","BP",21,0,0.12,1,"","","classic",1
"GO:0022408","negative regulation of cell-cell adhesion","BP",16,0,0.09,1,"","","classic",1
"GO:0022412",NA,"BP",42,0,0.24,1,"","","classic",1
"GO:0022414",NA,"BP",117,0,0.67,1,"","","classic",1
"GO:0022600",NA,"BP",17,0,0.1,1,"","","classic",1
"GO:0022603",NA,"BP",114,0,0.66,1,"","","classic",1
"GO:0022604","regulation of cell morphogenesis","BP",15,0,0.09,1,"","","classic",1
"GO:0022612",NA,"BP",10,0,0.06,1,"","","classic",1
"GO:0022613",NA,"BP",95,0,0.55,1,"","","classic",1
"GO:0022618",NA,"BP",29,0,0.17,1,"","","classic",1
"GO:0022898",NA,"BP",10,0,0.06,1,"","","classic",1
"GO:0022900","electron transport chain","BP",43,0,0.25,1,"","","classic",1
"GO:0022904","respiratory electron transport chain","BP",35,0,0.2,1,"","","classic",1
"GO:0023051","regulation of signaling","BP",450,0,2.59,1,"","","classic",1
"GO:0023056",NA,"BP",99,0,0.57,1,"","","classic",1
"GO:0023057",NA,"BP",140,0,0.81,1,"","","classic",1
"GO:0023061",NA,"BP",36,0,0.21,1,"","","classic",1
"GO:0030010","establishment of cell polarity","BP",17,0,0.1,1,"","","classic",1
"GO:0030011","maintenance of cell polarity","BP",5,0,0.03,1,"","","classic",1
"GO:0030038",NA,"BP",11,0,0.06,1,"","","classic",1
"GO:0030071","regulation of mitotic metaphase/anaphase transition","BP",13,0,0.07,1,"","","classic",1
"GO:0030072",NA,"BP",11,0,0.06,1,"","","classic",1
"GO:0030073","insulin secretion","BP",11,0,0.06,1,"","","classic",1
"GO:0030098","lymphocyte differentiation","BP",19,0,0.11,1,"","","classic",1
"GO:0030099","myeloid cell differentiation","BP",116,0,0.67,1,"","","classic",1
"GO:0030100","regulation of endocytosis","BP",14,0,0.08,1,"","","classic",1
"GO:0030111","regulation of Wnt signaling pathway","BP",72,0,0.41,1,"","","classic",1
"GO:0030148","sphingolipid biosynthetic process","BP",14,0,0.08,1,"","","classic",1
"GO:0030149",NA,"BP",7,0,0.04,1,"","","classic",1
"GO:0030150","protein import into mitochondrial matrix","BP",10,0,0.06,1,"","","classic",1
"GO:0030155","regulation of cell adhesion","BP",31,0,0.18,1,"","","classic",1
"GO:0030162",NA,"BP",10,0,0.06,1,"","","classic",1
"GO:0030166","proteoglycan biosynthetic process","BP",17,0,0.1,1,"","","classic",1
"GO:0030168","platelet activation","BP",13,0,0.07,1,"","","classic",1
"GO:0030177","positive regulation of Wnt signaling pathway","BP",25,0,0.14,1,"","","classic",1
"GO:0030178","negative regulation of Wnt signaling pathway","BP",40,0,0.23,1,"","","classic",1
"GO:0030193","regulation of blood coagulation","BP",8,0,0.05,1,"","","classic",1
"GO:0030198","extracellular matrix organization","BP",59,0,0.34,1,"","","classic",1
"GO:0030201","heparan sulfate proteoglycan metabolic process","BP",11,0,0.06,1,"","","classic",1
"GO:0030203","glycosaminoglycan metabolic process","BP",25,0,0.14,1,"","","classic",1
"GO:0030212","hyaluronan metabolic process","BP",11,0,0.06,1,"","","classic",1
"GO:0030217","T cell differentiation","BP",15,0,0.09,1,"","","classic",1
"GO:0030218","erythrocyte differentiation","BP",74,0,0.43,1,"","","classic",1
"GO:0030223","neutrophil differentiation","BP",14,0,0.08,1,"","","classic",1
"GO:0030225","macrophage differentiation","BP",9,0,0.05,1,"","","classic",1
"GO:0030258",NA,"BP",39,0,0.22,1,"","","classic",1
"GO:0030261","chromosome condensation","BP",5,0,0.03,1,"","","classic",1
"GO:0030277","maintenance of gastrointestinal epithelium","BP",9,0,0.05,1,"","","classic",1
"GO:0030278","regulation of ossification","BP",9,0,0.05,1,"","","classic",1
"GO:0030282","bone mineralization","BP",17,0,0.1,1,"","","classic",1
"GO:0030301","cholesterol transport","BP",8,0,0.05,1,"","","classic",1
"GO:0030317","flagellated sperm motility","BP",7,0,0.04,1,"","","classic",1
"GO:0030318","melanocyte differentiation","BP",30,0,0.17,1,"","","classic",1
"GO:0030325","adrenal gland development","BP",12,0,0.07,1,"","","classic",1
"GO:0030334","regulation of cell migration","BP",60,0,0.35,1,"","","classic",1
"GO:0030335","positive regulation of cell migration","BP",13,0,0.07,1,"","","classic",1
"GO:0030336","negative regulation of cell migration","BP",20,0,0.12,1,"","","classic",1
"GO:0030431","sleep","BP",8,0,0.05,1,"","","classic",1
"GO:0030488","tRNA methylation","BP",6,0,0.03,1,"","","classic",1
"GO:0030497","fatty acid elongation","BP",9,0,0.05,1,"","","classic",1
"GO:0030500","regulation of bone mineralization","BP",6,0,0.03,1,"","","classic",1
"GO:0030509","BMP signaling pathway","BP",50,0,0.29,1,"","","classic",1
"GO:0030510","regulation of BMP signaling pathway","BP",34,0,0.2,1,"","","classic",1
"GO:0030512","negative regulation of transforming growth factor beta receptor signaling pathway","BP",10,0,0.06,1,"","","classic",1
"GO:0030513","positive regulation of BMP signaling pathway","BP",13,0,0.07,1,"","","classic",1
"GO:0030514","negative regulation of BMP signaling pathway","BP",15,0,0.09,1,"","","classic",1
"GO:0030516","regulation of axon extension","BP",24,0,0.14,1,"","","classic",1
"GO:0030522",NA,"BP",22,0,0.13,1,"","","classic",1
"GO:0030534","adult behavior","BP",11,0,0.06,1,"","","classic",1
"GO:0030537",NA,"BP",9,0,0.05,1,"","","classic",1
"GO:0030641","regulation of cellular pH","BP",5,0,0.03,1,"","","classic",1
"GO:0030656",NA,"BP",5,0,0.03,1,"","","classic",1
"GO:0030705","cytoskeleton-dependent intracellular transport","BP",29,0,0.17,1,"","","classic",1
"GO:0030728","ovulation","BP",5,0,0.03,1,"","","classic",1
"GO:0030851","granulocyte differentiation","BP",18,0,0.1,1,"","","classic",1
"GO:0030855","epithelial cell differentiation","BP",143,0,0.82,1,"","","classic",1
"GO:0030856",NA,"BP",5,0,0.03,1,"","","classic",1
"GO:0030865",NA,"BP",10,0,0.06,1,"","","classic",1
"GO:0030866","cortical actin cytoskeleton organization","BP",9,0,0.05,1,"","","classic",1
"GO:0030878","thyroid gland development","BP",8,0,0.05,1,"","","classic",1
"GO:0030901","midbrain development","BP",19,0,0.11,1,"","","classic",1
"GO:0030902","hindbrain development","BP",78,0,0.45,1,"","","classic",1
"GO:0030903","notochord development","BP",43,0,0.25,1,"","","classic",1
"GO:0030916","otic vesicle formation","BP",14,0,0.08,1,"","","classic",1
"GO:0030917","midbrain-hindbrain boundary development","BP",23,0,0.13,1,"","","classic",1
"GO:0030947","regulation of vascular endothelial growth factor receptor signaling pathway","BP",9,0,0.05,1,"","","classic",1
"GO:0030968","endoplasmic reticulum unfolded protein response","BP",8,0,0.05,1,"","","classic",1
"GO:0031016","pancreas development","BP",104,0,0.6,1,"","","classic",1
"GO:0031017","exocrine pancreas development","BP",34,0,0.2,1,"","","classic",1
"GO:0031018","endocrine pancreas development","BP",42,0,0.24,1,"","","classic",1
"GO:0031023","microtubule organizing center organization","BP",15,0,0.09,1,"","","classic",1
"GO:0031047","gene silencing by RNA","BP",19,0,0.11,1,"","","classic",1
"GO:0031099","regeneration","BP",112,0,0.64,1,"","","classic",1
"GO:0031100","animal organ regeneration","BP",17,0,0.1,1,"","","classic",1
"GO:0031101","fin regeneration","BP",50,0,0.29,1,"","","classic",1
"GO:0031102",NA,"BP",18,0,0.1,1,"","","classic",1
"GO:0031103","axon regeneration","BP",18,0,0.1,1,"","","classic",1
"GO:0031109","microtubule polymerization or depolymerization","BP",22,0,0.13,1,"","","classic",1
"GO:0031110","regulation of microtubule polymerization or depolymerization","BP",12,0,0.07,1,"","","classic",1
"GO:0031122","cytoplasmic microtubule organization","BP",8,0,0.05,1,"","","classic",1
"GO:0031123","RNA 3'-end processing","BP",7,0,0.04,1,"","","classic",1
"GO:0031128",NA,"BP",6,0,0.03,1,"","","classic",1
"GO:0031146","SCF-dependent proteasomal ubiquitin-dependent protein catabolic process","BP",7,0,0.04,1,"","","classic",1
"GO:0031163",NA,"BP",14,0,0.08,1,"","","classic",1
"GO:0031167","rRNA methylation","BP",6,0,0.03,1,"","","classic",1
"GO:0031214",NA,"BP",18,0,0.1,1,"","","classic",1
"GO:0031290","retinal ganglion cell axon guidance","BP",30,0,0.17,1,"","","classic",1
"GO:0031344",NA,"BP",52,0,0.3,1,"","","classic",1
"GO:0031345",NA,"BP",6,0,0.03,1,"","","classic",1
"GO:0031346",NA,"BP",14,0,0.08,1,"","","classic",1
"GO:0031347",NA,"BP",58,0,0.33,1,"","","classic",1
"GO:0031349",NA,"BP",40,0,0.23,1,"","","classic",1
"GO:0031365",NA,"BP",7,0,0.04,1,"","","classic",1
"GO:0031396","regulation of protein ubiquitination","BP",6,0,0.03,1,"","","classic",1
"GO:0031400",NA,"BP",14,0,0.08,1,"","","classic",1
"GO:0031401",NA,"BP",16,0,0.09,1,"","","classic",1
"GO:0031503",NA,"BP",16,0,0.09,1,"","","classic",1
"GO:0031577",NA,"BP",11,0,0.06,1,"","","classic",1
"GO:0031579",NA,"BP",8,0,0.05,1,"","","classic",1
"GO:0031589",NA,"BP",39,0,0.22,1,"","","classic",1
"GO:0031640",NA,"BP",5,0,0.03,1,"","","classic",1
"GO:0031644",NA,"BP",5,0,0.03,1,"","","classic",1
"GO:0031647","regulation of protein stability","BP",5,0,0.03,1,"","","classic",1
"GO:0031669",NA,"BP",6,0,0.03,1,"","","classic",1
"GO:0031929","TOR signaling","BP",24,0,0.14,1,"","","classic",1
"GO:0032006","regulation of TOR signaling","BP",20,0,0.12,1,"","","classic",1
"GO:0032007","negative regulation of TOR signaling","BP",10,0,0.06,1,"","","classic",1
"GO:0032008","positive regulation of TOR signaling","BP",7,0,0.04,1,"","","classic",1
"GO:0032011",NA,"BP",23,0,0.13,1,"","","classic",1
"GO:0032012","regulation of ARF protein signal transduction","BP",23,0,0.13,1,"","","classic",1
"GO:0032094","response to food","BP",10,0,0.06,1,"","","classic",1
"GO:0032095","regulation of response to food","BP",10,0,0.06,1,"","","classic",1
"GO:0032096",NA,"BP",9,0,0.05,1,"","","classic",1
"GO:0032098","regulation of appetite","BP",12,0,0.07,1,"","","classic",1
"GO:0032099","negative regulation of appetite","BP",9,0,0.05,1,"","","classic",1
"GO:0032101",NA,"BP",88,0,0.51,1,"","","classic",1
"GO:0032102",NA,"BP",14,0,0.08,1,"","","classic",1
"GO:0032103",NA,"BP",46,0,0.26,1,"","","classic",1
"GO:0032107",NA,"BP",10,0,0.06,1,"","","classic",1
"GO:0032108",NA,"BP",9,0,0.05,1,"","","classic",1
"GO:0032147","activation of protein kinase activity","BP",5,0,0.03,1,"","","classic",1
"GO:0032196",NA,"BP",13,0,0.07,1,"","","classic",1
"GO:0032200",NA,"BP",20,0,0.12,1,"","","classic",1
"GO:0032231",NA,"BP",8,0,0.05,1,"","","classic",1
"GO:0032259","methylation","BP",48,0,0.28,1,"","","classic",1
"GO:0032292",NA,"BP",11,0,0.06,1,"","","classic",1
"GO:0032309",NA,"BP",13,0,0.07,1,"","","classic",1
"GO:0032324","molybdopterin cofactor biosynthetic process","BP",6,0,0.03,1,"","","classic",1
"GO:0032330","regulation of chondrocyte differentiation","BP",5,0,0.03,1,"","","classic",1
"GO:0032350",NA,"BP",5,0,0.03,1,"","","classic",1
"GO:0032365",NA,"BP",5,0,0.03,1,"","","classic",1
"GO:0032400","melanosome localization","BP",24,0,0.14,1,"","","classic",1
"GO:0032401","establishment of melanosome localization","BP",23,0,0.13,1,"","","classic",1
"GO:0032402","melanosome transport","BP",19,0,0.11,1,"","","classic",1
"GO:0032409",NA,"BP",10,0,0.06,1,"","","classic",1
"GO:0032410",NA,"BP",5,0,0.03,1,"","","classic",1
"GO:0032412",NA,"BP",10,0,0.06,1,"","","classic",1
"GO:0032413",NA,"BP",5,0,0.03,1,"","","classic",1
"GO:0032438","melanosome organization","BP",6,0,0.03,1,"","","classic",1
"GO:0032446",NA,"BP",108,0,0.62,1,"","","classic",1
"GO:0032456","endocytic recycling","BP",8,0,0.05,1,"","","classic",1
"GO:0032465","regulation of cytokinesis","BP",12,0,0.07,1,"","","classic",1
"GO:0032474","otolith morphogenesis","BP",12,0,0.07,1,"","","classic",1
"GO:0032482","Rab protein signal transduction","BP",12,0,0.07,1,"","","classic",1
"GO:0032486","Rap protein signal transduction","BP",8,0,0.05,1,"","","classic",1
"GO:0032496","response to lipopolysaccharide","BP",7,0,0.04,1,"","","classic",1
"GO:0032526","response to retinoic acid","BP",6,0,0.03,1,"","","classic",1
"GO:0032543","mitochondrial translation","BP",6,0,0.03,1,"","","classic",1
"GO:0032784","regulation of DNA-templated transcription elongation","BP",5,0,0.03,1,"","","classic",1
"GO:0032787",NA,"BP",116,0,0.67,1,"","","classic",1
"GO:0032793","positive regulation of CREB transcription factor activity","BP",6,0,0.03,1,"","","classic",1
"GO:0032836","glomerular basement membrane development","BP",6,0,0.03,1,"","","classic",1
"GO:0032868",NA,"BP",15,0,0.09,1,"","","classic",1
"GO:0032869","cellular response to insulin stimulus","BP",15,0,0.09,1,"","","classic",1
"GO:0032870",NA,"BP",62,0,0.36,1,"","","classic",1
"GO:0032879",NA,"BP",80,0,0.46,1,"","","classic",1
"GO:0032880","regulation of protein localization","BP",14,0,0.08,1,"","","classic",1
"GO:0032886",NA,"BP",28,0,0.16,1,"","","classic",1
"GO:0032924",NA,"BP",6,0,0.03,1,"","","classic",1
"GO:0032925",NA,"BP",5,0,0.03,1,"","","classic",1
"GO:0032958","inositol phosphate biosynthetic process","BP",10,0,0.06,1,"","","classic",1
"GO:0032963","collagen metabolic process","BP",10,0,0.06,1,"","","classic",1
"GO:0032981","mitochondrial respiratory chain complex I assembly","BP",6,0,0.03,1,"","","classic",1
"GO:0033002",NA,"BP",14,0,0.08,1,"","","classic",1
"GO:0033044",NA,"BP",16,0,0.09,1,"","","classic",1
"GO:0033045",NA,"BP",13,0,0.07,1,"","","classic",1
"GO:0033046",NA,"BP",11,0,0.06,1,"","","classic",1
"GO:0033047",NA,"BP",11,0,0.06,1,"","","classic",1
"GO:0033048",NA,"BP",11,0,0.06,1,"","","classic",1
"GO:0033059",NA,"BP",34,0,0.2,1,"","","classic",1
"GO:0033108",NA,"BP",16,0,0.09,1,"","","classic",1
"GO:0033198","response to ATP","BP",15,0,0.09,1,"","","classic",1
"GO:0033292","T-tubule organization","BP",5,0,0.03,1,"","","classic",1
"GO:0033333","fin development","BP",66,0,0.38,1,"","","classic",1
"GO:0033334","fin morphogenesis","BP",39,0,0.22,1,"","","classic",1
"GO:0033336","caudal fin development","BP",5,0,0.03,1,"","","classic",1
"GO:0033338","medial fin development","BP",10,0,0.06,1,"","","classic",1
"GO:0033339","pectoral fin development","BP",41,0,0.24,1,"","","classic",1
"GO:0033500",NA,"BP",21,0,0.12,1,"","","classic",1
"GO:0033504","floor plate development","BP",7,0,0.04,1,"","","classic",1
"GO:0033505",NA,"BP",6,0,0.03,1,"","","classic",1
"GO:0033555","multicellular organismal response to stress","BP",11,0,0.06,1,"","","classic",1
"GO:0033559",NA,"BP",5,0,0.03,1,"","","classic",1
"GO:0033564","anterior/posterior axon guidance","BP",8,0,0.05,1,"","","classic",1
"GO:0033617","mitochondrial cytochrome c oxidase assembly","BP",5,0,0.03,1,"","","classic",1
"GO:0033619",NA,"BP",5,0,0.03,1,"","","classic",1
"GO:0033673",NA,"BP",9,0,0.05,1,"","","classic",1
"GO:0033674","positive regulation of kinase activity","BP",11,0,0.06,1,"","","classic",1
"GO:0033693","neurofilament bundle assembly","BP",9,0,0.05,1,"","","classic",1
"GO:0034097",NA,"BP",22,0,0.13,1,"","","classic",1
"GO:0034101","erythrocyte homeostasis","BP",75,0,0.43,1,"","","classic",1
"GO:0034121","regulation of toll-like receptor signaling pathway","BP",5,0,0.03,1,"","","classic",1
"GO:0034204",NA,"BP",18,0,0.1,1,"","","classic",1
"GO:0034219","carbohydrate transmembrane transport","BP",11,0,0.06,1,"","","classic",1
"GO:0034284",NA,"BP",8,0,0.05,1,"","","classic",1
"GO:0034308",NA,"BP",14,0,0.08,1,"","","classic",1
"GO:0034314","Arp2/3 complex-mediated actin nucleation","BP",16,0,0.09,1,"","","classic",1
"GO:0034315","regulation of Arp2/3 complex-mediated actin nucleation","BP",6,0,0.03,1,"","","classic",1
"GO:0034329",NA,"BP",38,0,0.22,1,"","","classic",1
"GO:0034330",NA,"BP",81,0,0.47,1,"","","classic",1
"GO:0034331",NA,"BP",5,0,0.03,1,"","","classic",1
"GO:0034332","adherens junction organization","BP",6,0,0.03,1,"","","classic",1
"GO:0034334","adherens junction maintenance","BP",5,0,0.03,1,"","","classic",1
"GO:0034394","protein localization to cell surface","BP",5,0,0.03,1,"","","classic",1
"GO:0034404",NA,"BP",5,0,0.03,1,"","","classic",1
"GO:0034440",NA,"BP",12,0,0.07,1,"","","classic",1
"GO:0034453","microtubule anchoring","BP",7,0,0.04,1,"","","classic",1
"GO:0034504",NA,"BP",17,0,0.1,1,"","","classic",1
"GO:0034508","centromere complex assembly","BP",9,0,0.05,1,"","","classic",1
"GO:0034599","cellular response to oxidative stress","BP",5,0,0.03,1,"","","classic",1
"GO:0034620","cellular response to unfolded protein","BP",9,0,0.05,1,"","","classic",1
"GO:0034655",NA,"BP",108,0,0.62,1,"","","classic",1
"GO:0034656",NA,"BP",5,0,0.03,1,"","","classic",1
"GO:0034728","nucleosome organization","BP",37,0,0.21,1,"","","classic",1
"GO:0034762",NA,"BP",17,0,0.1,1,"","","classic",1
"GO:0034763",NA,"BP",5,0,0.03,1,"","","classic",1
"GO:0034765","regulation of ion transmembrane transport","BP",16,0,0.09,1,"","","classic",1
"GO:0034766",NA,"BP",5,0,0.03,1,"","","classic",1
"GO:0034976","response to endoplasmic reticulum stress","BP",18,0,0.1,1,"","","classic",1
"GO:0035023","regulation of Rho protein signal transduction","BP",16,0,0.09,1,"","","classic",1
"GO:0035036",NA,"BP",12,0,0.07,1,"","","classic",1
"GO:0035051",NA,"BP",37,0,0.21,1,"","","classic",1
"GO:0035082","axoneme assembly","BP",16,0,0.09,1,"","","classic",1
"GO:0035107",NA,"BP",41,0,0.24,1,"","","classic",1
"GO:0035108","limb morphogenesis","BP",5,0,0.03,1,"","","classic",1
"GO:0035113",NA,"BP",22,0,0.13,1,"","","classic",1
"GO:0035118","embryonic pectoral fin morphogenesis","BP",17,0,0.1,1,"","","classic",1
"GO:0035138","pectoral fin morphogenesis","BP",22,0,0.13,1,"","","classic",1
"GO:0035141","medial fin morphogenesis","BP",7,0,0.04,1,"","","classic",1
"GO:0035148","tube formation","BP",35,0,0.2,1,"","","classic",1
"GO:0035150",NA,"BP",50,0,0.29,1,"","","classic",1
"GO:0035162","embryonic hemopoiesis","BP",62,0,0.36,1,"","","classic",1
"GO:0035194","post-transcriptional gene silencing by RNA","BP",9,0,0.05,1,"","","classic",1
"GO:0035195","miRNA-mediated gene silencing","BP",7,0,0.04,1,"","","classic",1
"GO:0035196","miRNA processing","BP",5,0,0.03,1,"","","classic",1
"GO:0035264","multicellular organism growth","BP",5,0,0.03,1,"","","classic",1
"GO:0035265","organ growth","BP",21,0,0.12,1,"","","classic",1
"GO:0035270","endocrine system development","BP",74,0,0.43,1,"","","classic",1
"GO:0035272",NA,"BP",34,0,0.2,1,"","","classic",1
"GO:0035278","miRNA-mediated gene silencing by inhibition of translation","BP",5,0,0.03,1,"","","classic",1
"GO:0035282","segmentation","BP",62,0,0.36,1,"","","classic",1
"GO:0035296",NA,"BP",50,0,0.29,1,"","","classic",1
"GO:0035315","hair cell differentiation","BP",40,0,0.23,1,"","","classic",1
"GO:0035329","hippo signaling","BP",7,0,0.04,1,"","","classic",1
"GO:0035383",NA,"BP",17,0,0.1,1,"","","classic",1
"GO:0035384",NA,"BP",6,0,0.03,1,"","","classic",1
"GO:0035462","determination of left/right asymmetry in diencephalon","BP",6,0,0.03,1,"","","classic",1
"GO:0035469","determination of pancreatic left/right asymmetry","BP",11,0,0.06,1,"","","classic",1
"GO:0035476","angioblast cell migration","BP",12,0,0.07,1,"","","classic",1
"GO:0035479","angioblast cell migration from lateral mesoderm to midline","BP",5,0,0.03,1,"","","classic",1
"GO:0035545",NA,"BP",6,0,0.03,1,"","","classic",1
"GO:0035567","non-canonical Wnt signaling pathway","BP",11,0,0.06,1,"","","classic",1
"GO:0035588",NA,"BP",10,0,0.06,1,"","","classic",1
"GO:0035590",NA,"BP",10,0,0.06,1,"","","classic",1
"GO:0035592",NA,"BP",17,0,0.1,1,"","","classic",1
"GO:0035622","intrahepatic bile duct development","BP",8,0,0.05,1,"","","classic",1
"GO:0035675","neuromast hair cell development","BP",15,0,0.09,1,"","","classic",1
"GO:0035677","posterior lateral line neuromast hair cell development","BP",8,0,0.05,1,"","","classic",1
"GO:0035701","hematopoietic stem cell migration","BP",8,0,0.05,1,"","","classic",1
"GO:0035725","sodium ion transmembrane transport","BP",6,0,0.03,1,"","","classic",1
"GO:0035775","pronephric glomerulus morphogenesis","BP",10,0,0.06,1,"","","classic",1
"GO:0035778","pronephric nephron tubule epithelial cell differentiation","BP",5,0,0.03,1,"","","classic",1
"GO:0035803","egg coat formation","BP",12,0,0.07,1,"","","classic",1
"GO:0035825",NA,"BP",6,0,0.03,1,"","","classic",1
"GO:0035844","cloaca development","BP",6,0,0.03,1,"","","classic",1
"GO:0035845","photoreceptor cell outer segment organization","BP",16,0,0.09,1,"","","classic",1
"GO:0035850","epithelial cell differentiation involved in kidney development","BP",26,0,0.15,1,"","","classic",1
"GO:0035883",NA,"BP",21,0,0.12,1,"","","classic",1
"GO:0035904","aorta development","BP",11,0,0.06,1,"","","classic",1
"GO:0035907","dorsal aorta development","BP",9,0,0.05,1,"","","classic",1
"GO:0035924",NA,"BP",10,0,0.06,1,"","","classic",1
"GO:0035966",NA,"BP",11,0,0.06,1,"","","classic",1
"GO:0035967",NA,"BP",9,0,0.05,1,"","","classic",1
"GO:0035987","endodermal cell differentiation","BP",18,0,0.1,1,"","","classic",1
"GO:0035988","chondrocyte proliferation","BP",5,0,0.03,1,"","","classic",1
"GO:0036072",NA,"BP",5,0,0.03,1,"","","classic",1
"GO:0036075",NA,"BP",7,0,0.04,1,"","","classic",1
"GO:0036230",NA,"BP",5,0,0.03,1,"","","classic",1
"GO:0036260",NA,"BP",5,0,0.03,1,"","","classic",1
"GO:0036268","swimming","BP",5,0,0.03,1,"","","classic",1
"GO:0036269","swimming behavior","BP",20,0,0.12,1,"","","classic",1
"GO:0036293",NA,"BP",27,0,0.16,1,"","","classic",1
"GO:0036297","interstrand cross-link repair","BP",12,0,0.07,1,"","","classic",1
"GO:0036302","atrioventricular canal development","BP",9,0,0.05,1,"","","classic",1
"GO:0036303","lymph vessel morphogenesis","BP",32,0,0.18,1,"","","classic",1
"GO:0036342","post-anal tail morphogenesis","BP",17,0,0.1,1,"","","classic",1
"GO:0036368","cone photoresponse recovery","BP",6,0,0.03,1,"","","classic",1
"GO:0038007","netrin-activated signaling pathway","BP",5,0,0.03,1,"","","classic",1
"GO:0038061","NIK/NF-kappaB signaling","BP",5,0,0.03,1,"","","classic",1
"GO:0038084","vascular endothelial growth factor signaling pathway","BP",10,0,0.06,1,"","","classic",1
"GO:0038092","nodal signaling pathway","BP",5,0,0.03,1,"","","classic",1
"GO:0039014",NA,"BP",5,0,0.03,1,"","","classic",1
"GO:0039020","pronephric nephron tubule development","BP",9,0,0.05,1,"","","classic",1
"GO:0039022","pronephric duct development","BP",14,0,0.08,1,"","","classic",1
"GO:0039023","pronephric duct morphogenesis","BP",8,0,0.05,1,"","","classic",1
"GO:0040001","establishment of mitotic spindle localization","BP",10,0,0.06,1,"","","classic",1
"GO:0040007",NA,"BP",219,0,1.26,1,"","","classic",1
"GO:0040008","regulation of growth","BP",57,0,0.33,1,"","","classic",1
"GO:0040012","regulation of locomotion","BP",74,0,0.43,1,"","","classic",1
"GO:0040013",NA,"BP",22,0,0.13,1,"","","classic",1
"GO:0040017",NA,"BP",15,0,0.09,1,"","","classic",1
"GO:0040029","epigenetic regulation of gene expression","BP",7,0,0.04,1,"","","classic",1
"GO:0040036","regulation of fibroblast growth factor receptor signaling pathway","BP",13,0,0.07,1,"","","classic",1
"GO:0042073","intraciliary transport","BP",12,0,0.07,1,"","","classic",1
"GO:0042074","cell migration involved in gastrulation","BP",62,0,0.36,1,"","","classic",1
"GO:0042110",NA,"BP",22,0,0.13,1,"","","classic",1
"GO:0042119","neutrophil activation","BP",5,0,0.03,1,"","","classic",1
"GO:0042127","regulation of cell population proliferation","BP",95,0,0.55,1,"","","classic",1
"GO:0042147","retrograde transport, endosome to Golgi","BP",9,0,0.05,1,"","","classic",1
"GO:0042157","lipoprotein metabolic process","BP",41,0,0.24,1,"","","classic",1
"GO:0042158","lipoprotein biosynthetic process","BP",12,0,0.07,1,"","","classic",1
"GO:0042168","heme metabolic process","BP",15,0,0.09,1,"","","classic",1
"GO:0042176","regulation of protein catabolic process","BP",7,0,0.04,1,"","","classic",1
"GO:0042180",NA,"BP",35,0,0.2,1,"","","classic",1
"GO:0042181",NA,"BP",13,0,0.07,1,"","","classic",1
"GO:0042219",NA,"BP",13,0,0.07,1,"","","classic",1
"GO:0042246","tissue regeneration","BP",76,0,0.44,1,"","","classic",1
"GO:0042254","ribosome biogenesis","BP",72,0,0.41,1,"","","classic",1
"GO:0042255","ribosome assembly","BP",7,0,0.04,1,"","","classic",1
"GO:0042273","ribosomal large subunit biogenesis","BP",9,0,0.05,1,"","","classic",1
"GO:0042274","ribosomal small subunit biogenesis","BP",7,0,0.04,1,"","","classic",1
"GO:0042278",NA,"BP",6,0,0.03,1,"","","classic",1
"GO:0042310","vasoconstriction","BP",36,0,0.21,1,"","","classic",1
"GO:0042326",NA,"BP",11,0,0.06,1,"","","classic",1
"GO:0042327",NA,"BP",13,0,0.07,1,"","","classic",1
"GO:0042364",NA,"BP",5,0,0.03,1,"","","classic",1
"GO:0042396",NA,"BP",8,0,0.05,1,"","","classic",1
"GO:0042398",NA,"BP",22,0,0.13,1,"","","classic",1
"GO:0042401",NA,"BP",7,0,0.04,1,"","","classic",1
"GO:0042430",NA,"BP",12,0,0.07,1,"","","classic",1
"GO:0042436",NA,"BP",7,0,0.04,1,"","","classic",1
"GO:0042440",NA,"BP",19,0,0.11,1,"","","classic",1
"GO:0042451",NA,"BP",5,0,0.03,1,"","","classic",1
"GO:0042454",NA,"BP",5,0,0.03,1,"","","classic",1
"GO:0042455",NA,"BP",5,0,0.03,1,"","","classic",1
"GO:0042461","photoreceptor cell development","BP",45,0,0.26,1,"","","classic",1
"GO:0042462","eye photoreceptor cell development","BP",29,0,0.17,1,"","","classic",1
"GO:0042471","ear morphogenesis","BP",47,0,0.27,1,"","","classic",1
"GO:0042472","inner ear morphogenesis","BP",47,0,0.27,1,"","","classic",1
"GO:0042476","odontogenesis","BP",11,0,0.06,1,"","","classic",1
"GO:0042490",NA,"BP",44,0,0.25,1,"","","classic",1
"GO:0042491","inner ear auditory receptor cell differentiation","BP",15,0,0.09,1,"","","classic",1
"GO:0042537",NA,"BP",7,0,0.04,1,"","","classic",1
"GO:0042551",NA,"BP",6,0,0.03,1,"","","classic",1
"GO:0042552","myelination","BP",34,0,0.2,1,"","","classic",1
"GO:0042558","pteridine-containing compound metabolic process","BP",14,0,0.08,1,"","","classic",1
"GO:0042559",NA,"BP",9,0,0.05,1,"","","classic",1
"GO:0042572","retinol metabolic process","BP",10,0,0.06,1,"","","classic",1
"GO:0042573","retinoic acid metabolic process","BP",11,0,0.06,1,"","","classic",1
"GO:0042593","glucose homeostasis","BP",21,0,0.12,1,"","","classic",1
"GO:0042594","response to starvation","BP",10,0,0.06,1,"","","classic",1
"GO:0042632","cholesterol homeostasis","BP",6,0,0.03,1,"","","classic",1
"GO:0042659",NA,"BP",15,0,0.09,1,"","","classic",1
"GO:0042661","regulation of mesodermal cell fate specification","BP",5,0,0.03,1,"","","classic",1
"GO:0042663","regulation of endodermal cell fate specification","BP",11,0,0.06,1,"","","classic",1
"GO:0042664","negative regulation of endodermal cell fate specification","BP",6,0,0.03,1,"","","classic",1
"GO:0042670","retinal cone cell differentiation","BP",11,0,0.06,1,"","","classic",1
"GO:0042761","very long-chain fatty acid biosynthetic process","BP",9,0,0.05,1,"","","classic",1
"GO:0042773","ATP synthesis coupled electron transport","BP",33,0,0.19,1,"","","classic",1
"GO:0042775",NA,"BP",30,0,0.17,1,"","","classic",1
"GO:0042886",NA,"BP",19,0,0.11,1,"","","classic",1
"GO:0042981","regulation of apoptotic process","BP",206,0,1.19,1,"","","classic",1
"GO:0043009","chordate embryonic development","BP",320,0,1.84,1,"","","classic",1
"GO:0043038",NA,"BP",38,0,0.22,1,"","","classic",1
"GO:0043039","tRNA aminoacylation","BP",38,0,0.22,1,"","","classic",1
"GO:0043049","otic placode formation","BP",12,0,0.07,1,"","","classic",1
"GO:0043062",NA,"BP",59,0,0.34,1,"","","classic",1
"GO:0043065","positive regulation of apoptotic process","BP",28,0,0.16,1,"","","classic",1
"GO:0043066","negative regulation of apoptotic process","BP",65,0,0.37,1,"","","classic",1
"GO:0043067",NA,"BP",207,0,1.19,1,"","","classic",1
"GO:0043068",NA,"BP",28,0,0.16,1,"","","classic",1
"GO:0043069",NA,"BP",66,0,0.38,1,"","","classic",1
"GO:0043085","positive regulation of catalytic activity","BP",62,0,0.36,1,"","","classic",1
"GO:0043086","negative regulation of catalytic activity","BP",27,0,0.16,1,"","","classic",1
"GO:0043087","regulation of GTPase activity","BP",76,0,0.44,1,"","","classic",1
"GO:0043094",NA,"BP",15,0,0.09,1,"","","classic",1
"GO:0043101",NA,"BP",10,0,0.06,1,"","","classic",1
"GO:0043112",NA,"BP",5,0,0.03,1,"","","classic",1
"GO:0043113","receptor clustering","BP",6,0,0.03,1,"","","classic",1
"GO:0043114","regulation of vascular permeability","BP",8,0,0.05,1,"","","classic",1
"GO:0043122","regulation of I-kappaB kinase/NF-kappaB signaling","BP",10,0,0.06,1,"","","classic",1
"GO:0043123","positive regulation of I-kappaB kinase/NF-kappaB signaling","BP",8,0,0.05,1,"","","classic",1
"GO:0043149","stress fiber assembly","BP",11,0,0.06,1,"","","classic",1
"GO:0043161","proteasome-mediated ubiquitin-dependent protein catabolic process","BP",26,0,0.15,1,"","","classic",1
"GO:0043174",NA,"BP",5,0,0.03,1,"","","classic",1
"GO:0043243",NA,"BP",9,0,0.05,1,"","","classic",1
"GO:0043248","proteasome assembly","BP",10,0,0.06,1,"","","classic",1
"GO:0043249","erythrocyte maturation","BP",10,0,0.06,1,"","","classic",1
"GO:0043255",NA,"BP",6,0,0.03,1,"","","classic",1
"GO:0043269","regulation of ion transport","BP",26,0,0.15,1,"","","classic",1
"GO:0043271",NA,"BP",6,0,0.03,1,"","","classic",1
"GO:0043408","regulation of MAPK cascade","BP",34,0,0.2,1,"","","classic",1
"GO:0043409",NA,"BP",8,0,0.05,1,"","","classic",1
"GO:0043410","positive regulation of MAPK cascade","BP",17,0,0.1,1,"","","classic",1
"GO:0043413",NA,"BP",122,0,0.7,1,"","","classic",1
"GO:0043414",NA,"BP",41,0,0.24,1,"","","classic",1
"GO:0043433","negative regulation of DNA-binding transcription factor activity","BP",5,0,0.03,1,"","","classic",1
"GO:0043434",NA,"BP",16,0,0.09,1,"","","classic",1
"GO:0043473","pigmentation","BP",97,0,0.56,1,"","","classic",1
"GO:0043484","regulation of RNA splicing","BP",21,0,0.12,1,"","","classic",1
"GO:0043487",NA,"BP",20,0,0.12,1,"","","classic",1
"GO:0043488","regulation of mRNA stability","BP",20,0,0.12,1,"","","classic",1
"GO:0043491","protein kinase B signaling","BP",8,0,0.05,1,"","","classic",1
"GO:0043523","regulation of neuron apoptotic process","BP",19,0,0.11,1,"","","classic",1
"GO:0043524","negative regulation of neuron apoptotic process","BP",11,0,0.06,1,"","","classic",1
"GO:0043534","blood vessel endothelial cell migration","BP",18,0,0.1,1,"","","classic",1
"GO:0043542",NA,"BP",19,0,0.11,1,"","","classic",1
"GO:0043543",NA,"BP",12,0,0.07,1,"","","classic",1
"GO:0043545",NA,"BP",6,0,0.03,1,"","","classic",1
"GO:0043547","positive regulation of GTPase activity","BP",45,0,0.26,1,"","","classic",1
"GO:0043549",NA,"BP",35,0,0.2,1,"","","classic",1
"GO:0043583","ear development","BP",107,0,0.62,1,"","","classic",1
"GO:0043603",NA,"BP",72,0,0.41,1,"","","classic",1
"GO:0043604",NA,"BP",30,0,0.17,1,"","","classic",1
"GO:0043627","response to estrogen","BP",18,0,0.1,1,"","","classic",1
"GO:0043647",NA,"BP",12,0,0.07,1,"","","classic",1
"GO:0043648",NA,"BP",12,0,0.07,1,"","","classic",1
"GO:0043696",NA,"BP",7,0,0.04,1,"","","classic",1
"GO:0043697","cell dedifferentiation","BP",7,0,0.04,1,"","","classic",1
"GO:0043954",NA,"BP",6,0,0.03,1,"","","classic",1
"GO:0044042",NA,"BP",11,0,0.06,1,"","","classic",1
"GO:0044057",NA,"BP",83,0,0.48,1,"","","classic",1
"GO:0044089",NA,"BP",8,0,0.05,1,"","","classic",1
"GO:0044091",NA,"BP",9,0,0.05,1,"","","classic",1
"GO:0044092",NA,"BP",40,0,0.23,1,"","","classic",1
"GO:0044093",NA,"BP",81,0,0.47,1,"","","classic",1
"GO:0044248",NA,"BP",54,0,0.31,1,"","","classic",1
"GO:0044272",NA,"BP",42,0,0.24,1,"","","classic",1
"GO:0044273",NA,"BP",9,0,0.05,1,"","","classic",1
"GO:0044282",NA,"BP",61,0,0.35,1,"","","classic",1
"GO:0044344",NA,"BP",44,0,0.25,1,"","","classic",1
"GO:0044528","regulation of mitochondrial mRNA stability","BP",7,0,0.04,1,"","","classic",1
"GO:0044743",NA,"BP",14,0,0.08,1,"","","classic",1
"GO:0044773",NA,"BP",5,0,0.03,1,"","","classic",1
"GO:0044774",NA,"BP",6,0,0.03,1,"","","classic",1
"GO:0044784",NA,"BP",13,0,0.07,1,"","","classic",1
"GO:0044843",NA,"BP",6,0,0.03,1,"","","classic",1
"GO:0044854",NA,"BP",7,0,0.04,1,"","","classic",1
"GO:0044857",NA,"BP",7,0,0.04,1,"","","classic",1
"GO:0045047",NA,"BP",13,0,0.07,1,"","","classic",1
"GO:0045055",NA,"BP",13,0,0.07,1,"","","classic",1
"GO:0045088","regulation of innate immune response","BP",41,0,0.24,1,"","","classic",1
"GO:0045089","positive regulation of innate immune response","BP",39,0,0.22,1,"","","classic",1
"GO:0045103",NA,"BP",26,0,0.15,1,"","","classic",1
"GO:0045104","intermediate filament cytoskeleton organization","BP",26,0,0.15,1,"","","classic",1
"GO:0045109","intermediate filament organization","BP",10,0,0.06,1,"","","classic",1
"GO:0045110",NA,"BP",9,0,0.05,1,"","","classic",1
"GO:0045132","meiotic chromosome segregation","BP",9,0,0.05,1,"","","classic",1
"GO:0045137",NA,"BP",10,0,0.06,1,"","","classic",1
"GO:0045143",NA,"BP",8,0,0.05,1,"","","classic",1
"GO:0045161",NA,"BP",6,0,0.03,1,"","","classic",1
"GO:0045162","clustering of voltage-gated sodium channels","BP",6,0,0.03,1,"","","classic",1
"GO:0045176","apical protein localization","BP",9,0,0.05,1,"","","classic",1
"GO:0045214","sarcomere organization","BP",25,0,0.14,1,"","","classic",1
"GO:0045216","cell-cell junction organization","BP",29,0,0.17,1,"","","classic",1
"GO:0045217","cell-cell junction maintenance","BP",5,0,0.03,1,"","","classic",1
"GO:0045229",NA,"BP",60,0,0.35,1,"","","classic",1
"GO:0045292","mRNA cis splicing, via spliceosome","BP",5,0,0.03,1,"","","classic",1
"GO:0045321","leukocyte activation","BP",39,0,0.22,1,"","","classic",1
"GO:0045332","phospholipid translocation","BP",18,0,0.1,1,"","","classic",1
"GO:0045333",NA,"BP",57,0,0.33,1,"","","classic",1
"GO:0045445","myoblast differentiation","BP",5,0,0.03,1,"","","classic",1
"GO:0045446",NA,"BP",18,0,0.1,1,"","","classic",1
"GO:0045454","cell redox homeostasis","BP",6,0,0.03,1,"","","classic",1
"GO:0045471","response to ethanol","BP",5,0,0.03,1,"","","classic",1
"GO:0045494","photoreceptor cell maintenance","BP",15,0,0.09,1,"","","classic",1
"GO:0045595","regulation of cell differentiation","BP",163,0,0.94,1,"","","classic",1
"GO:0045596","negative regulation of cell differentiation","BP",44,0,0.25,1,"","","classic",1
"GO:0045597",NA,"BP",42,0,0.24,1,"","","classic",1
"GO:0045637","regulation of myeloid cell differentiation","BP",12,0,0.07,1,"","","classic",1
"GO:0045638","negative regulation of myeloid cell differentiation","BP",5,0,0.03,1,"","","classic",1
"GO:0045664","regulation of neuron differentiation","BP",28,0,0.16,1,"","","classic",1
"GO:0045666","positive regulation of neuron differentiation","BP",10,0,0.06,1,"","","classic",1
"GO:0045743","positive regulation of fibroblast growth factor receptor signaling pathway","BP",5,0,0.03,1,"","","classic",1
"GO:0045746","negative regulation of Notch signaling pathway","BP",10,0,0.06,1,"","","classic",1
"GO:0045761","regulation of adenylate cyclase activity","BP",12,0,0.07,1,"","","classic",1
"GO:0045765","regulation of angiogenesis","BP",48,0,0.28,1,"","","classic",1
"GO:0045766","positive regulation of angiogenesis","BP",13,0,0.07,1,"","","classic",1
"GO:0045787",NA,"BP",10,0,0.06,1,"","","classic",1
"GO:0045814",NA,"BP",5,0,0.03,1,"","","classic",1
"GO:0045839","negative regulation of mitotic nuclear division","BP",14,0,0.08,1,"","","classic",1
"GO:0045841",NA,"BP",11,0,0.06,1,"","","classic",1
"GO:0045859","regulation of protein kinase activity","BP",34,0,0.2,1,"","","classic",1
"GO:0045860",NA,"BP",10,0,0.06,1,"","","classic",1
"GO:0045861",NA,"BP",5,0,0.03,1,"","","classic",1
"GO:0045879","negative regulation of smoothened signaling pathway","BP",11,0,0.06,1,"","","classic",1
"GO:0045880","positive regulation of smoothened signaling pathway","BP",6,0,0.03,1,"","","classic",1
"GO:0045893","positive regulation of DNA-templated transcription","BP",118,0,0.68,1,"","","classic",1
"GO:0045926","negative regulation of growth","BP",6,0,0.03,1,"","","classic",1
"GO:0045927",NA,"BP",5,0,0.03,1,"","","classic",1
"GO:0045935",NA,"BP",136,0,0.78,1,"","","classic",1
"GO:0045936",NA,"BP",13,0,0.07,1,"","","classic",1
"GO:0045937",NA,"BP",14,0,0.08,1,"","","classic",1
"GO:0045944","positive regulation of transcription by RNA polymerase II","BP",46,0,0.26,1,"","","classic",1
"GO:0045947","negative regulation of translational initiation","BP",7,0,0.04,1,"","","classic",1
"GO:0045995","regulation of embryonic development","BP",9,0,0.05,1,"","","classic",1
"GO:0046031",NA,"BP",35,0,0.2,1,"","","classic",1
"GO:0046032",NA,"BP",35,0,0.2,1,"","","classic",1
"GO:0046036",NA,"BP",10,0,0.06,1,"","","classic",1
"GO:0046039",NA,"BP",8,0,0.05,1,"","","classic",1
"GO:0046051",NA,"BP",8,0,0.05,1,"","","classic",1
"GO:0046058",NA,"BP",14,0,0.08,1,"","","classic",1
"GO:0046068",NA,"BP",11,0,0.06,1,"","","classic",1
"GO:0046112",NA,"BP",8,0,0.05,1,"","","classic",1
"GO:0046128",NA,"BP",6,0,0.03,1,"","","classic",1
"GO:0046129",NA,"BP",5,0,0.03,1,"","","classic",1
"GO:0046148",NA,"BP",11,0,0.06,1,"","","classic",1
"GO:0046164",NA,"BP",5,0,0.03,1,"","","classic",1
"GO:0046165",NA,"BP",17,0,0.1,1,"","","classic",1
"GO:0046173",NA,"BP",14,0,0.08,1,"","","classic",1
"GO:0046185","aldehyde catabolic process","BP",5,0,0.03,1,"","","classic",1
"GO:0046189",NA,"BP",7,0,0.04,1,"","","classic",1
"GO:0046209",NA,"BP",7,0,0.04,1,"","","classic",1
"GO:0046314","phosphocreatine biosynthetic process","BP",8,0,0.05,1,"","","classic",1
"GO:0046328","regulation of JNK cascade","BP",7,0,0.04,1,"","","classic",1
"GO:0046364",NA,"BP",11,0,0.06,1,"","","classic",1
"GO:0046395",NA,"BP",45,0,0.26,1,"","","classic",1
"GO:0046434",NA,"BP",64,0,0.37,1,"","","classic",1
"GO:0046466",NA,"BP",7,0,0.04,1,"","","classic",1
"GO:0046467",NA,"BP",36,0,0.21,1,"","","classic",1
"GO:0046500",NA,"BP",5,0,0.03,1,"","","classic",1
"GO:0046513","ceramide biosynthetic process","BP",9,0,0.05,1,"","","classic",1
"GO:0046514","ceramide catabolic process","BP",5,0,0.03,1,"","","classic",1
"GO:0046530","photoreceptor cell differentiation","BP",60,0,0.35,1,"","","classic",1
"GO:0046545",NA,"BP",6,0,0.03,1,"","","classic",1
"GO:0046548","retinal rod cell development","BP",5,0,0.03,1,"","","classic",1
"GO:0046549","retinal cone cell development","BP",7,0,0.04,1,"","","classic",1
"GO:0046578","regulation of Ras protein signal transduction","BP",10,0,0.06,1,"","","classic",1
"GO:0046580","negative regulation of Ras protein signal transduction","BP",7,0,0.04,1,"","","classic",1
"GO:0046649",NA,"BP",26,0,0.15,1,"","","classic",1
"GO:0046653",NA,"BP",8,0,0.05,1,"","","classic",1
"GO:0046654","tetrahydrofolate biosynthetic process","BP",5,0,0.03,1,"","","classic",1
"GO:0046660","female sex differentiation","BP",8,0,0.05,1,"","","classic",1
"GO:0046661",NA,"BP",5,0,0.03,1,"","","classic",1
"GO:0046683",NA,"BP",15,0,0.09,1,"","","classic",1
"GO:0046686","response to cadmium ion","BP",8,0,0.05,1,"","","classic",1
"GO:0046688","response to copper ion","BP",6,0,0.03,1,"","","classic",1
"GO:0046716","muscle cell cellular homeostasis","BP",9,0,0.05,1,"","","classic",1
"GO:0046777","protein autophosphorylation","BP",12,0,0.07,1,"","","classic",1
"GO:0046785","microtubule polymerization","BP",9,0,0.05,1,"","","classic",1
"GO:0046839","phospholipid dephosphorylation","BP",26,0,0.15,1,"","","classic",1
"GO:0046847","filopodium assembly","BP",6,0,0.03,1,"","","classic",1
"GO:0046849","bone remodeling","BP",6,0,0.03,1,"","","classic",1
"GO:0046856","phosphatidylinositol dephosphorylation","BP",24,0,0.14,1,"","","classic",1
"GO:0046879",NA,"BP",15,0,0.09,1,"","","classic",1
"GO:0046883","regulation of hormone secretion","BP",12,0,0.07,1,"","","classic",1
"GO:0046890","regulation of lipid biosynthetic process","BP",9,0,0.05,1,"","","classic",1
"GO:0046931","pore complex assembly","BP",7,0,0.04,1,"","","classic",1
"GO:0046942",NA,"BP",44,0,0.25,1,"","","classic",1
"GO:0046958",NA,"BP",5,0,0.03,1,"","","classic",1
"GO:0046959","habituation","BP",5,0,0.03,1,"","","classic",1
"GO:0048009","insulin-like growth factor receptor signaling pathway","BP",5,0,0.03,1,"","","classic",1
"GO:0048010","vascular endothelial growth factor receptor signaling pathway","BP",16,0,0.09,1,"","","classic",1
"GO:0048013","ephrin receptor signaling pathway","BP",12,0,0.07,1,"","","classic",1
"GO:0048024",NA,"BP",12,0,0.07,1,"","","classic",1
"GO:0048066","developmental pigmentation","BP",57,0,0.33,1,"","","classic",1
"GO:0048167",NA,"BP",6,0,0.03,1,"","","classic",1
"GO:0048168","regulation of neuronal synaptic plasticity","BP",6,0,0.03,1,"","","classic",1
"GO:0048232",NA,"BP",27,0,0.16,1,"","","classic",1
"GO:0048246","macrophage chemotaxis","BP",7,0,0.04,1,"","","classic",1
"GO:0048259","regulation of receptor-mediated endocytosis","BP",6,0,0.03,1,"","","classic",1
"GO:0048262",NA,"BP",25,0,0.14,1,"","","classic",1
"GO:0048263","determination of dorsal identity","BP",12,0,0.07,1,"","","classic",1
"GO:0048264","determination of ventral identity","BP",14,0,0.08,1,"","","classic",1
"GO:0048268","clathrin coat assembly","BP",8,0,0.05,1,"","","classic",1
"GO:0048284",NA,"BP",12,0,0.07,1,"","","classic",1
"GO:0048285",NA,"BP",54,0,0.31,1,"","","classic",1
"GO:0048318","axial mesoderm development","BP",5,0,0.03,1,"","","classic",1
"GO:0048332","mesoderm morphogenesis","BP",33,0,0.19,1,"","","classic",1
"GO:0048333","mesodermal cell differentiation","BP",17,0,0.1,1,"","","classic",1
"GO:0048339","paraxial mesoderm development","BP",6,0,0.03,1,"","","classic",1
"GO:0048384","retinoic acid receptor signaling pathway","BP",16,0,0.09,1,"","","classic",1
"GO:0048385","regulation of retinoic acid receptor signaling pathway","BP",7,0,0.04,1,"","","classic",1
"GO:0048469","cell maturation","BP",33,0,0.19,1,"","","classic",1
"GO:0048477",NA,"BP",28,0,0.16,1,"","","classic",1
"GO:0048485","sympathetic nervous system development","BP",5,0,0.03,1,"","","classic",1
"GO:0048486",NA,"BP",5,0,0.03,1,"","","classic",1
"GO:0048514","blood vessel morphogenesis","BP",226,0,1.3,1,"","","classic",1
"GO:0048515",NA,"BP",8,0,0.05,1,"","","classic",1
"GO:0048518",NA,"BP",491,0,2.83,1,"","","classic",1
"GO:0048522",NA,"BP",396,0,2.28,1,"","","classic",1
"GO:0048534","hematopoietic or lymphoid organ development","BP",10,0,0.06,1,"","","classic",1
"GO:0048538","thymus development","BP",9,0,0.05,1,"","","classic",1
"GO:0048546","digestive tract morphogenesis","BP",22,0,0.13,1,"","","classic",1
"GO:0048570","notochord morphogenesis","BP",12,0,0.07,1,"","","classic",1
"GO:0048583",NA,"BP",538,0,3.1,1,"","","classic",1
"GO:0048584",NA,"BP",175,0,1.01,1,"","","classic",1
"GO:0048585",NA,"BP",165,0,0.95,1,"","","classic",1
"GO:0048588","developmental cell growth","BP",61,0,0.35,1,"","","classic",1
"GO:0048589","developmental growth","BP",205,0,1.18,1,"","","classic",1
"GO:0048599","oocyte development","BP",16,0,0.09,1,"","","classic",1
"GO:0048608",NA,"BP",11,0,0.06,1,"","","classic",1
"GO:0048609",NA,"BP",74,0,0.43,1,"","","classic",1
"GO:0048634","regulation of muscle organ development","BP",6,0,0.03,1,"","","classic",1
"GO:0048638",NA,"BP",40,0,0.23,1,"","","classic",1
"GO:0048639","positive regulation of developmental growth","BP",5,0,0.03,1,"","","classic",1
"GO:0048644","muscle organ morphogenesis","BP",20,0,0.12,1,"","","classic",1
"GO:0048645",NA,"BP",31,0,0.18,1,"","","classic",1
"GO:0048663","neuron fate commitment","BP",26,0,0.15,1,"","","classic",1
"GO:0048665","neuron fate specification","BP",18,0,0.1,1,"","","classic",1
"GO:0048668","collateral sprouting","BP",9,0,0.05,1,"","","classic",1
"GO:0048669",NA,"BP",6,0,0.03,1,"","","classic",1
"GO:0048670","regulation of collateral sprouting","BP",7,0,0.04,1,"","","classic",1
"GO:0048675","axon extension","BP",50,0,0.29,1,"","","classic",1
"GO:0048678","response to axon injury","BP",20,0,0.12,1,"","","classic",1
"GO:0048679","regulation of axon regeneration","BP",7,0,0.04,1,"","","classic",1
"GO:0048696","regulation of collateral sprouting in absence of injury","BP",6,0,0.03,1,"","","classic",1
"GO:0048701","embryonic cranial skeleton morphogenesis","BP",120,0,0.69,1,"","","classic",1
"GO:0048702","embryonic neurocranium morphogenesis","BP",15,0,0.09,1,"","","classic",1
"GO:0048703","embryonic viscerocranium morphogenesis","BP",77,0,0.44,1,"","","classic",1
"GO:0048704",NA,"BP",121,0,0.7,1,"","","classic",1
"GO:0048705","skeletal system morphogenesis","BP",134,0,0.77,1,"","","classic",1
"GO:0048706","embryonic skeletal system development","BP",133,0,0.77,1,"","","classic",1
"GO:0048736",NA,"BP",69,0,0.4,1,"","","classic",1
"GO:0048738","cardiac muscle tissue development","BP",64,0,0.37,1,"","","classic",1
"GO:0048741","skeletal muscle fiber development","BP",39,0,0.22,1,"","","classic",1
"GO:0048752","semicircular canal morphogenesis","BP",9,0,0.05,1,"","","classic",1
"GO:0048753",NA,"BP",6,0,0.03,1,"","","classic",1
"GO:0048754",NA,"BP",10,0,0.06,1,"","","classic",1
"GO:0048762",NA,"BP",90,0,0.52,1,"","","classic",1
"GO:0048771",NA,"BP",7,0,0.04,1,"","","classic",1
"GO:0048794","swim bladder development","BP",13,0,0.07,1,"","","classic",1
"GO:0048799",NA,"BP",5,0,0.03,1,"","","classic",1
"GO:0048813","dendrite morphogenesis","BP",7,0,0.04,1,"","","classic",1
"GO:0048821","erythrocyte development","BP",28,0,0.16,1,"","","classic",1
"GO:0048839","inner ear development","BP",107,0,0.62,1,"","","classic",1
"GO:0048840","otolith development","BP",31,0,0.18,1,"","","classic",1
"GO:0048841","regulation of axon extension involved in axon guidance","BP",8,0,0.05,1,"","","classic",1
"GO:0048844","artery morphogenesis","BP",11,0,0.06,1,"","","classic",1
"GO:0048845","venous blood vessel morphogenesis","BP",5,0,0.03,1,"","","classic",1
"GO:0048846","axon extension involved in axon guidance","BP",13,0,0.07,1,"","","classic",1
"GO:0048854","brain morphogenesis","BP",18,0,0.1,1,"","","classic",1
"GO:0048857",NA,"BP",19,0,0.11,1,"","","classic",1
"GO:0048859","formation of anatomical boundary","BP",8,0,0.05,1,"","","classic",1
"GO:0048863","stem cell differentiation","BP",129,0,0.74,1,"","","classic",1
"GO:0048864",NA,"BP",71,0,0.41,1,"","","classic",1
"GO:0048871","multicellular organismal homeostasis","BP",132,0,0.76,1,"","","classic",1
"GO:0048872",NA,"BP",90,0,0.52,1,"","","classic",1
"GO:0048881","mechanosensory lateral line system development","BP",58,0,0.33,1,"","","classic",1
"GO:0048882","lateral line development","BP",81,0,0.47,1,"","","classic",1
"GO:0048883","neuromast primordium migration","BP",20,0,0.12,1,"","","classic",1
"GO:0048884","neuromast development","BP",60,0,0.35,1,"","","classic",1
"GO:0048885","neuromast deposition","BP",14,0,0.08,1,"","","classic",1
"GO:0048886","neuromast hair cell differentiation","BP",20,0,0.12,1,"","","classic",1
"GO:0048892",NA,"BP",10,0,0.06,1,"","","classic",1
"GO:0048895",NA,"BP",9,0,0.05,1,"","","classic",1
"GO:0048897",NA,"BP",8,0,0.05,1,"","","classic",1
"GO:0048898",NA,"BP",10,0,0.06,1,"","","classic",1
"GO:0048899","anterior lateral line development","BP",6,0,0.03,1,"","","classic",1
"GO:0048915","posterior lateral line system development","BP",56,0,0.32,1,"","","classic",1
"GO:0048916","posterior lateral line development","BP",47,0,0.27,1,"","","classic",1
"GO:0048918","posterior lateral line nerve development","BP",9,0,0.05,1,"","","classic",1
"GO:0048919","posterior lateral line neuromast development","BP",29,0,0.17,1,"","","classic",1
"GO:0048920","posterior lateral line neuromast primordium migration","BP",19,0,0.11,1,"","","classic",1
"GO:0048922","posterior lateral line neuromast deposition","BP",10,0,0.06,1,"","","classic",1
"GO:0048923","posterior lateral line neuromast hair cell differentiation","BP",13,0,0.07,1,"","","classic",1
"GO:0048925","lateral line system development","BP",91,0,0.52,1,"","","classic",1
"GO:0048931",NA,"BP",8,0,0.05,1,"","","classic",1
"GO:0048932","myelination of posterior lateral line nerve axons","BP",8,0,0.05,1,"","","classic",1
"GO:0048934",NA,"BP",15,0,0.09,1,"","","classic",1
"GO:0048935","peripheral nervous system neuron development","BP",15,0,0.09,1,"","","classic",1
"GO:0048936","peripheral nervous system neuron axonogenesis","BP",8,0,0.05,1,"","","classic",1
"GO:0048937","lateral line nerve glial cell development","BP",9,0,0.05,1,"","","classic",1
"GO:0048938",NA,"BP",8,0,0.05,1,"","","classic",1
"GO:0048941",NA,"BP",8,0,0.05,1,"","","classic",1
"GO:0048942",NA,"BP",8,0,0.05,1,"","","classic",1
"GO:0050000",NA,"BP",8,0,0.05,1,"","","classic",1
"GO:0050482","arachidonic acid secretion","BP",13,0,0.07,1,"","","classic",1
"GO:0050650","chondroitin sulfate proteoglycan biosynthetic process","BP",5,0,0.03,1,"","","classic",1
"GO:0050654","chondroitin sulfate proteoglycan metabolic process","BP",6,0,0.03,1,"","","classic",1
"GO:0050657",NA,"BP",16,0,0.09,1,"","","classic",1
"GO:0050658",NA,"BP",16,0,0.09,1,"","","classic",1
"GO:0050673","epithelial cell proliferation","BP",24,0,0.14,1,"","","classic",1
"GO:0050678","regulation of epithelial cell proliferation","BP",6,0,0.03,1,"","","classic",1
"GO:0050684","regulation of mRNA processing","BP",13,0,0.07,1,"","","classic",1
"GO:0050688","regulation of defense response to virus","BP",6,0,0.03,1,"","","classic",1
"GO:0050708","regulation of protein secretion","BP",10,0,0.06,1,"","","classic",1
"GO:0050727","regulation of inflammatory response","BP",16,0,0.09,1,"","","classic",1
"GO:0050767","regulation of neurogenesis","BP",43,0,0.25,1,"","","classic",1
"GO:0050768","negative regulation of neurogenesis","BP",12,0,0.07,1,"","","classic",1
"GO:0050769","positive regulation of neurogenesis","BP",20,0,0.12,1,"","","classic",1
"GO:0050770",NA,"BP",15,0,0.09,1,"","","classic",1
"GO:0050772","positive regulation of axonogenesis","BP",6,0,0.03,1,"","","classic",1
"GO:0050776","regulation of immune response","BP",78,0,0.45,1,"","","classic",1
"GO:0050778",NA,"BP",68,0,0.39,1,"","","classic",1
"GO:0050779",NA,"BP",10,0,0.06,1,"","","classic",1
"GO:0050790","regulation of catalytic activity","BP",140,0,0.81,1,"","","classic",1
"GO:0050796","regulation of insulin secretion","BP",8,0,0.05,1,"","","classic",1
"GO:0050803","regulation of synapse structure or activity","BP",18,0,0.1,1,"","","classic",1
"GO:0050804","modulation of chemical synaptic transmission","BP",23,0,0.13,1,"","","classic",1
"GO:0050807",NA,"BP",15,0,0.09,1,"","","classic",1
"GO:0050808","synapse organization","BP",52,0,0.3,1,"","","classic",1
"GO:0050818",NA,"BP",12,0,0.07,1,"","","classic",1
"GO:0050819","negative regulation of coagulation","BP",7,0,0.04,1,"","","classic",1
"GO:0050851",NA,"BP",5,0,0.03,1,"","","classic",1
"GO:0050863",NA,"BP",9,0,0.05,1,"","","classic",1
"GO:0050865",NA,"BP",11,0,0.06,1,"","","classic",1
"GO:0050879",NA,"BP",7,0,0.04,1,"","","classic",1
"GO:0050881","musculoskeletal movement","BP",7,0,0.04,1,"","","classic",1
"GO:0050885","neuromuscular process controlling balance","BP",6,0,0.03,1,"","","classic",1
"GO:0050890",NA,"BP",5,0,0.03,1,"","","classic",1
"GO:0050905","neuromuscular process","BP",19,0,0.11,1,"","","classic",1
"GO:0050906","detection of stimulus involved in sensory perception","BP",23,0,0.13,1,"","","classic",1
"GO:0050908","detection of light stimulus involved in visual perception","BP",7,0,0.04,1,"","","classic",1
"GO:0050909","sensory perception of taste","BP",7,0,0.04,1,"","","classic",1
"GO:0050910","detection of mechanical stimulus involved in sensory perception of sound","BP",5,0,0.03,1,"","","classic",1
"GO:0050920",NA,"BP",14,0,0.08,1,"","","classic",1
"GO:0050931","pigment cell differentiation","BP",43,0,0.25,1,"","","classic",1
"GO:0050935","iridophore differentiation","BP",11,0,0.06,1,"","","classic",1
"GO:0050936","xanthophore differentiation","BP",6,0,0.03,1,"","","classic",1
"GO:0050953","sensory perception of light stimulus","BP",93,0,0.54,1,"","","classic",1
"GO:0050954",NA,"BP",45,0,0.26,1,"","","classic",1
"GO:0050962",NA,"BP",7,0,0.04,1,"","","classic",1
"GO:0050974","detection of mechanical stimulus involved in sensory perception","BP",12,0,0.07,1,"","","classic",1
"GO:0050975","sensory perception of touch","BP",5,0,0.03,1,"","","classic",1
"GO:0050982",NA,"BP",12,0,0.07,1,"","","classic",1
"GO:0050994","regulation of lipid catabolic process","BP",8,0,0.05,1,"","","classic",1
"GO:0051017","actin filament bundle assembly","BP",24,0,0.14,1,"","","classic",1
"GO:0051028","mRNA transport","BP",13,0,0.07,1,"","","classic",1
"GO:0051046",NA,"BP",28,0,0.16,1,"","","classic",1
"GO:0051047",NA,"BP",5,0,0.03,1,"","","classic",1
"GO:0051049",NA,"BP",74,0,0.43,1,"","","classic",1
"GO:0051050",NA,"BP",10,0,0.06,1,"","","classic",1
"GO:0051051",NA,"BP",9,0,0.05,1,"","","classic",1
"GO:0051052",NA,"BP",17,0,0.1,1,"","","classic",1
"GO:0051054",NA,"BP",6,0,0.03,1,"","","classic",1
"GO:0051056","regulation of small GTPase mediated signal transduction","BP",68,0,0.39,1,"","","classic",1
"GO:0051058",NA,"BP",9,0,0.05,1,"","","classic",1
"GO:0051090",NA,"BP",22,0,0.13,1,"","","classic",1
"GO:0051091","positive regulation of DNA-binding transcription factor activity","BP",16,0,0.09,1,"","","classic",1
"GO:0051093",NA,"BP",75,0,0.43,1,"","","classic",1
"GO:0051094",NA,"BP",72,0,0.41,1,"","","classic",1
"GO:0051098",NA,"BP",6,0,0.03,1,"","","classic",1
"GO:0051125",NA,"BP",7,0,0.04,1,"","","classic",1
"GO:0051130",NA,"BP",31,0,0.18,1,"","","classic",1
"GO:0051147",NA,"BP",5,0,0.03,1,"","","classic",1
"GO:0051153",NA,"BP",5,0,0.03,1,"","","classic",1
"GO:0051168","nuclear export","BP",17,0,0.1,1,"","","classic",1
"GO:0051169","nuclear transport","BP",41,0,0.24,1,"","","classic",1
"GO:0051170",NA,"BP",16,0,0.09,1,"","","classic",1
"GO:0051180","vitamin transport","BP",12,0,0.07,1,"","","classic",1
"GO:0051189",NA,"BP",6,0,0.03,1,"","","classic",1
"GO:0051208",NA,"BP",6,0,0.03,1,"","","classic",1
"GO:0051209","release of sequestered calcium ion into cytosol","BP",5,0,0.03,1,"","","classic",1
"GO:0051216","cartilage development","BP",97,0,0.56,1,"","","classic",1
"GO:0051222",NA,"BP",5,0,0.03,1,"","","classic",1
"GO:0051223",NA,"BP",13,0,0.07,1,"","","classic",1
"GO:0051225","spindle assembly","BP",16,0,0.09,1,"","","classic",1
"GO:0051235",NA,"BP",10,0,0.06,1,"","","classic",1
"GO:0051236",NA,"BP",16,0,0.09,1,"","","classic",1
"GO:0051240",NA,"BP",67,0,0.39,1,"","","classic",1
"GO:0051241",NA,"BP",64,0,0.37,1,"","","classic",1
"GO:0051247",NA,"BP",21,0,0.12,1,"","","classic",1
"GO:0051248",NA,"BP",36,0,0.21,1,"","","classic",1
"GO:0051249",NA,"BP",9,0,0.05,1,"","","classic",1
"GO:0051254",NA,"BP",130,0,0.75,1,"","","classic",1
"GO:0051259","protein complex oligomerization","BP",94,0,0.54,1,"","","classic",1
"GO:0051260","protein homooligomerization","BP",77,0,0.44,1,"","","classic",1
"GO:0051262","protein tetramerization","BP",20,0,0.12,1,"","","classic",1
"GO:0051276","chromosome organization","BP",88,0,0.51,1,"","","classic",1
"GO:0051282",NA,"BP",6,0,0.03,1,"","","classic",1
"GO:0051283",NA,"BP",5,0,0.03,1,"","","classic",1
"GO:0051289","protein homotetramerization","BP",7,0,0.04,1,"","","classic",1
"GO:0051293",NA,"BP",10,0,0.06,1,"","","classic",1
"GO:0051294",NA,"BP",7,0,0.04,1,"","","classic",1
"GO:0051298","centrosome duplication","BP",10,0,0.06,1,"","","classic",1
"GO:0051301","cell division","BP",54,0,0.31,1,"","","classic",1
"GO:0051302","regulation of cell division","BP",15,0,0.09,1,"","","classic",1
"GO:0051303",NA,"BP",8,0,0.05,1,"","","classic",1
"GO:0051304","chromosome separation","BP",12,0,0.07,1,"","","classic",1
"GO:0051306",NA,"BP",11,0,0.06,1,"","","classic",1
"GO:0051310",NA,"BP",7,0,0.04,1,"","","classic",1
"GO:0051321","meiotic cell cycle","BP",23,0,0.13,1,"","","classic",1
"GO:0051336",NA,"BP",85,0,0.49,1,"","","classic",1
"GO:0051338",NA,"BP",38,0,0.22,1,"","","classic",1
"GO:0051345",NA,"BP",46,0,0.26,1,"","","classic",1
"GO:0051346",NA,"BP",6,0,0.03,1,"","","classic",1
"GO:0051347",NA,"BP",13,0,0.07,1,"","","classic",1
"GO:0051348",NA,"BP",9,0,0.05,1,"","","classic",1
"GO:0051350",NA,"BP",9,0,0.05,1,"","","classic",1
"GO:0051382","kinetochore assembly","BP",6,0,0.03,1,"","","classic",1
"GO:0051383",NA,"BP",6,0,0.03,1,"","","classic",1
"GO:0051402","neuron apoptotic process","BP",22,0,0.13,1,"","","classic",1
"GO:0051492","regulation of stress fiber assembly","BP",7,0,0.04,1,"","","classic",1
"GO:0051495",NA,"BP",9,0,0.05,1,"","","classic",1
"GO:0051560","mitochondrial calcium ion homeostasis","BP",6,0,0.03,1,"","","classic",1
"GO:0051597","response to methylmercury","BP",6,0,0.03,1,"","","classic",1
"GO:0051606",NA,"BP",47,0,0.27,1,"","","classic",1
"GO:0051643",NA,"BP",5,0,0.03,1,"","","classic",1
"GO:0051646",NA,"BP",5,0,0.03,1,"","","classic",1
"GO:0051651",NA,"BP",10,0,0.06,1,"","","classic",1
"GO:0051653",NA,"BP",10,0,0.06,1,"","","classic",1
"GO:0051694","pointed-end actin filament capping","BP",6,0,0.03,1,"","","classic",1
"GO:0051715","cytolysis in another organism","BP",5,0,0.03,1,"","","classic",1
"GO:0051783",NA,"BP",19,0,0.11,1,"","","classic",1
"GO:0051784",NA,"BP",14,0,0.08,1,"","","classic",1
"GO:0051875","pigment granule localization","BP",26,0,0.15,1,"","","classic",1
"GO:0051877","pigment granule aggregation in cell center","BP",5,0,0.03,1,"","","classic",1
"GO:0051896","regulation of protein kinase B signaling","BP",5,0,0.03,1,"","","classic",1
"GO:0051904",NA,"BP",19,0,0.11,1,"","","classic",1
"GO:0051905",NA,"BP",24,0,0.14,1,"","","classic",1
"GO:0051924","regulation of calcium ion transport","BP",12,0,0.07,1,"","","classic",1
"GO:0051926",NA,"BP",6,0,0.03,1,"","","classic",1
"GO:0051960","regulation of nervous system development","BP",46,0,0.26,1,"","","classic",1
"GO:0051961",NA,"BP",12,0,0.07,1,"","","classic",1
"GO:0051962",NA,"BP",20,0,0.12,1,"","","classic",1
"GO:0051963","regulation of synapse assembly","BP",10,0,0.06,1,"","","classic",1
"GO:0051983",NA,"BP",14,0,0.08,1,"","","classic",1
"GO:0051985",NA,"BP",11,0,0.06,1,"","","classic",1
"GO:0052547",NA,"BP",5,0,0.03,1,"","","classic",1
"GO:0052646",NA,"BP",6,0,0.03,1,"","","classic",1
"GO:0052652",NA,"BP",25,0,0.14,1,"","","classic",1
"GO:0055003","cardiac myofibril assembly","BP",9,0,0.05,1,"","","classic",1
"GO:0055006",NA,"BP",20,0,0.12,1,"","","classic",1
"GO:0055007","cardiac muscle cell differentiation","BP",28,0,0.16,1,"","","classic",1
"GO:0055008","cardiac muscle tissue morphogenesis","BP",15,0,0.09,1,"","","classic",1
"GO:0055010","ventricular cardiac muscle tissue morphogenesis","BP",8,0,0.05,1,"","","classic",1
"GO:0055011","atrial cardiac muscle cell differentiation","BP",5,0,0.03,1,"","","classic",1
"GO:0055012","ventricular cardiac muscle cell differentiation","BP",6,0,0.03,1,"","","classic",1
"GO:0055013","cardiac muscle cell development","BP",17,0,0.1,1,"","","classic",1
"GO:0055015","ventricular cardiac muscle cell development","BP",5,0,0.03,1,"","","classic",1
"GO:0055017",NA,"BP",13,0,0.07,1,"","","classic",1
"GO:0055081","anion homeostasis","BP",5,0,0.03,1,"","","classic",1
"GO:0055088","lipid homeostasis","BP",14,0,0.08,1,"","","classic",1
"GO:0055092",NA,"BP",6,0,0.03,1,"","","classic",1
"GO:0055113","epiboly involved in gastrulation with mouth forming second","BP",38,0,0.22,1,"","","classic",1
"GO:0055117","regulation of cardiac muscle contraction","BP",6,0,0.03,1,"","","classic",1
"GO:0060021","roof of mouth development","BP",6,0,0.03,1,"","","classic",1
"GO:0060026","convergent extension","BP",105,0,0.6,1,"","","classic",1
"GO:0060027","convergent extension involved in gastrulation","BP",59,0,0.34,1,"","","classic",1
"GO:0060028","convergent extension involved in axis elongation","BP",26,0,0.15,1,"","","classic",1
"GO:0060029","convergent extension involved in organogenesis","BP",17,0,0.1,1,"","","classic",1
"GO:0060030","dorsal convergence","BP",12,0,0.07,1,"","","classic",1
"GO:0060034","notochord cell differentiation","BP",14,0,0.08,1,"","","classic",1
"GO:0060035","notochord cell development","BP",7,0,0.04,1,"","","classic",1
"GO:0060036","notochord cell vacuolation","BP",6,0,0.03,1,"","","classic",1
"GO:0060037","pharyngeal system development","BP",18,0,0.1,1,"","","classic",1
"GO:0060038","cardiac muscle cell proliferation","BP",11,0,0.06,1,"","","classic",1
"GO:0060041","retina development in camera-type eye","BP",153,0,0.88,1,"","","classic",1
"GO:0060042","retina morphogenesis in camera-type eye","BP",79,0,0.45,1,"","","classic",1
"GO:0060047","heart contraction","BP",81,0,0.47,1,"","","classic",1
"GO:0060048","cardiac muscle contraction","BP",12,0,0.07,1,"","","classic",1
"GO:0060059","embryonic retina morphogenesis in camera-type eye","BP",23,0,0.13,1,"","","classic",1
"GO:0060061","Spemann organizer formation","BP",5,0,0.03,1,"","","classic",1
"GO:0060113","inner ear receptor cell differentiation","BP",29,0,0.17,1,"","","classic",1
"GO:0060114",NA,"BP",5,0,0.03,1,"","","classic",1
"GO:0060117","auditory receptor cell development","BP",10,0,0.06,1,"","","classic",1
"GO:0060118","vestibular receptor cell development","BP",5,0,0.03,1,"","","classic",1
"GO:0060119","inner ear receptor cell development","BP",26,0,0.15,1,"","","classic",1
"GO:0060122","inner ear receptor cell stereocilium organization","BP",9,0,0.05,1,"","","classic",1
"GO:0060173","limb development","BP",45,0,0.26,1,"","","classic",1
"GO:0060215","primitive hemopoiesis","BP",43,0,0.25,1,"","","classic",1
"GO:0060216","definitive hemopoiesis","BP",38,0,0.22,1,"","","classic",1
"GO:0060217","hemangioblast cell differentiation","BP",8,0,0.05,1,"","","classic",1
"GO:0060218","hematopoietic stem cell differentiation","BP",48,0,0.28,1,"","","classic",1
"GO:0060219","camera-type eye photoreceptor cell differentiation","BP",21,0,0.12,1,"","","classic",1
"GO:0060221","retinal rod cell differentiation","BP",9,0,0.05,1,"","","classic",1
"GO:0060232",NA,"BP",8,0,0.05,1,"","","classic",1
"GO:0060249","anatomical structure homeostasis","BP",42,0,0.24,1,"","","classic",1
"GO:0060284",NA,"BP",73,0,0.42,1,"","","classic",1
"GO:0060285","cilium-dependent cell motility","BP",18,0,0.1,1,"","","classic",1
"GO:0060287","epithelial cilium movement involved in determination of left/right asymmetry","BP",6,0,0.03,1,"","","classic",1
"GO:0060294","cilium movement involved in cell motility","BP",16,0,0.09,1,"","","classic",1
"GO:0060319","primitive erythrocyte differentiation","BP",15,0,0.09,1,"","","classic",1
"GO:0060323","head morphogenesis","BP",7,0,0.04,1,"","","classic",1
"GO:0060324","face development","BP",8,0,0.05,1,"","","classic",1
"GO:0060325","face morphogenesis","BP",6,0,0.03,1,"","","classic",1
"GO:0060341",NA,"BP",16,0,0.09,1,"","","classic",1
"GO:0060348","bone development","BP",31,0,0.18,1,"","","classic",1
"GO:0060349","bone morphogenesis","BP",21,0,0.12,1,"","","classic",1
"GO:0060350",NA,"BP",15,0,0.09,1,"","","classic",1
"GO:0060351","cartilage development involved in endochondral bone morphogenesis","BP",8,0,0.05,1,"","","classic",1
"GO:0060384",NA,"BP",5,0,0.03,1,"","","classic",1
"GO:0060415","muscle tissue morphogenesis","BP",19,0,0.11,1,"","","classic",1
"GO:0060419",NA,"BP",13,0,0.07,1,"","","classic",1
"GO:0060491","regulation of cell projection assembly","BP",16,0,0.09,1,"","","classic",1
"GO:0060536","cartilage morphogenesis","BP",18,0,0.1,1,"","","classic",1
"GO:0060537","muscle tissue development","BP",132,0,0.76,1,"","","classic",1
"GO:0060538","skeletal muscle organ development","BP",84,0,0.48,1,"","","classic",1
"GO:0060560",NA,"BP",99,0,0.57,1,"","","classic",1
"GO:0060561","apoptotic process involved in morphogenesis","BP",5,0,0.03,1,"","","classic",1
"GO:0060575","intestinal epithelial cell differentiation","BP",6,0,0.03,1,"","","classic",1
"GO:0060606",NA,"BP",5,0,0.03,1,"","","classic",1
"GO:0060612","adipose tissue development","BP",6,0,0.03,1,"","","classic",1
"GO:0060627",NA,"BP",27,0,0.16,1,"","","classic",1
"GO:0060632",NA,"BP",5,0,0.03,1,"","","classic",1
"GO:0060729","intestinal epithelial structure maintenance","BP",8,0,0.05,1,"","","classic",1
"GO:0060795",NA,"BP",19,0,0.11,1,"","","classic",1
"GO:0060828","regulation of canonical Wnt signaling pathway","BP",37,0,0.21,1,"","","classic",1
"GO:0060837","blood vessel endothelial cell differentiation","BP",6,0,0.03,1,"","","classic",1
"GO:0060840","artery development","BP",23,0,0.13,1,"","","classic",1
"GO:0060841","venous blood vessel development","BP",12,0,0.07,1,"","","classic",1
"GO:0060872","semicircular canal development","BP",16,0,0.09,1,"","","classic",1
"GO:0060914","heart formation","BP",26,0,0.15,1,"","","classic",1
"GO:0060973","cell migration involved in heart development","BP",21,0,0.12,1,"","","classic",1
"GO:0060974","cell migration involved in heart formation","BP",13,0,0.07,1,"","","classic",1
"GO:0060975","cardioblast migration to the midline involved in heart field formation","BP",11,0,0.06,1,"","","classic",1
"GO:0060993",NA,"BP",20,0,0.12,1,"","","classic",1
"GO:0061005",NA,"BP",26,0,0.15,1,"","","classic",1
"GO:0061009","common bile duct development","BP",10,0,0.06,1,"","","classic",1
"GO:0061013",NA,"BP",22,0,0.13,1,"","","classic",1
"GO:0061014","positive regulation of mRNA catabolic process","BP",11,0,0.06,1,"","","classic",1
"GO:0061025",NA,"BP",5,0,0.03,1,"","","classic",1
"GO:0061026","cardiac muscle tissue regeneration","BP",6,0,0.03,1,"","","classic",1
"GO:0061035","regulation of cartilage development","BP",11,0,0.06,1,"","","classic",1
"GO:0061041","regulation of wound healing","BP",9,0,0.05,1,"","","classic",1
"GO:0061053","somite development","BP",83,0,0.48,1,"","","classic",1
"GO:0061055","myotome development","BP",6,0,0.03,1,"","","classic",1
"GO:0061074","regulation of neural retina development","BP",6,0,0.03,1,"","","classic",1
"GO:0061138","morphogenesis of a branching epithelium","BP",13,0,0.07,1,"","","classic",1
"GO:0061154",NA,"BP",5,0,0.03,1,"","","classic",1
"GO:0061157","mRNA destabilization","BP",10,0,0.06,1,"","","classic",1
"GO:0061298","retina vasculature development in camera-type eye","BP",5,0,0.03,1,"","","classic",1
"GO:0061300","cerebellum vasculature development","BP",7,0,0.04,1,"","","classic",1
"GO:0061318",NA,"BP",20,0,0.12,1,"","","classic",1
"GO:0061326",NA,"BP",12,0,0.07,1,"","","classic",1
"GO:0061337","cardiac conduction","BP",9,0,0.05,1,"","","classic",1
"GO:0061351","neural precursor cell proliferation","BP",20,0,0.12,1,"","","classic",1
"GO:0061383",NA,"BP",8,0,0.05,1,"","","classic",1
"GO:0061384","heart trabecula morphogenesis","BP",8,0,0.05,1,"","","classic",1
"GO:0061386","closure of optic fissure","BP",18,0,0.1,1,"","","classic",1
"GO:0061387",NA,"BP",30,0,0.17,1,"","","classic",1
"GO:0061448",NA,"BP",105,0,0.6,1,"","","classic",1
"GO:0061458",NA,"BP",11,0,0.06,1,"","","classic",1
"GO:0061484","hematopoietic stem cell homeostasis","BP",6,0,0.03,1,"","","classic",1
"GO:0061515","myeloid cell development","BP",38,0,0.22,1,"","","classic",1
"GO:0061548",NA,"BP",5,0,0.03,1,"","","classic",1
"GO:0061572","actin filament bundle organization","BP",28,0,0.16,1,"","","classic",1
"GO:0061588","calcium activated phospholipid scrambling","BP",6,0,0.03,1,"","","classic",1
"GO:0061640","cytoskeleton-dependent cytokinesis","BP",20,0,0.12,1,"","","classic",1
"GO:0061817","endoplasmic reticulum-plasma membrane tethering","BP",5,0,0.03,1,"","","classic",1
"GO:0061966","establishment of left/right asymmetry","BP",5,0,0.03,1,"","","classic",1
"GO:0061982",NA,"BP",17,0,0.1,1,"","","classic",1
"GO:0062012",NA,"BP",17,0,0.1,1,"","","classic",1
"GO:0062197",NA,"BP",6,0,0.03,1,"","","classic",1
"GO:0062207",NA,"BP",7,0,0.04,1,"","","classic",1
"GO:0065002",NA,"BP",7,0,0.04,1,"","","classic",1
"GO:0065004",NA,"BP",50,0,0.29,1,"","","classic",1
"GO:0065009",NA,"BP",180,0,1.04,1,"","","classic",1
"GO:0070050","neuron cellular homeostasis","BP",7,0,0.04,1,"","","classic",1
"GO:0070085",NA,"BP",123,0,0.71,1,"","","classic",1
"GO:0070167",NA,"BP",6,0,0.03,1,"","","classic",1
"GO:0070189","kynurenine metabolic process","BP",7,0,0.04,1,"","","classic",1
"GO:0070192","chromosome organization involved in meiotic cell cycle","BP",9,0,0.05,1,"","","classic",1
"GO:0070193","synaptonemal complex organization","BP",5,0,0.03,1,"","","classic",1
"GO:0070201",NA,"BP",13,0,0.07,1,"","","classic",1
"GO:0070286","axonemal dynein complex assembly","BP",8,0,0.05,1,"","","classic",1
"GO:0070306","lens fiber cell differentiation","BP",13,0,0.07,1,"","","classic",1
"GO:0070307",NA,"BP",5,0,0.03,1,"","","classic",1
"GO:0070309","lens fiber cell morphogenesis","BP",5,0,0.03,1,"","","classic",1
"GO:0070371",NA,"BP",10,0,0.06,1,"","","classic",1
"GO:0070372",NA,"BP",10,0,0.06,1,"","","classic",1
"GO:0070373","negative regulation of ERK1 and ERK2 cascade","BP",7,0,0.04,1,"","","classic",1
"GO:0070482",NA,"BP",27,0,0.16,1,"","","classic",1
"GO:0070493","thrombin-activated receptor signaling pathway","BP",6,0,0.03,1,"","","classic",1
"GO:0070507","regulation of microtubule cytoskeleton organization","BP",20,0,0.12,1,"","","classic",1
"GO:0070509","calcium ion import","BP",10,0,0.06,1,"","","classic",1
"GO:0070570",NA,"BP",7,0,0.04,1,"","","classic",1
"GO:0070585",NA,"BP",15,0,0.09,1,"","","classic",1
"GO:0070654","sensory epithelium regeneration","BP",10,0,0.06,1,"","","classic",1
"GO:0070836","caveola assembly","BP",7,0,0.04,1,"","","classic",1
"GO:0070848",NA,"BP",132,0,0.76,1,"","","classic",1
"GO:0070918",NA,"BP",9,0,0.05,1,"","","classic",1
"GO:0070972",NA,"BP",16,0,0.09,1,"","","classic",1
"GO:0071103",NA,"BP",6,0,0.03,1,"","","classic",1
"GO:0071173",NA,"BP",11,0,0.06,1,"","","classic",1
"GO:0071174",NA,"BP",11,0,0.06,1,"","","classic",1
"GO:0071216",NA,"BP",6,0,0.03,1,"","","classic",1
"GO:0071219","cellular response to molecule of bacterial origin","BP",5,0,0.03,1,"","","classic",1
"GO:0071222","cellular response to lipopolysaccharide","BP",5,0,0.03,1,"","","classic",1
"GO:0071345",NA,"BP",22,0,0.13,1,"","","classic",1
"GO:0071363",NA,"BP",132,0,0.76,1,"","","classic",1
"GO:0071375",NA,"BP",16,0,0.09,1,"","","classic",1
"GO:0071383",NA,"BP",5,0,0.03,1,"","","classic",1
"GO:0071391","cellular response to estrogen stimulus","BP",17,0,0.1,1,"","","classic",1
"GO:0071396",NA,"BP",18,0,0.1,1,"","","classic",1
"GO:0071425","hematopoietic stem cell proliferation","BP",6,0,0.03,1,"","","classic",1
"GO:0071466","cellular response to xenobiotic stimulus","BP",23,0,0.13,1,"","","classic",1
"GO:0071482","cellular response to light stimulus","BP",7,0,0.04,1,"","","classic",1
"GO:0071495",NA,"BP",191,0,1.1,1,"","","classic",1
"GO:0071526","semaphorin-plexin signaling pathway","BP",22,0,0.13,1,"","","classic",1
"GO:0071542","dopaminergic neuron differentiation","BP",10,0,0.06,1,"","","classic",1
"GO:0071559",NA,"BP",25,0,0.14,1,"","","classic",1
"GO:0071560",NA,"BP",25,0,0.14,1,"","","classic",1
"GO:0071599","otic vesicle development","BP",26,0,0.15,1,"","","classic",1
"GO:0071600","otic vesicle morphogenesis","BP",17,0,0.1,1,"","","classic",1
"GO:0071616",NA,"BP",6,0,0.03,1,"","","classic",1
"GO:0071622",NA,"BP",5,0,0.03,1,"","","classic",1
"GO:0071674",NA,"BP",10,0,0.06,1,"","","classic",1
"GO:0071678","olfactory bulb axon guidance","BP",5,0,0.03,1,"","","classic",1
"GO:0071679","commissural neuron axon guidance","BP",5,0,0.03,1,"","","classic",1
"GO:0071692",NA,"BP",17,0,0.1,1,"","","classic",1
"GO:0071695",NA,"BP",41,0,0.24,1,"","","classic",1
"GO:0071698","olfactory placode development","BP",8,0,0.05,1,"","","classic",1
"GO:0071709",NA,"BP",9,0,0.05,1,"","","classic",1
"GO:0071711","basement membrane organization","BP",7,0,0.04,1,"","","classic",1
"GO:0071715",NA,"BP",13,0,0.07,1,"","","classic",1
"GO:0071772",NA,"BP",50,0,0.29,1,"","","classic",1
"GO:0071773",NA,"BP",50,0,0.29,1,"","","classic",1
"GO:0071774",NA,"BP",44,0,0.25,1,"","","classic",1
"GO:0071805","potassium ion transmembrane transport","BP",32,0,0.18,1,"","","classic",1
"GO:0071806",NA,"BP",18,0,0.1,1,"","","classic",1
"GO:0071824",NA,"BP",51,0,0.29,1,"","","classic",1
"GO:0071826",NA,"BP",29,0,0.17,1,"","","classic",1
"GO:0071867",NA,"BP",9,0,0.05,1,"","","classic",1
"GO:0071868",NA,"BP",9,0,0.05,1,"","","classic",1
"GO:0071869",NA,"BP",9,0,0.05,1,"","","classic",1
"GO:0071870",NA,"BP",9,0,0.05,1,"","","classic",1
"GO:0071897","DNA biosynthetic process","BP",11,0,0.06,1,"","","classic",1
"GO:0071900","regulation of protein serine/threonine kinase activity","BP",15,0,0.09,1,"","","classic",1
"GO:0072009",NA,"BP",31,0,0.18,1,"","","classic",1
"GO:0072010",NA,"BP",20,0,0.12,1,"","","classic",1
"GO:0072014",NA,"BP",6,0,0.03,1,"","","classic",1
"GO:0072015","podocyte development","BP",15,0,0.09,1,"","","classic",1
"GO:0072017",NA,"BP",5,0,0.03,1,"","","classic",1
"GO:0072073",NA,"BP",39,0,0.22,1,"","","classic",1
"GO:0072080",NA,"BP",12,0,0.07,1,"","","classic",1
"GO:0072089",NA,"BP",7,0,0.04,1,"","","classic",1
"GO:0072102",NA,"BP",11,0,0.06,1,"","","classic",1
"GO:0072112","podocyte differentiation","BP",20,0,0.12,1,"","","classic",1
"GO:0072114","pronephros morphogenesis","BP",17,0,0.1,1,"","","classic",1
"GO:0072132",NA,"BP",5,0,0.03,1,"","","classic",1
"GO:0072148","epithelial cell fate commitment","BP",9,0,0.05,1,"","","classic",1
"GO:0072160",NA,"BP",5,0,0.03,1,"","","classic",1
"GO:0072175","epithelial tube formation","BP",34,0,0.2,1,"","","classic",1
"GO:0072176",NA,"BP",14,0,0.08,1,"","","classic",1
"GO:0072178",NA,"BP",8,0,0.05,1,"","","classic",1
"GO:0072310",NA,"BP",15,0,0.09,1,"","","classic",1
"GO:0072311",NA,"BP",20,0,0.12,1,"","","classic",1
"GO:0072329",NA,"BP",18,0,0.1,1,"","","classic",1
"GO:0072330",NA,"BP",39,0,0.22,1,"","","classic",1
"GO:0072331","signal transduction by p53 class mediator","BP",11,0,0.06,1,"","","classic",1
"GO:0072350",NA,"BP",5,0,0.03,1,"","","classic",1
"GO:0072384",NA,"BP",7,0,0.04,1,"","","classic",1
"GO:0072488","ammonium transmembrane transport","BP",7,0,0.04,1,"","","classic",1
"GO:0072523",NA,"BP",40,0,0.23,1,"","","classic",1
"GO:0072526",NA,"BP",36,0,0.21,1,"","","classic",1
"GO:0072527",NA,"BP",26,0,0.15,1,"","","classic",1
"GO:0072528",NA,"BP",20,0,0.12,1,"","","classic",1
"GO:0072529",NA,"BP",5,0,0.03,1,"","","classic",1
"GO:0072554","blood vessel lumenization","BP",5,0,0.03,1,"","","classic",1
"GO:0072576","liver morphogenesis","BP",7,0,0.04,1,"","","classic",1
"GO:0072583","clathrin-dependent endocytosis","BP",10,0,0.06,1,"","","classic",1
"GO:0072593","reactive oxygen species metabolic process","BP",16,0,0.09,1,"","","classic",1
"GO:0072599",NA,"BP",13,0,0.07,1,"","","classic",1
"GO:0072655",NA,"BP",15,0,0.09,1,"","","classic",1
"GO:0072659","protein localization to plasma membrane","BP",6,0,0.03,1,"","","classic",1
"GO:0072665",NA,"BP",5,0,0.03,1,"","","classic",1
"GO:0072666",NA,"BP",5,0,0.03,1,"","","classic",1
"GO:0080134",NA,"BP",96,0,0.55,1,"","","classic",1
"GO:0080135",NA,"BP",26,0,0.15,1,"","","classic",1
"GO:0080171",NA,"BP",7,0,0.04,1,"","","classic",1
"GO:0085029","extracellular matrix assembly","BP",8,0,0.05,1,"","","classic",1
"GO:0090022","regulation of neutrophil chemotaxis","BP",5,0,0.03,1,"","","classic",1
"GO:0090068",NA,"BP",7,0,0.04,1,"","","classic",1
"GO:0090087",NA,"BP",8,0,0.05,1,"","","classic",1
"GO:0090090","negative regulation of canonical Wnt signaling pathway","BP",18,0,0.1,1,"","","classic",1
"GO:0090092",NA,"BP",49,0,0.28,1,"","","classic",1
"GO:0090100",NA,"BP",13,0,0.07,1,"","","classic",1
"GO:0090101",NA,"BP",26,0,0.15,1,"","","classic",1
"GO:0090130",NA,"BP",10,0,0.06,1,"","","classic",1
"GO:0090132",NA,"BP",9,0,0.05,1,"","","classic",1
"GO:0090174",NA,"BP",5,0,0.03,1,"","","classic",1
"GO:0090257",NA,"BP",26,0,0.15,1,"","","classic",1
"GO:0090263","positive regulation of canonical Wnt signaling pathway","BP",11,0,0.06,1,"","","classic",1
"GO:0090276",NA,"BP",8,0,0.05,1,"","","classic",1
"GO:0090287",NA,"BP",70,0,0.4,1,"","","classic",1
"GO:0090288",NA,"BP",23,0,0.13,1,"","","classic",1
"GO:0090382","phagosome maturation","BP",5,0,0.03,1,"","","classic",1
"GO:0090481","pyrimidine nucleotide-sugar transmembrane transport","BP",5,0,0.03,1,"","","classic",1
"GO:0090497","mesenchymal cell migration","BP",49,0,0.28,1,"","","classic",1
"GO:0090504","epiboly","BP",49,0,0.28,1,"","","classic",1
"GO:0090594","inflammatory response to wounding","BP",6,0,0.03,1,"","","classic",1
"GO:0097035",NA,"BP",18,0,0.1,1,"","","classic",1
"GO:0097164",NA,"BP",5,0,0.03,1,"","","classic",1
"GO:0097190","apoptotic signaling pathway","BP",27,0,0.16,1,"","","classic",1
"GO:0097193","intrinsic apoptotic signaling pathway","BP",18,0,0.1,1,"","","classic",1
"GO:0097205","renal filtration","BP",18,0,0.1,1,"","","classic",1
"GO:0097305",NA,"BP",7,0,0.04,1,"","","classic",1
"GO:0097306",NA,"BP",5,0,0.03,1,"","","classic",1
"GO:0097324","melanocyte migration","BP",8,0,0.05,1,"","","classic",1
"GO:0097352","autophagosome maturation","BP",5,0,0.03,1,"","","classic",1
"GO:0097354",NA,"BP",8,0,0.05,1,"","","classic",1
"GO:0097534",NA,"BP",6,0,0.03,1,"","","classic",1
"GO:0097535","lymphoid lineage cell migration into thymus","BP",6,0,0.03,1,"","","classic",1
"GO:0097553",NA,"BP",6,0,0.03,1,"","","classic",1
"GO:0097696",NA,"BP",6,0,0.03,1,"","","classic",1
"GO:0097720","calcineurin-mediated signaling","BP",7,0,0.04,1,"","","classic",1
"GO:0097722",NA,"BP",7,0,0.04,1,"","","classic",1
"GO:0097746","blood vessel diameter maintenance","BP",50,0,0.29,1,"","","classic",1
"GO:0098508","endothelial to hematopoietic transition","BP",7,0,0.04,1,"","","classic",1
"GO:0098534",NA,"BP",8,0,0.05,1,"","","classic",1
"GO:0098656","anion transmembrane transport","BP",14,0,0.08,1,"","","classic",1
"GO:0098661",NA,"BP",12,0,0.07,1,"","","classic",1
"GO:0098727","maintenance of cell number","BP",9,0,0.05,1,"","","classic",1
"GO:0098754","detoxification","BP",7,0,0.04,1,"","","classic",1
"GO:0098813",NA,"BP",36,0,0.21,1,"","","classic",1
"GO:0098868","bone growth","BP",5,0,0.03,1,"","","classic",1
"GO:0098876",NA,"BP",12,0,0.07,1,"","","classic",1
"GO:0098916",NA,"BP",80,0,0.46,1,"","","classic",1
"GO:0098930","axonal transport","BP",5,0,0.03,1,"","","classic",1
"GO:0099003",NA,"BP",11,0,0.06,1,"","","classic",1
"GO:0099054","presynapse assembly","BP",10,0,0.06,1,"","","classic",1
"GO:0099111",NA,"BP",33,0,0.19,1,"","","classic",1
"GO:0099116",NA,"BP",9,0,0.05,1,"","","classic",1
"GO:0099172",NA,"BP",10,0,0.06,1,"","","classic",1
"GO:0099173",NA,"BP",5,0,0.03,1,"","","classic",1
"GO:0099174",NA,"BP",8,0,0.05,1,"","","classic",1
"GO:0099177",NA,"BP",23,0,0.13,1,"","","classic",1
"GO:0099504",NA,"BP",11,0,0.06,1,"","","classic",1
"GO:0099518","vesicle cytoskeletal trafficking","BP",5,0,0.03,1,"","","classic",1
"GO:0099536","synaptic signaling","BP",82,0,0.47,1,"","","classic",1
"GO:0099537",NA,"BP",80,0,0.46,1,"","","classic",1
"GO:0099643",NA,"BP",19,0,0.11,1,"","","classic",1
"GO:0106030",NA,"BP",8,0,0.05,1,"","","classic",1
"GO:0110020","regulation of actomyosin structure organization","BP",10,0,0.06,1,"","","classic",1
"GO:0110154",NA,"BP",6,0,0.03,1,"","","classic",1
"GO:0110156",NA,"BP",6,0,0.03,1,"","","classic",1
"GO:0120009","intermembrane lipid transfer","BP",6,0,0.03,1,"","","classic",1
"GO:0120032",NA,"BP",15,0,0.09,1,"","","classic",1
"GO:0120035",NA,"BP",51,0,0.29,1,"","","classic",1
"GO:0120254",NA,"BP",19,0,0.11,1,"","","classic",1
"GO:0140013",NA,"BP",14,0,0.08,1,"","","classic",1
"GO:0140014",NA,"BP",35,0,0.2,1,"","","classic",1
"GO:0140029",NA,"BP",5,0,0.03,1,"","","classic",1
"GO:0140053",NA,"BP",9,0,0.05,1,"","","classic",1
"GO:0140056",NA,"BP",9,0,0.05,1,"","","classic",1
"GO:0140253",NA,"BP",12,0,0.07,1,"","","classic",1
"GO:0140527",NA,"BP",6,0,0.03,1,"","","classic",1
"GO:0140647","P450-containing electron transport chain","BP",5,0,0.03,1,"","","classic",1
"GO:0141060",NA,"BP",5,0,0.03,1,"","","classic",1
"GO:0141061",NA,"BP",5,0,0.03,1,"","","classic",1
"GO:0141091",NA,"BP",79,0,0.45,1,"","","classic",1
"GO:0141188",NA,"BP",55,0,0.32,1,"","","classic",1
"GO:0141193",NA,"BP",19,0,0.11,1,"","","classic",1
"GO:0150076",NA,"BP",5,0,0.03,1,"","","classic",1
"GO:0170035",NA,"BP",19,0,0.11,1,"","","classic",1
"GO:0170036",NA,"BP",16,0,0.09,1,"","","classic",1
"GO:0170040",NA,"BP",23,0,0.13,1,"","","classic",1
"GO:0170041",NA,"BP",19,0,0.11,1,"","","classic",1
"GO:0170062",NA,"BP",6,0,0.03,1,"","","classic",1
"GO:0180046",NA,"BP",20,0,0.12,1,"","","classic",1
"GO:1900046",NA,"BP",8,0,0.05,1,"","","classic",1
"GO:1900052","regulation of retinoic acid biosynthetic process","BP",5,0,0.03,1,"","","classic",1
"GO:1900746","regulation of vascular endothelial growth factor signaling pathway","BP",6,0,0.03,1,"","","classic",1
"GO:1901019",NA,"BP",7,0,0.04,1,"","","classic",1
"GO:1901020",NA,"BP",5,0,0.03,1,"","","classic",1
"GO:1901136",NA,"BP",60,0,0.35,1,"","","classic",1
"GO:1901207","regulation of heart looping","BP",5,0,0.03,1,"","","classic",1
"GO:1901264",NA,"BP",15,0,0.09,1,"","","classic",1
"GO:1901292",NA,"BP",48,0,0.28,1,"","","classic",1
"GO:1901342","regulation of vasculature development","BP",52,0,0.3,1,"","","classic",1
"GO:1901343","negative regulation of vasculature development","BP",21,0,0.12,1,"","","classic",1
"GO:1901385",NA,"BP",5,0,0.03,1,"","","classic",1
"GO:1901386","negative regulation of voltage-gated calcium channel activity","BP",5,0,0.03,1,"","","classic",1
"GO:1901475","pyruvate transmembrane transport","BP",5,0,0.03,1,"","","classic",1
"GO:1901532","regulation of hematopoietic progenitor cell differentiation","BP",20,0,0.12,1,"","","classic",1
"GO:1901606",NA,"BP",23,0,0.13,1,"","","classic",1
"GO:1901652",NA,"BP",22,0,0.13,1,"","","classic",1
"GO:1901657",NA,"BP",22,0,0.13,1,"","","classic",1
"GO:1901658",NA,"BP",5,0,0.03,1,"","","classic",1
"GO:1901659",NA,"BP",6,0,0.03,1,"","","classic",1
"GO:1901661",NA,"BP",10,0,0.06,1,"","","classic",1
"GO:1901663",NA,"BP",10,0,0.06,1,"","","classic",1
"GO:1901698","response to nitrogen compound","BP",54,0,0.31,1,"","","classic",1
"GO:1901699",NA,"BP",28,0,0.16,1,"","","classic",1
"GO:1901700",NA,"BP",84,0,0.48,1,"","","classic",1
"GO:1901701",NA,"BP",48,0,0.28,1,"","","classic",1
"GO:1901796","regulation of signal transduction by p53 class mediator","BP",8,0,0.05,1,"","","classic",1
"GO:1901873",NA,"BP",7,0,0.04,1,"","","classic",1
"GO:1901888",NA,"BP",10,0,0.06,1,"","","classic",1
"GO:1901990",NA,"BP",23,0,0.13,1,"","","classic",1
"GO:1901991",NA,"BP",17,0,0.1,1,"","","classic",1
"GO:1902017","regulation of cilium assembly","BP",12,0,0.07,1,"","","classic",1
"GO:1902036","regulation of hematopoietic stem cell differentiation","BP",18,0,0.1,1,"","","classic",1
"GO:1902099",NA,"BP",13,0,0.07,1,"","","classic",1
"GO:1902100",NA,"BP",11,0,0.06,1,"","","classic",1
"GO:1902105",NA,"BP",10,0,0.06,1,"","","classic",1
"GO:1902115",NA,"BP",14,0,0.08,1,"","","classic",1
"GO:1902221",NA,"BP",9,0,0.05,1,"","","classic",1
"GO:1902222",NA,"BP",8,0,0.05,1,"","","classic",1
"GO:1902284",NA,"BP",13,0,0.07,1,"","","classic",1
"GO:1902476","chloride transmembrane transport","BP",9,0,0.05,1,"","","classic",1
"GO:1902531","regulation of intracellular signal transduction","BP",163,0,0.94,1,"","","classic",1
"GO:1902532",NA,"BP",38,0,0.22,1,"","","classic",1
"GO:1902533",NA,"BP",39,0,0.22,1,"","","classic",1
"GO:1902547",NA,"BP",6,0,0.03,1,"","","classic",1
"GO:1902622","regulation of neutrophil migration","BP",7,0,0.04,1,"","","classic",1
"GO:1902652",NA,"BP",11,0,0.06,1,"","","classic",1
"GO:1902680",NA,"BP",118,0,0.68,1,"","","classic",1
"GO:1902742",NA,"BP",5,0,0.03,1,"","","classic",1
"GO:1902749","regulation of cell cycle G2/M phase transition","BP",9,0,0.05,1,"","","classic",1
"GO:1902750",NA,"BP",5,0,0.03,1,"","","classic",1
"GO:1902850",NA,"BP",25,0,0.14,1,"","","classic",1
"GO:1902905",NA,"BP",9,0,0.05,1,"","","classic",1
"GO:1903034",NA,"BP",17,0,0.1,1,"","","classic",1
"GO:1903035",NA,"BP",6,0,0.03,1,"","","classic",1
"GO:1903036",NA,"BP",6,0,0.03,1,"","","classic",1
"GO:1903037",NA,"BP",5,0,0.03,1,"","","classic",1
"GO:1903046",NA,"BP",19,0,0.11,1,"","","classic",1
"GO:1903131",NA,"BP",30,0,0.17,1,"","","classic",1
"GO:1903169",NA,"BP",9,0,0.05,1,"","","classic",1
"GO:1903170",NA,"BP",5,0,0.03,1,"","","classic",1
"GO:1903224","regulation of endodermal cell differentiation","BP",13,0,0.07,1,"","","classic",1
"GO:1903225","negative regulation of endodermal cell differentiation","BP",7,0,0.04,1,"","","classic",1
"GO:1903311",NA,"BP",36,0,0.21,1,"","","classic",1
"GO:1903313",NA,"BP",12,0,0.07,1,"","","classic",1
"GO:1903320",NA,"BP",7,0,0.04,1,"","","classic",1
"GO:1903350",NA,"BP",9,0,0.05,1,"","","classic",1
"GO:1903351",NA,"BP",9,0,0.05,1,"","","classic",1
"GO:1903509",NA,"BP",31,0,0.18,1,"","","classic",1
"GO:1903522",NA,"BP",59,0,0.34,1,"","","classic",1
"GO:1903530",NA,"BP",27,0,0.16,1,"","","classic",1
"GO:1903670","regulation of sprouting angiogenesis","BP",9,0,0.05,1,"","","classic",1
"GO:1903706","regulation of hemopoiesis","BP",21,0,0.12,1,"","","classic",1
"GO:1903825",NA,"BP",12,0,0.07,1,"","","classic",1
"GO:1903829",NA,"BP",5,0,0.03,1,"","","classic",1
"GO:1903844",NA,"BP",11,0,0.06,1,"","","classic",1
"GO:1903963",NA,"BP",13,0,0.07,1,"","","classic",1
"GO:1904018",NA,"BP",13,0,0.07,1,"","","classic",1
"GO:1904062",NA,"BP",14,0,0.08,1,"","","classic",1
"GO:1904063",NA,"BP",5,0,0.03,1,"","","classic",1
"GO:1904103","regulation of convergent extension involved in gastrulation","BP",5,0,0.03,1,"","","classic",1
"GO:1904659","glucose transmembrane transport","BP",5,0,0.03,1,"","","classic",1
"GO:1904951",NA,"BP",5,0,0.03,1,"","","classic",1
"GO:1905037",NA,"BP",5,0,0.03,1,"","","classic",1
"GO:1905039",NA,"BP",11,0,0.06,1,"","","classic",1
"GO:1905330",NA,"BP",13,0,0.07,1,"","","classic",1
"GO:1905515","non-motile cilium assembly","BP",6,0,0.03,1,"","","classic",1
"GO:1905517","macrophage migration","BP",8,0,0.05,1,"","","classic",1
"GO:1905606","regulation of presynapse assembly","BP",8,0,0.05,1,"","","classic",1
"GO:1905770",NA,"BP",5,0,0.03,1,"","","classic",1
"GO:1905818",NA,"BP",11,0,0.06,1,"","","classic",1
"GO:1905819",NA,"BP",11,0,0.06,1,"","","classic",1
"GO:1905962","glutamatergic neuron differentiation","BP",8,0,0.05,1,"","","classic",1
"GO:1990138",NA,"BP",50,0,0.29,1,"","","classic",1
"GO:1990399",NA,"BP",10,0,0.06,1,"","","classic",1
"GO:1990402","embryonic liver development","BP",6,0,0.03,1,"","","classic",1
"GO:1990542","mitochondrial transmembrane transport","BP",30,0,0.17,1,"","","classic",1
"GO:1990778",NA,"BP",6,0,0.03,1,"","","classic",1
"GO:1990798","pancreas regeneration","BP",13,0,0.07,1,"","","classic",1
"GO:2000026",NA,"BP",149,0,0.86,1,"","","classic",1
"GO:2000027",NA,"BP",8,0,0.05,1,"","","classic",1
"GO:2000050","regulation of non-canonical Wnt signaling pathway","BP",5,0,0.03,1,"","","classic",1
"GO:2000145","regulation of cell motility","BP",66,0,0.38,1,"","","classic",1
"GO:2000146","negative regulation of cell motility","BP",21,0,0.12,1,"","","classic",1
"GO:2000147",NA,"BP",13,0,0.07,1,"","","classic",1
"GO:2000177","regulation of neural precursor cell proliferation","BP",5,0,0.03,1,"","","classic",1
"GO:2000181",NA,"BP",20,0,0.12,1,"","","classic",1
"GO:2000241",NA,"BP",8,0,0.05,1,"","","classic",1
"GO:2000242",NA,"BP",5,0,0.03,1,"","","classic",1
"GO:2000736",NA,"BP",19,0,0.11,1,"","","classic",1
"GO:2000816",NA,"BP",11,0,0.06,1,"","","classic",1
"GO:2001057",NA,"BP",7,0,0.04,1,"","","classic",1
"GO:2001233",NA,"BP",9,0,0.05,1,"","","classic",1
"GO:2001234",NA,"BP",7,0,0.04,1,"","","classic",1
"GO:2001242",NA,"BP",8,0,0.05,1,"","","classic",1
"GO:2001243","negative regulation of intrinsic apoptotic signaling pathway","BP",6,0,0.03,1,"","","classic",1
"GO:2001251",NA,"BP",11,0,0.06,1,"","","classic",1
"GO:2001257",NA,"BP",9,0,0.05,1,"","","classic",1
"GO:2001258",NA,"BP",5,0,0.03,1,"","","classic",1
"GO:0044877","protein-containing complex binding","MF",179,7,0.86,2.30041204253847e-05,"ENSCHAG00000003243, ENSCHAG00000006661, ENSCHAG00000008143, ENSCHAG00000011333, ENSCHAG00000013538, ENSCHAG00000019283, ENSCHAG00000021706","pex26, ENSCHAG00000006661, ENSCHAG00000008143, ENSCHAG00000011333, ENSCHAG00000013538, ENSCHAG00000019283, scinla","classic",0.0204046548173162
"GO:0051015","actin filament binding","MF",97,4,0.46,0.00119326475600469,"ENSCHAG00000008143, ENSCHAG00000011333, ENSCHAG00000019283, ENSCHAG00000021706","ENSCHAG00000008143, ENSCHAG00000011333, ENSCHAG00000019283, scinla","classic",0.411323528117694
"GO:0004879","nuclear receptor activity","MF",50,3,0.24,0.0017517593736452,"ENSCHAG00000003500, ENSCHAG00000012664, ENSCHAG00000027469","thrb, nr1d1, rorca","classic",0.411323528117694
"GO:0098531","ligand-activated transcription factor activity","MF",51,3,0.24,0.00185489753378893,"ENSCHAG00000003500, ENSCHAG00000012664, ENSCHAG00000027469","thrb, nr1d1, rorca","classic",0.411323528117694
"GO:0003810","protein-glutamine gamma-glutamyltransferase activity","MF",20,2,0.1,0.00405645147296664,"ENSCHAG00000003517, ENSCHAG00000003862","F13A1, ENSCHAG00000003862","classic",0.719614491304281
"GO:0000981","DNA-binding transcription factor activity, RNA polymerase II-specific","MF",339,6,1.62,0.00560802786767415,"ENSCHAG00000001217, ENSCHAG00000001249, ENSCHAG00000003500, ENSCHAG00000006655, ENSCHAG00000012664, ENSCHAG00000027469","gsx2, ENSCHAG00000001249, thrb, ENSCHAG00000006655, nr1d1, rorca","classic",0.829053453104496
"GO:0003779","actin binding","MF",254,5,1.22,0.0073523184748849,"ENSCHAG00000008143, ENSCHAG00000011333, ENSCHAG00000016765, ENSCHAG00000019283, ENSCHAG00000021706","ENSCHAG00000008143, ENSCHAG00000011333, lsp1a, ENSCHAG00000019283, scinla","classic",0.931643783888986
"GO:0016879",NA,"MF",36,2,0.17,0.0128037820985656,"ENSCHAG00000021596, ENSCHAG00000022196","pfas, glula","classic",1
"GO:0016874","ligase activity","MF",116,3,0.55,0.0181067155349209,"ENSCHAG00000010738, ENSCHAG00000021596, ENSCHAG00000022196","si:ch211-198n5.11, pfas, glula","classic",1
"GO:0008092","cytoskeletal protein binding","MF",440,6,2.11,0.0186132337927538,"ENSCHAG00000000387, ENSCHAG00000008143, ENSCHAG00000011333, ENSCHAG00000016765, ENSCHAG00000019283, ENSCHAG00000021706","ccdc181, ENSCHAG00000008143, ENSCHAG00000011333, lsp1a, ENSCHAG00000019283, scinla","classic",1
"GO:0016627","oxidoreductase activity, acting on the CH-CH group of donors","MF",44,2,0.21,0.0187601647114149,"ENSCHAG00000000436, ENSCHAG00000004743","cpox, dus4l","classic",1
"GO:0016661",NA,"MF",5,1,0.02,0.0236971651511575,"ENSCHAG00000002578","gmpr","classic",1
"GO:0016634",NA,"MF",6,1,0.03,0.0283697126191924,"ENSCHAG00000000436","cpox","classic",1
"GO:0016491","oxidoreductase activity","MF",620,7,2.97,0.0284398843217041,"ENSCHAG00000000436, ENSCHAG00000002578, ENSCHAG00000004743, ENSCHAG00000010933, ENSCHAG00000021082, ENSCHAG00000022110, ENSCHAG00000023283","cpox, gmpr, dus4l, rpe65b, aldh9a1a.1, RDH8, cbr4","classic",1
"GO:0004714","transmembrane receptor protein tyrosine kinase activity","MF",59,2,0.28,0.0324119324735471,"ENSCHAG00000001576, ENSCHAG00000019366","pdgfra, EPHB3","classic",1
"GO:0038191","neuropilin binding","MF",7,1,0.03,0.0330202065825922,"ENSCHAG00000012375","sema3c","classic",1
"GO:0140223","general transcription initiation factor activity","MF",7,1,0.03,0.0330202065825922,"ENSCHAG00000022113","dr1","classic",1
"GO:0001227","DNA-binding transcription repressor activity, RNA polymerase II-specific","MF",8,1,0.04,0.0376487496703501,"ENSCHAG00000012664","nr1d1","classic",1
"GO:0017022","myosin binding","MF",8,1,0.04,0.0376487496703501,"ENSCHAG00000016765","lsp1a","classic",1
"GO:0003774","cytoskeletal motor activity","MF",155,3,0.74,0.0381462766986638,"ENSCHAG00000008143, ENSCHAG00000011333, ENSCHAG00000019283","ENSCHAG00000008143, ENSCHAG00000011333, ENSCHAG00000019283","classic",1
"GO:0070840","dynein complex binding","MF",9,1,0.04,0.042255444040654,"ENSCHAG00000006661","ENSCHAG00000006661","classic",1
"GO:0004843","cysteine-type deubiquitinase activity","MF",69,2,0.33,0.0431104701977202,"ENSCHAG00000003267, ENSCHAG00000025013","usp18, usp46","classic",1
"GO:0001217","DNA-binding transcription repressor activity","MF",10,1,0.05,0.046840391383012,"ENSCHAG00000012664","nr1d1","classic",1
"GO:0016884","carbon-nitrogen ligase activity, with glutamine as amido-N-donor","MF",10,1,0.05,0.046840391383012,"ENSCHAG00000021596","pfas","classic",1
"GO:0019206","nucleoside kinase activity","MF",10,1,0.05,0.046840391383012,"ENSCHAG00000021499","uck2a","classic",1
"GO:0101005","deubiquitinase activity","MF",73,2,0.35,0.0477104655541455,"ENSCHAG00000003267, ENSCHAG00000025013","usp18, usp46","classic",1
"GO:0060090","molecular adaptor activity","MF",171,3,0.82,0.0486460539899445,"ENSCHAG00000006661, ENSCHAG00000013742, ENSCHAG00000027492","ENSCHAG00000006661, magi2a, stap2b","classic",1
"GO:0019783","ubiquitin-like protein peptidase activity","MF",74,2,0.35,0.0488874610903275,"ENSCHAG00000003267, ENSCHAG00000025013","usp18, usp46","classic",1
"GO:0003700","DNA-binding transcription factor activity","MF",703,7,3.36,0.0504743532536463,"ENSCHAG00000001076, ENSCHAG00000001217, ENSCHAG00000001249, ENSCHAG00000003500, ENSCHAG00000006655, ENSCHAG00000012664, ENSCHAG00000027469","foxm1, gsx2, ENSCHAG00000001249, thrb, ENSCHAG00000006655, nr1d1, rorca","classic",1
"GO:0008093","cytoskeletal anchor activity","MF",11,1,0.05,0.0514036929203765,"ENSCHAG00000006661","ENSCHAG00000006661","classic",1
"GO:0008603","cAMP-dependent protein kinase regulator activity","MF",11,1,0.05,0.0514036929203765,"ENSCHAG00000007917","PRKAR2B","classic",1
"GO:0016628","oxidoreductase activity, acting on the CH-CH group of donors, NAD or NADP as acceptor","MF",11,1,0.05,0.0514036929203765,"ENSCHAG00000004743","dus4l","classic",1
"GO:0033764","steroid dehydrogenase activity, acting on the CH-OH group of donors, NAD or NADP as acceptor","MF",12,1,0.06,0.0559454494112479,"ENSCHAG00000022110","RDH8","classic",1
"GO:0019199",NA,"MF",81,2,0.39,0.0574148007680975,"ENSCHAG00000001576, ENSCHAG00000019366","pdgfra, EPHB3","classic",1
"GO:0031681","G-protein beta-subunit binding","MF",13,1,0.06,0.0604657611517808,"ENSCHAG00000022120","GNG12","classic",1
"GO:0016229",NA,"MF",16,1,0.08,0.0738990239414904,"ENSCHAG00000022110","RDH8","classic",1
"GO:0043565","sequence-specific DNA binding","MF",338,4,1.62,0.0785148196919439,"ENSCHAG00000001076, ENSCHAG00000003500, ENSCHAG00000012664, ENSCHAG00000027469","foxm1, thrb, nr1d1, rorca","classic",1
"GO:0035591","signaling adaptor activity","MF",18,1,0.09,0.0827491268629892,"ENSCHAG00000027492","stap2b","classic",1
"GO:0140110",NA,"MF",794,7,3.8,0.0846819525049542,"ENSCHAG00000001076, ENSCHAG00000001217, ENSCHAG00000001249, ENSCHAG00000003500, ENSCHAG00000006655, ENSCHAG00000012664, ENSCHAG00000027469","foxm1, gsx2, ENSCHAG00000001249, thrb, ENSCHAG00000006655, nr1d1, rorca","classic",1
"GO:0005003","ephrin receptor activity","MF",20,1,0.1,0.0915158190713885,"ENSCHAG00000019366","EPHB3","classic",1
"GO:0003697","single-stranded DNA binding","MF",23,1,0.11,0.104511156021115,"ENSCHAG00000003415","RAD51AP1","classic",1
"GO:0031683","G-protein beta/gamma-subunit complex binding","MF",23,1,0.11,0.104511156021115,"ENSCHAG00000013538","ENSCHAG00000013538","classic",1
"GO:0038023","signaling receptor activity","MF",1179,9,5.64,0.108676471472784,"ENSCHAG00000001576, ENSCHAG00000003500, ENSCHAG00000004711, ENSCHAG00000009573, ENSCHAG00000009593, ENSCHAG00000009841, ENSCHAG00000012664, ENSCHAG00000019366, ENSCHAG00000027469","pdgfra, thrb, gpr22a, fzd8a, ENSCHAG00000009593, grm8a, nr1d1, EPHB3, rorca","classic",1
"GO:0060089",NA,"MF",1179,9,5.64,0.108676471472784,"ENSCHAG00000001576, ENSCHAG00000003500, ENSCHAG00000004711, ENSCHAG00000009573, ENSCHAG00000009593, ENSCHAG00000009841, ENSCHAG00000012664, ENSCHAG00000019366, ENSCHAG00000027469","pdgfra, thrb, gpr22a, fzd8a, ENSCHAG00000009593, grm8a, nr1d1, EPHB3, rorca","classic",1
"GO:0004713","protein tyrosine kinase activity","MF",119,2,0.57,0.111017507864778,"ENSCHAG00000001576, ENSCHAG00000019366","pdgfra, EPHB3","classic",1
"GO:0016620","oxidoreductase activity, acting on the aldehyde or oxo group of donors, NAD or NADP as acceptor","MF",26,1,0.12,0.117323147597308,"ENSCHAG00000021082","aldh9a1a.1","classic",1
"GO:0016702","oxidoreductase activity, acting on single donors with incorporation of molecular oxygen, incorporation of two atoms of oxygen","MF",30,1,0.14,0.134125002880184,"ENSCHAG00000010933","rpe65b","classic",1
"GO:0016701","oxidoreductase activity, acting on single donors with incorporation of molecular oxygen","MF",31,1,0.15,0.138275945006333,"ENSCHAG00000010933","rpe65b","classic",1
"GO:0016903",NA,"MF",34,1,0.16,0.150611391407131,"ENSCHAG00000021082","aldh9a1a.1","classic",1
"GO:0030215","semaphorin receptor binding","MF",34,1,0.16,0.150611391407131,"ENSCHAG00000012375","sema3c","classic",1
"GO:0004721","phosphoprotein phosphatase activity","MF",150,2,0.72,0.1612171351965,"ENSCHAG00000015954, ENSCHAG00000023174","ENSCHAG00000015954, ptprfa","classic",1
"GO:0019205","nucleobase-containing compound kinase activity","MF",38,1,0.18,0.166788154413264,"ENSCHAG00000021499","uck2a","classic",1
"GO:0008234","cysteine-type peptidase activity","MF",154,2,0.74,0.167974262501644,"ENSCHAG00000003267, ENSCHAG00000025013","usp18, usp46","classic",1
"GO:0030674","protein-macromolecule adaptor activity","MF",155,2,0.74,0.169671360355278,"ENSCHAG00000006661, ENSCHAG00000027492","ENSCHAG00000006661, stap2b","classic",1
"GO:0004112",NA,"MF",40,1,0.19,0.174762222519794,"ENSCHAG00000005408","pde3a","classic",1
"GO:0004114","3',5'-cyclic-nucleotide phosphodiesterase activity","MF",40,1,0.19,0.174762222519794,"ENSCHAG00000005408","pde3a","classic",1
"GO:0005516","calmodulin binding","MF",44,1,0.21,0.190485266810313,"ENSCHAG00000016765","lsp1a","classic",1
"GO:0005085","guanyl-nucleotide exchange factor activity","MF",170,2,0.81,0.195450824381882,"ENSCHAG00000006688, ENSCHAG00000012776","fgd4b, rapgefl1","classic",1
"GO:0016755",NA,"MF",173,2,0.83,0.200668762723561,"ENSCHAG00000003517, ENSCHAG00000003862","F13A1, ENSCHAG00000003862","classic",1
"GO:0003729","mRNA binding","MF",48,1,0.23,0.205912826304782,"ENSCHAG00000012759","casc3","classic",1
"GO:0042578","phosphoric ester hydrolase activity","MF",330,3,1.58,0.209692804982362,"ENSCHAG00000005408, ENSCHAG00000015954, ENSCHAG00000023174","pde3a, ENSCHAG00000015954, ptprfa","classic",1
"GO:0019887","protein kinase regulator activity","MF",49,1,0.23,0.209724190647563,"ENSCHAG00000007917","PRKAR2B","classic",1
"GO:0003677","DNA binding","MF",1212,8,5.8,0.221481407979477,"ENSCHAG00000001076, ENSCHAG00000001217, ENSCHAG00000001249, ENSCHAG00000003415, ENSCHAG00000003500, ENSCHAG00000006655, ENSCHAG00000012664, ENSCHAG00000027469","foxm1, gsx2, ENSCHAG00000001249, RAD51AP1, thrb, ENSCHAG00000006655, nr1d1, rorca","classic",1
"GO:0019207",NA,"MF",54,1,0.26,0.228512083581799,"ENSCHAG00000007917","PRKAR2B","classic",1
"GO:0005262","calcium channel activity","MF",57,1,0.27,0.239572672651828,"ENSCHAG00000021442","tmco1","classic",1
"GO:0008138","protein tyrosine/serine/threonine phosphatase activity","MF",58,1,0.28,0.243224671555849,"ENSCHAG00000015954","ENSCHAG00000015954","classic",1
"GO:0016746","acyltransferase activity","MF",359,3,1.72,0.246306694207028,"ENSCHAG00000003517, ENSCHAG00000003862, ENSCHAG00000021555","F13A1, ENSCHAG00000003862, cpt2","classic",1
"GO:0004725","protein tyrosine phosphatase activity","MF",59,1,0.28,0.24685937395382,"ENSCHAG00000023174","ptprfa","classic",1
"GO:0016616","oxidoreductase activity, acting on the CH-OH group of donors, NAD or NADP as acceptor","MF",64,1,0.31,0.264776252355293,"ENSCHAG00000022110","RDH8","classic",1
"GO:0050660","flavin adenine dinucleotide binding","MF",65,1,0.31,0.268308858950583,"ENSCHAG00000004743","dus4l","classic",1
"GO:0140101",NA,"MF",65,1,0.31,0.268308858950583,"ENSCHAG00000004743","dus4l","classic",1
"GO:0015078","proton transmembrane transporter activity","MF",66,1,0.32,0.271824726686538,"ENSCHAG00000012097","atp5mc1","classic",1
"GO:0016614","oxidoreductase activity, acting on CH-OH group of donors","MF",67,1,0.32,0.275323933766467,"ENSCHAG00000022110","RDH8","classic",1
"GO:0016791","phosphatase activity","MF",228,2,1.09,0.297929118685828,"ENSCHAG00000015954, ENSCHAG00000023174","ENSCHAG00000015954, ptprfa","classic",1
"GO:0003824","catalytic activity","MF",4956,26,23.71,0.322563240385952,"ENSCHAG00000000436, ENSCHAG00000000664, ENSCHAG00000001576, ENSCHAG00000002578, ENSCHAG00000003267, ENSCHAG00000003478, ENSCHAG00000003517, ENSCHAG00000003862, ENSCHAG00000004743, ENSCHAG00000005408, ENSCHAG00000008000, ENSCHAG00000010738, ENSCHAG00000010933, ENSCHAG00000013538, ENSCHAG00000015954, ENSCHAG00000019366, ENSCHAG00000021082, ENSCHAG00000021499, ENSCHAG00000021555, ENSCHAG00000021596, ENSCHAG00000022110, ENSCHAG00000022196, ENSCHAG00000023174, ENSCHAG00000023283, ENSCHAG00000025013, ENSCHAG00000027478","cpox, rasl11b, pdgfra, gmpr, usp18, DYRK4, F13A1, ENSCHAG00000003862, dus4l, pde3a, pik3cg, si:ch211-198n5.11, rpe65b, ENSCHAG00000013538, ENSCHAG00000015954, EPHB3, aldh9a1a.1, uck2a, cpt2, pfas, RDH8, glula, ptprfa, cbr4, usp46, mpnd","classic",1
"GO:0015085",NA,"MF",81,1,0.39,0.322606410682732,"ENSCHAG00000021442","tmco1","classic",1
"GO:0004984","olfactory receptor activity","MF",85,1,0.41,0.335547718067006,"ENSCHAG00000009593","ENSCHAG00000009593","classic",1
"GO:0016301","kinase activity","MF",806,5,3.86,0.342166378197382,"ENSCHAG00000001576, ENSCHAG00000003478, ENSCHAG00000008000, ENSCHAG00000019366, ENSCHAG00000021499","pdgfra, DYRK4, pik3cg, EPHB3, uck2a","classic",1
"GO:0051213","dioxygenase activity","MF",90,1,0.43,0.351381944521965,"ENSCHAG00000010933","rpe65b","classic",1
"GO:0005509","calcium ion binding","MF",652,4,3.12,0.380104008309935,"ENSCHAG00000000469, ENSCHAG00000009619, ENSCHAG00000009643, ENSCHAG00000021706","prrg1, ENSCHAG00000009619, CDH20, scinla","classic",1
"GO:0030695","GTPase regulator activity","MF",279,2,1.33,0.386835804200911,"ENSCHAG00000006688, ENSCHAG00000012776","fgd4b, rapgefl1","classic",1
"GO:0060589",NA,"MF",279,2,1.33,0.386835804200911,"ENSCHAG00000006688, ENSCHAG00000012776","fgd4b, rapgefl1","classic",1
"GO:0008081","phosphoric diester hydrolase activity","MF",102,1,0.49,0.38788182301052,"ENSCHAG00000005408","pde3a","classic",1
"GO:0008083","growth factor activity","MF",102,1,0.49,0.38788182301052,"ENSCHAG00000003394","fgf6b","classic",1
"GO:0140096",NA,"MF",1880,10,8.99,0.411593685089552,"ENSCHAG00000001576, ENSCHAG00000003267, ENSCHAG00000003478, ENSCHAG00000003517, ENSCHAG00000003862, ENSCHAG00000015954, ENSCHAG00000019366, ENSCHAG00000023174, ENSCHAG00000025013, ENSCHAG00000027478","pdgfra, usp18, DYRK4, F13A1, ENSCHAG00000003862, ENSCHAG00000015954, EPHB3, ptprfa, usp46, mpnd","classic",1
"GO:0004888","transmembrane signaling receptor activity","MF",1083,6,5.18,0.417024204236267,"ENSCHAG00000001576, ENSCHAG00000004711, ENSCHAG00000009573, ENSCHAG00000009593, ENSCHAG00000009841, ENSCHAG00000019366","pdgfra, gpr22a, fzd8a, ENSCHAG00000009593, grm8a, EPHB3","classic",1
"GO:0005524","ATP binding","MF",1301,7,6.22,0.431312491982477,"ENSCHAG00000001576, ENSCHAG00000003478, ENSCHAG00000008143, ENSCHAG00000011333, ENSCHAG00000019283, ENSCHAG00000019366, ENSCHAG00000021499","pdgfra, DYRK4, ENSCHAG00000008143, ENSCHAG00000011333, ENSCHAG00000019283, EPHB3, uck2a","classic",1
"GO:0016772","transferase activity, transferring phosphorus-containing groups","MF",900,5,4.31,0.43261902902793,"ENSCHAG00000001576, ENSCHAG00000003478, ENSCHAG00000008000, ENSCHAG00000019366, ENSCHAG00000021499","pdgfra, DYRK4, pik3cg, EPHB3, uck2a","classic",1
"GO:0032559","adenyl ribonucleotide binding","MF",1311,7,6.27,0.439343272767732,"ENSCHAG00000001576, ENSCHAG00000003478, ENSCHAG00000008143, ENSCHAG00000011333, ENSCHAG00000019283, ENSCHAG00000019366, ENSCHAG00000021499","pdgfra, DYRK4, ENSCHAG00000008143, ENSCHAG00000011333, ENSCHAG00000019283, EPHB3, uck2a","classic",1
"GO:0003723","RNA binding","MF",515,3,2.46,0.449259207619976,"ENSCHAG00000003415, ENSCHAG00000012263, ENSCHAG00000012759","RAD51AP1, igf2bp1, casc3","classic",1
"GO:0003690","double-stranded DNA binding","MF",127,1,0.61,0.457541479440857,"ENSCHAG00000003415","RAD51AP1","classic",1
"GO:0016788","hydrolase activity, acting on ester bonds","MF",529,3,2.53,0.466823373118603,"ENSCHAG00000005408, ENSCHAG00000015954, ENSCHAG00000023174","pde3a, ENSCHAG00000015954, ptprfa","classic",1
"GO:0003924","GTPase activity","MF",331,2,1.58,0.472315744305211,"ENSCHAG00000000664, ENSCHAG00000013538","rasl11b, ENSCHAG00000013538","classic",1
"GO:0008017","microtubule binding","MF",137,1,0.66,0.483162088999814,"ENSCHAG00000000387","ccdc181","classic",1
"GO:0030554",NA,"MF",1375,7,6.58,0.490318050059092,"ENSCHAG00000001576, ENSCHAG00000003478, ENSCHAG00000008143, ENSCHAG00000011333, ENSCHAG00000019283, ENSCHAG00000019366, ENSCHAG00000021499","pdgfra, DYRK4, ENSCHAG00000008143, ENSCHAG00000011333, ENSCHAG00000019283, EPHB3, uck2a","classic",1
"GO:0030234","enzyme regulator activity","MF",550,3,2.63,0.492716429441009,"ENSCHAG00000006688, ENSCHAG00000007917, ENSCHAG00000012776","fgd4b, PRKAR2B, rapgefl1","classic",1
"GO:0000166","nucleotide binding","MF",2041,10,9.76,0.519697756549362,"ENSCHAG00000000664, ENSCHAG00000001576, ENSCHAG00000003478, ENSCHAG00000004743, ENSCHAG00000008143, ENSCHAG00000011333, ENSCHAG00000013538, ENSCHAG00000019283, ENSCHAG00000019366, ENSCHAG00000021499","rasl11b, pdgfra, DYRK4, dus4l, ENSCHAG00000008143, ENSCHAG00000011333, ENSCHAG00000013538, ENSCHAG00000019283, EPHB3, uck2a","classic",1
"GO:1901265",NA,"MF",2051,10,9.81,0.526283546308566,"ENSCHAG00000000664, ENSCHAG00000001576, ENSCHAG00000003478, ENSCHAG00000004743, ENSCHAG00000008143, ENSCHAG00000011333, ENSCHAG00000013538, ENSCHAG00000019283, ENSCHAG00000019366, ENSCHAG00000021499","rasl11b, pdgfra, DYRK4, dus4l, ENSCHAG00000008143, ENSCHAG00000011333, ENSCHAG00000013538, ENSCHAG00000019283, EPHB3, uck2a","classic",1
"GO:0015631","tubulin binding","MF",159,1,0.76,0.535401481258883,"ENSCHAG00000000387","ccdc181","classic",1
"GO:0035639",NA,"MF",1858,9,8.89,0.53781343973399,"ENSCHAG00000000664, ENSCHAG00000001576, ENSCHAG00000003478, ENSCHAG00000008143, ENSCHAG00000011333, ENSCHAG00000013538, ENSCHAG00000019283, ENSCHAG00000019366, ENSCHAG00000021499","rasl11b, pdgfra, DYRK4, ENSCHAG00000008143, ENSCHAG00000011333, ENSCHAG00000013538, ENSCHAG00000019283, EPHB3, uck2a","classic",1
"GO:0043167",NA,"MF",3958,19,18.94,0.538266377790632,"ENSCHAG00000000469, ENSCHAG00000000664, ENSCHAG00000001576, ENSCHAG00000003478, ENSCHAG00000003500, ENSCHAG00000004743, ENSCHAG00000006688, ENSCHAG00000008143, ENSCHAG00000009619, ENSCHAG00000009625, ENSCHAG00000009643, ENSCHAG00000011333, ENSCHAG00000012664, ENSCHAG00000013538, ENSCHAG00000019283, ENSCHAG00000019366, ENSCHAG00000021499, ENSCHAG00000021706, ENSCHAG00000027469","prrg1, rasl11b, pdgfra, DYRK4, thrb, dus4l, fgd4b, ENSCHAG00000008143, ENSCHAG00000009619, ENSCHAG00000009625, CDH20, ENSCHAG00000011333, nr1d1, ENSCHAG00000013538, ENSCHAG00000019283, EPHB3, uck2a, scinla, rorca","classic",1
"GO:0022890",NA,"MF",380,2,1.82,0.546172486105705,"ENSCHAG00000012097, ENSCHAG00000021442","atp5mc1, tmco1","classic",1
"GO:0032555",NA,"MF",1877,9,8.98,0.550732614351519,"ENSCHAG00000000664, ENSCHAG00000001576, ENSCHAG00000003478, ENSCHAG00000008143, ENSCHAG00000011333, ENSCHAG00000013538, ENSCHAG00000019283, ENSCHAG00000019366, ENSCHAG00000021499","rasl11b, pdgfra, DYRK4, ENSCHAG00000008143, ENSCHAG00000011333, ENSCHAG00000013538, ENSCHAG00000019283, EPHB3, uck2a","classic",1
"GO:0043168",NA,"MF",2089,10,9.99,0.551066593857101,"ENSCHAG00000000664, ENSCHAG00000001576, ENSCHAG00000003478, ENSCHAG00000004743, ENSCHAG00000008143, ENSCHAG00000011333, ENSCHAG00000013538, ENSCHAG00000019283, ENSCHAG00000019366, ENSCHAG00000021499","rasl11b, pdgfra, DYRK4, dus4l, ENSCHAG00000008143, ENSCHAG00000011333, ENSCHAG00000013538, ENSCHAG00000019283, EPHB3, uck2a","classic",1
"GO:0032553",NA,"MF",1891,9,9.05,0.56017087655618,"ENSCHAG00000000664, ENSCHAG00000001576, ENSCHAG00000003478, ENSCHAG00000008143, ENSCHAG00000011333, ENSCHAG00000013538, ENSCHAG00000019283, ENSCHAG00000019366, ENSCHAG00000021499","rasl11b, pdgfra, DYRK4, ENSCHAG00000008143, ENSCHAG00000011333, ENSCHAG00000013538, ENSCHAG00000019283, EPHB3, uck2a","classic",1
"GO:0003676","nucleic acid binding","MF",2106,10,10.08,0.5620141163706,"ENSCHAG00000001076, ENSCHAG00000001217, ENSCHAG00000001249, ENSCHAG00000003415, ENSCHAG00000003500, ENSCHAG00000006655, ENSCHAG00000012263, ENSCHAG00000012664, ENSCHAG00000012759, ENSCHAG00000027469","foxm1, gsx2, ENSCHAG00000001249, RAD51AP1, thrb, ENSCHAG00000006655, igf2bp1, nr1d1, casc3, rorca","classic",1
"GO:0008270","zinc ion binding","MF",836,4,4,0.572528804593553,"ENSCHAG00000003500, ENSCHAG00000009625, ENSCHAG00000012664, ENSCHAG00000027469","thrb, ENSCHAG00000009625, nr1d1, rorca","classic",1
"GO:1901363","heterocyclic compound binding","MF",2133,10,10.21,0.579201031173463,"ENSCHAG00000000664, ENSCHAG00000001576, ENSCHAG00000003478, ENSCHAG00000004743, ENSCHAG00000008143, ENSCHAG00000011333, ENSCHAG00000013538, ENSCHAG00000019283, ENSCHAG00000019366, ENSCHAG00000021499","rasl11b, pdgfra, DYRK4, dus4l, ENSCHAG00000008143, ENSCHAG00000011333, ENSCHAG00000013538, ENSCHAG00000019283, EPHB3, uck2a","classic",1
"GO:0140098",NA,"MF",184,1,0.88,0.588464243362344,"ENSCHAG00000004743","dus4l","classic",1
"GO:0046982","protein heterodimerization activity","MF",186,1,0.89,0.59244134489767,"ENSCHAG00000022113","dr1","classic",1
"GO:0097367","carbohydrate derivative binding","MF",1948,9,9.32,0.597794388627001,"ENSCHAG00000000664, ENSCHAG00000001576, ENSCHAG00000003478, ENSCHAG00000008143, ENSCHAG00000011333, ENSCHAG00000013538, ENSCHAG00000019283, ENSCHAG00000019366, ENSCHAG00000021499","rasl11b, pdgfra, DYRK4, ENSCHAG00000008143, ENSCHAG00000011333, ENSCHAG00000013538, ENSCHAG00000019283, EPHB3, uck2a","classic",1
"GO:0017076","purine nucleotide binding","MF",1951,9,9.33,0.599735654370669,"ENSCHAG00000000664, ENSCHAG00000001576, ENSCHAG00000003478, ENSCHAG00000008143, ENSCHAG00000011333, ENSCHAG00000013538, ENSCHAG00000019283, ENSCHAG00000019366, ENSCHAG00000021499","rasl11b, pdgfra, DYRK4, ENSCHAG00000008143, ENSCHAG00000011333, ENSCHAG00000013538, ENSCHAG00000019283, EPHB3, uck2a","classic",1
"GO:0036094","small molecule binding","MF",4093,19,19.58,0.605825559763536,"ENSCHAG00000000469, ENSCHAG00000000664, ENSCHAG00000001576, ENSCHAG00000003478, ENSCHAG00000003500, ENSCHAG00000004743, ENSCHAG00000006688, ENSCHAG00000008143, ENSCHAG00000009619, ENSCHAG00000009625, ENSCHAG00000009643, ENSCHAG00000011333, ENSCHAG00000012664, ENSCHAG00000013538, ENSCHAG00000019283, ENSCHAG00000019366, ENSCHAG00000021499, ENSCHAG00000021706, ENSCHAG00000027469","prrg1, rasl11b, pdgfra, DYRK4, thrb, dus4l, fgd4b, ENSCHAG00000008143, ENSCHAG00000009619, ENSCHAG00000009625, CDH20, ENSCHAG00000011333, nr1d1, ENSCHAG00000013538, ENSCHAG00000019283, EPHB3, uck2a, scinla, rorca","classic",1
"GO:0004672","protein kinase activity","MF",659,3,3.15,0.616244225800842,"ENSCHAG00000001576, ENSCHAG00000003478, ENSCHAG00000019366","pdgfra, DYRK4, EPHB3","classic",1
"GO:0046872","metal ion binding","MF",1978,9,9.46,0.617016463033935,"ENSCHAG00000000469, ENSCHAG00000003500, ENSCHAG00000006688, ENSCHAG00000009619, ENSCHAG00000009625, ENSCHAG00000009643, ENSCHAG00000012664, ENSCHAG00000021706, ENSCHAG00000027469","prrg1, thrb, fgd4b, ENSCHAG00000009619, ENSCHAG00000009625, CDH20, nr1d1, scinla, rorca","classic",1
"GO:0098772",NA,"MF",884,4,4.23,0.617393896804915,"ENSCHAG00000003394, ENSCHAG00000006688, ENSCHAG00000007917, ENSCHAG00000012776","fgf6b, fgd4b, PRKAR2B, rapgefl1","classic",1
"GO:0008233","peptidase activity","MF",676,3,3.23,0.633642905675392,"ENSCHAG00000003267, ENSCHAG00000025013, ENSCHAG00000027478","usp18, usp46, mpnd","classic",1
"GO:0015318",NA,"MF",446,2,2.13,0.63399233224119,"ENSCHAG00000012097, ENSCHAG00000021442","atp5mc1, tmco1","classic",1
"GO:0043169","cation binding","MF",2008,9,9.61,0.635794807936431,"ENSCHAG00000000469, ENSCHAG00000003500, ENSCHAG00000006688, ENSCHAG00000009619, ENSCHAG00000009625, ENSCHAG00000009643, ENSCHAG00000012664, ENSCHAG00000021706, ENSCHAG00000027469","prrg1, thrb, fgd4b, ENSCHAG00000009619, ENSCHAG00000009625, CDH20, nr1d1, scinla, rorca","classic",1
"GO:0008324","cation transmembrane transporter activity","MF",465,2,2.22,0.65673446339028,"ENSCHAG00000012097, ENSCHAG00000021442","atp5mc1, tmco1","classic",1
"GO:0017111","ribonucleoside triphosphate phosphatase activity","MF",475,2,2.27,0.668253113140065,"ENSCHAG00000000664, ENSCHAG00000013538","rasl11b, ENSCHAG00000013538","classic",1
"GO:0016773","phosphotransferase activity, alcohol group as acceptor","MF",730,3,3.49,0.685317374721744,"ENSCHAG00000001576, ENSCHAG00000003478, ENSCHAG00000019366","pdgfra, DYRK4, EPHB3","classic",1
"GO:0008237","metallopeptidase activity","MF",241,1,1.15,0.688120636337117,"ENSCHAG00000027478","mpnd","classic",1
"GO:0005515","protein binding","MF",5340,24,25.55,0.690201542957446,"ENSCHAG00000000387, ENSCHAG00000001046, ENSCHAG00000003394, ENSCHAG00000004880, ENSCHAG00000005592, ENSCHAG00000008143, ENSCHAG00000009573, ENSCHAG00000009625, ENSCHAG00000010108, ENSCHAG00000011333, ENSCHAG00000011575, ENSCHAG00000012375, ENSCHAG00000013742, ENSCHAG00000016765, ENSCHAG00000019283, ENSCHAG00000019366, ENSCHAG00000021706, ENSCHAG00000022113, ENSCHAG00000022120, ENSCHAG00000023174, ENSCHAG00000024991, ENSCHAG00000027470, ENSCHAG00000027478, ENSCHAG00000027494","ccdc181, ENSCHAG00000001046, fgf6b, slco1c1, plekha5, ENSCHAG00000008143, fzd8a, ENSCHAG00000009625, fnbp1l, ENSCHAG00000011333, lrrc7, sema3c, magi2a, lsp1a, ENSCHAG00000019283, EPHB3, scinla, dr1, GNG12, ptprfa, ENSCHAG00000024991, sh3gl1b, mpnd, fsd1","classic",1
"GO:0016462","pyrophosphatase activity","MF",496,2,2.37,0.691444706205872,"ENSCHAG00000000664, ENSCHAG00000013538","rasl11b, ENSCHAG00000013538","classic",1
"GO:0016740","transferase activity","MF",1883,8,9.01,0.693514159348808,"ENSCHAG00000001576, ENSCHAG00000003478, ENSCHAG00000003517, ENSCHAG00000003862, ENSCHAG00000008000, ENSCHAG00000019366, ENSCHAG00000021499, ENSCHAG00000021555","pdgfra, DYRK4, F13A1, ENSCHAG00000003862, pik3cg, EPHB3, uck2a, cpt2","classic",1
"GO:0005102","signaling receptor binding","MF",499,2,2.39,0.694648787458223,"ENSCHAG00000003394, ENSCHAG00000012375","fgf6b, sema3c","classic",1
"GO:0016818","hydrolase activity, acting on acid anhydrides, in phosphorus-containing anhydrides","MF",501,2,2.4,0.696769857766533,"ENSCHAG00000000664, ENSCHAG00000013538","rasl11b, ENSCHAG00000013538","classic",1
"GO:0016817","hydrolase activity, acting on acid anhydrides","MF",502,2,2.4,0.697825909222884,"ENSCHAG00000000664, ENSCHAG00000013538","rasl11b, ENSCHAG00000013538","classic",1
"GO:0022857","transmembrane transporter activity","MF",1010,4,4.83,0.720805105749445,"ENSCHAG00000001310, ENSCHAG00000004880, ENSCHAG00000012097, ENSCHAG00000021442","si:ch73-352p4.8, slco1c1, atp5mc1, tmco1","classic",1
"GO:0004930","G protein-coupled receptor activity","MF",772,3,3.69,0.721705384775964,"ENSCHAG00000004711, ENSCHAG00000009593, ENSCHAG00000009841","gpr22a, ENSCHAG00000009593, grm8a","classic",1
"GO:0046914","transition metal ion binding","MF",1041,4,4.98,0.742910924940418,"ENSCHAG00000003500, ENSCHAG00000009625, ENSCHAG00000012664, ENSCHAG00000027469","thrb, ENSCHAG00000009625, nr1d1, rorca","classic",1
"GO:0030546",NA,"MF",284,1,1.36,0.747166336190266,"ENSCHAG00000003394","fgf6b","classic",1
"GO:0048018","receptor ligand activity","MF",284,1,1.36,0.747166336190266,"ENSCHAG00000003394","fgf6b","classic",1
"GO:0005525","GTP binding","MF",559,2,2.67,0.753220688453734,"ENSCHAG00000000664, ENSCHAG00000013538","rasl11b, ENSCHAG00000013538","classic",1
"GO:0030545","signaling receptor regulator activity","MF",290,1,1.39,0.754475463838084,"ENSCHAG00000003394","fgf6b","classic",1
"GO:0016787","hydrolase activity","MF",1998,8,9.56,0.75666319858634,"ENSCHAG00000000664, ENSCHAG00000003267, ENSCHAG00000005408, ENSCHAG00000013538, ENSCHAG00000015954, ENSCHAG00000023174, ENSCHAG00000025013, ENSCHAG00000027478","rasl11b, usp18, pde3a, ENSCHAG00000013538, ENSCHAG00000015954, ptprfa, usp46, mpnd","classic",1
"GO:0032561",NA,"MF",568,2,2.72,0.761135698818164,"ENSCHAG00000000664, ENSCHAG00000013538","rasl11b, ENSCHAG00000013538","classic",1
"GO:0005215","transporter activity","MF",1070,4,5.12,0.762399195564496,"ENSCHAG00000001310, ENSCHAG00000004880, ENSCHAG00000012097, ENSCHAG00000021442","si:ch73-352p4.8, slco1c1, atp5mc1, tmco1","classic",1
"GO:0005261","cation channel activity","MF",301,1,1.44,0.767338381496927,"ENSCHAG00000021442","tmco1","classic",1
"GO:0019001","guanyl nucleotide binding","MF",578,2,2.77,0.769676255395203,"ENSCHAG00000000664, ENSCHAG00000013538","rasl11b, ENSCHAG00000013538","classic",1
"GO:0046873","metal ion transmembrane transporter activity","MF",319,1,1.53,0.786967944278836,"ENSCHAG00000021442","tmco1","classic",1
"GO:0015075","ion transmembrane transporter activity","MF",602,2,2.88,0.78911445002693,"ENSCHAG00000012097, ENSCHAG00000021442","atp5mc1, tmco1","classic",1
"GO:0140640",NA,"MF",338,1,1.62,0.805916948254801,"ENSCHAG00000004743","dus4l","classic",1
"GO:0005488",NA,"MF",10301,46,49.28,0.832295074202555,"ENSCHAG00000000387, ENSCHAG00000000469, ENSCHAG00000000664, ENSCHAG00000001046, ENSCHAG00000001076, ENSCHAG00000001217, ENSCHAG00000001249, ENSCHAG00000001576, ENSCHAG00000003243, ENSCHAG00000003394, ENSCHAG00000003415, ENSCHAG00000003478, ENSCHAG00000003500, ENSCHAG00000004743, ENSCHAG00000004880, ENSCHAG00000005592, ENSCHAG00000006655, ENSCHAG00000006661, ENSCHAG00000006688, ENSCHAG00000008143, ENSCHAG00000009573, ENSCHAG00000009619, ENSCHAG00000009625, ENSCHAG00000009643, ENSCHAG00000010108, ENSCHAG00000011333, ENSCHAG00000011575, ENSCHAG00000012263, ENSCHAG00000012375, ENSCHAG00000012664, ENSCHAG00000012759, ENSCHAG00000013538, ENSCHAG00000013742, ENSCHAG00000016765, ENSCHAG00000019283, ENSCHAG00000019366, ENSCHAG00000021499, ENSCHAG00000021706, ENSCHAG00000022113, ENSCHAG00000022120, ENSCHAG00000023174, ENSCHAG00000024991, ENSCHAG00000027469, ENSCHAG00000027470, ENSCHAG00000027478, ENSCHAG00000027494","ccdc181, prrg1, rasl11b, ENSCHAG00000001046, foxm1, gsx2, ENSCHAG00000001249, pdgfra, pex26, fgf6b, RAD51AP1, DYRK4, thrb, dus4l, slco1c1, plekha5, ENSCHAG00000006655, ENSCHAG00000006661, fgd4b, ENSCHAG00000008143, fzd8a, ENSCHAG00000009619, ENSCHAG00000009625, CDH20, fnbp1l, ENSCHAG00000011333, lrrc7, igf2bp1, sema3c, nr1d1, casc3, ENSCHAG00000013538, magi2a, lsp1a, ENSCHAG00000019283, EPHB3, uck2a, scinla, dr1, GNG12, ptprfa, ENSCHAG00000024991, rorca, sh3gl1b, mpnd, fsd1","classic",1
"GO:0005216","ion channel activity","MF",418,1,2,0.869062409627439,"ENSCHAG00000021442","tmco1","classic",1
"GO:0140677",NA,"MF",438,1,2.1,0.881372017906704,"ENSCHAG00000003394","fgf6b","classic",1
"GO:0046983","protein dimerization activity","MF",442,1,2.11,0.883693324303519,"ENSCHAG00000022113","dr1","classic",1
"GO:0015267","channel activity","MF",466,1,2.23,0.896709563144605,"ENSCHAG00000021442","tmco1","classic",1
"GO:0022803",NA,"MF",466,1,2.23,0.896709563144605,"ENSCHAG00000021442","tmco1","classic",1
"GO:0003674",NA,"MF",15049,72,72,1,"ENSCHAG00000000387, ENSCHAG00000000436, ENSCHAG00000000469, ENSCHAG00000000664, ENSCHAG00000001046, ENSCHAG00000001076, ENSCHAG00000001217, ENSCHAG00000001249, ENSCHAG00000001310, ENSCHAG00000001576, ENSCHAG00000002578, ENSCHAG00000003243, ENSCHAG00000003267, ENSCHAG00000003394, ENSCHAG00000003415, ENSCHAG00000003478, ENSCHAG00000003500, ENSCHAG00000003517, ENSCHAG00000003862, ENSCHAG00000004711, ENSCHAG00000004743, ENSCHAG00000004880, ENSCHAG00000005408, ENSCHAG00000005592, ENSCHAG00000006655, ENSCHAG00000006661, ENSCHAG00000006688, ENSCHAG00000007917, ENSCHAG00000008000, ENSCHAG00000008143, ENSCHAG00000009573, ENSCHAG00000009593, ENSCHAG00000009619, ENSCHAG00000009625, ENSCHAG00000009643, ENSCHAG00000009841, ENSCHAG00000010108, ENSCHAG00000010738, ENSCHAG00000010933, ENSCHAG00000011333, ENSCHAG00000011575, ENSCHAG00000012097, ENSCHAG00000012263, ENSCHAG00000012375, ENSCHAG00000012664, ENSCHAG00000012759, ENSCHAG00000012776, ENSCHAG00000013538, ENSCHAG00000013742, ENSCHAG00000015954, ENSCHAG00000016765, ENSCHAG00000019283, ENSCHAG00000019366, ENSCHAG00000021082, ENSCHAG00000021442, ENSCHAG00000021499, ENSCHAG00000021555, ENSCHAG00000021596, ENSCHAG00000021706, ENSCHAG00000022110, ENSCHAG00000022113, ENSCHAG00000022120, ENSCHAG00000022196, ENSCHAG00000023174, ENSCHAG00000023283, ENSCHAG00000024991, ENSCHAG00000025013, ENSCHAG00000027469, ENSCHAG00000027470, ENSCHAG00000027478, ENSCHAG00000027492, ENSCHAG00000027494","ccdc181, cpox, prrg1, rasl11b, ENSCHAG00000001046, foxm1, gsx2, ENSCHAG00000001249, si:ch73-352p4.8, pdgfra, gmpr, pex26, usp18, fgf6b, RAD51AP1, DYRK4, thrb, F13A1, ENSCHAG00000003862, gpr22a, dus4l, slco1c1, pde3a, plekha5, ENSCHAG00000006655, ENSCHAG00000006661, fgd4b, PRKAR2B, pik3cg, ENSCHAG00000008143, fzd8a, ENSCHAG00000009593, ENSCHAG00000009619, ENSCHAG00000009625, CDH20, grm8a, fnbp1l, si:ch211-198n5.11, rpe65b, ENSCHAG00000011333, lrrc7, atp5mc1, igf2bp1, sema3c, nr1d1, casc3, rapgefl1, ENSCHAG00000013538, magi2a, ENSCHAG00000015954, lsp1a, ENSCHAG00000019283, EPHB3, aldh9a1a.1, tmco1, uck2a, cpt2, pfas, scinla, RDH8, dr1, GNG12, glula, ptprfa, cbr4, ENSCHAG00000024991, usp46, rorca, sh3gl1b, mpnd, stap2b, fsd1","classic",1
"GO:0000030","mannosyltransferase activity","MF",11,0,0.05,1,"","","classic",1
"GO:0000049","tRNA binding","MF",14,0,0.07,1,"","","classic",1
"GO:0000062","fatty-acyl-CoA binding","MF",9,0,0.04,1,"","","classic",1
"GO:0000149","SNARE binding","MF",19,0,0.09,1,"","","classic",1
"GO:0000175","3'-5'-exoribonuclease activity","MF",9,0,0.04,1,"","","classic",1
"GO:0000287","magnesium ion binding","MF",88,0,0.42,1,"","","classic",1
"GO:0000339","RNA cap binding","MF",5,0,0.02,1,"","","classic",1
"GO:0000976","transcription cis-regulatory region binding","MF",101,0,0.48,1,"","","classic",1
"GO:0000977","RNA polymerase II transcription regulatory region sequence-specific DNA binding","MF",54,0,0.26,1,"","","classic",1
"GO:0000978","RNA polymerase II cis-regulatory region sequence-specific DNA binding","MF",34,0,0.16,1,"","","classic",1
"GO:0000987","cis-regulatory region sequence-specific DNA binding","MF",39,0,0.19,1,"","","classic",1
"GO:0001067",NA,"MF",101,0,0.48,1,"","","classic",1
"GO:0001216",NA,"MF",12,0,0.06,1,"","","classic",1
"GO:0001228","DNA-binding transcription activator activity, RNA polymerase II-specific","MF",12,0,0.06,1,"","","classic",1
"GO:0001540","amyloid-beta binding","MF",13,0,0.06,1,"","","classic",1
"GO:0001609","G protein-coupled adenosine receptor activity","MF",10,0,0.05,1,"","","classic",1
"GO:0001614","purinergic nucleotide receptor activity","MF",31,0,0.15,1,"","","classic",1
"GO:0001637",NA,"MF",28,0,0.13,1,"","","classic",1
"GO:0001648","proteinase-activated receptor activity","MF",6,0,0.03,1,"","","classic",1
"GO:0001653",NA,"MF",103,0,0.49,1,"","","classic",1
"GO:0001664","G protein-coupled receptor binding","MF",85,0,0.41,1,"","","classic",1
"GO:0001671","ATPase activator activity","MF",7,0,0.03,1,"","","classic",1
"GO:0001727",NA,"MF",16,0,0.08,1,"","","classic",1
"GO:0001733","galactosylceramide sulfotransferase activity","MF",6,0,0.03,1,"","","classic",1
"GO:0001784","phosphotyrosine residue binding","MF",5,0,0.02,1,"","","classic",1
"GO:0002161","aminoacyl-tRNA editing activity","MF",10,0,0.05,1,"","","classic",1
"GO:0003678","DNA helicase activity","MF",23,0,0.11,1,"","","classic",1
"GO:0003682","chromatin binding","MF",42,0,0.2,1,"","","classic",1
"GO:0003684","damaged DNA binding","MF",14,0,0.07,1,"","","classic",1
"GO:0003707","nuclear steroid receptor activity","MF",19,0,0.09,1,"","","classic",1
"GO:0003712","transcription coregulator activity","MF",91,0,0.44,1,"","","classic",1
"GO:0003713","transcription coactivator activity","MF",30,0,0.14,1,"","","classic",1
"GO:0003714","transcription corepressor activity","MF",27,0,0.13,1,"","","classic",1
"GO:0003724","RNA helicase activity","MF",40,0,0.19,1,"","","classic",1
"GO:0003725","double-stranded RNA binding","MF",12,0,0.06,1,"","","classic",1
"GO:0003730","mRNA 3'-UTR binding","MF",24,0,0.11,1,"","","classic",1
"GO:0003735","structural constituent of ribosome","MF",142,0,0.68,1,"","","classic",1
"GO:0003743","translation initiation factor activity","MF",39,0,0.19,1,"","","classic",1
"GO:0003746","translation elongation factor activity","MF",15,0,0.07,1,"","","classic",1
"GO:0003747","translation release factor activity","MF",5,0,0.02,1,"","","classic",1
"GO:0003755","peptidyl-prolyl cis-trans isomerase activity","MF",33,0,0.16,1,"","","classic",1
"GO:0003756","protein disulfide isomerase activity","MF",8,0,0.04,1,"","","classic",1
"GO:0003777","microtubule motor activity","MF",79,0,0.38,1,"","","classic",1
"GO:0003785","actin monomer binding","MF",10,0,0.05,1,"","","classic",1
"GO:0003796","lysozyme activity","MF",6,0,0.03,1,"","","classic",1
"GO:0003839","gamma-glutamylcyclotransferase activity","MF",5,0,0.02,1,"","","classic",1
"GO:0003872","6-phosphofructokinase activity","MF",5,0,0.02,1,"","","classic",1
"GO:0003873","6-phosphofructo-2-kinase activity","MF",5,0,0.02,1,"","","classic",1
"GO:0003887","DNA-directed DNA polymerase activity","MF",12,0,0.06,1,"","","classic",1
"GO:0003899","DNA-directed 5'-3' RNA polymerase activity","MF",14,0,0.07,1,"","","classic",1
"GO:0003906","DNA-(apurinic or apyrimidinic site) endonuclease activity","MF",5,0,0.02,1,"","","classic",1
"GO:0003916","DNA topoisomerase activity","MF",7,0,0.03,1,"","","classic",1
"GO:0003950","NAD+ ADP-ribosyltransferase activity","MF",27,0,0.13,1,"","","classic",1
"GO:0003954",NA,"MF",6,0,0.03,1,"","","classic",1
"GO:0003995","acyl-CoA dehydrogenase activity","MF",14,0,0.07,1,"","","classic",1
"GO:0004000","adenosine deaminase activity","MF",9,0,0.04,1,"","","classic",1
"GO:0004016","adenylate cyclase activity","MF",12,0,0.06,1,"","","classic",1
"GO:0004017","adenylate kinase activity","MF",6,0,0.03,1,"","","classic",1
"GO:0004022","alcohol dehydrogenase (NAD+) activity","MF",5,0,0.02,1,"","","classic",1
"GO:0004089","carbonate dehydratase activity","MF",20,0,0.1,1,"","","classic",1
"GO:0004104","cholinesterase activity","MF",5,0,0.02,1,"","","classic",1
"GO:0004111","creatine kinase activity","MF",8,0,0.04,1,"","","classic",1
"GO:0004126","cytidine deaminase activity","MF",5,0,0.02,1,"","","classic",1
"GO:0004143","diacylglycerol kinase activity","MF",10,0,0.05,1,"","","classic",1
"GO:0004175","endopeptidase activity","MF",457,0,2.19,1,"","","classic",1
"GO:0004176","ATP-dependent peptidase activity","MF",9,0,0.04,1,"","","classic",1
"GO:0004177","aminopeptidase activity","MF",20,0,0.1,1,"","","classic",1
"GO:0004180","carboxypeptidase activity","MF",35,0,0.17,1,"","","classic",1
"GO:0004181","metallocarboxypeptidase activity","MF",30,0,0.14,1,"","","classic",1
"GO:0004185","serine-type carboxypeptidase activity","MF",5,0,0.02,1,"","","classic",1
"GO:0004190","aspartic-type endopeptidase activity","MF",48,0,0.23,1,"","","classic",1
"GO:0004197","cysteine-type endopeptidase activity","MF",49,0,0.23,1,"","","classic",1
"GO:0004198","calcium-dependent cysteine-type endopeptidase activity","MF",21,0,0.1,1,"","","classic",1
"GO:0004222","metalloendopeptidase activity","MF",162,0,0.78,1,"","","classic",1
"GO:0004252","serine-type endopeptidase activity","MF",186,0,0.89,1,"","","classic",1
"GO:0004298","threonine-type endopeptidase activity","MF",13,0,0.06,1,"","","classic",1
"GO:0004308","exo-alpha-sialidase activity","MF",13,0,0.06,1,"","","classic",1
"GO:0004315","3-oxoacyl-[acyl-carrier-protein] synthase activity","MF",5,0,0.02,1,"","","classic",1
"GO:0004359","glutaminase activity","MF",7,0,0.03,1,"","","classic",1
"GO:0004364","glutathione transferase activity","MF",6,0,0.03,1,"","","classic",1
"GO:0004376","glycolipid mannosyltransferase activity","MF",5,0,0.02,1,"","","classic",1
"GO:0004383","guanylate cyclase activity","MF",12,0,0.06,1,"","","classic",1
"GO:0004385","guanylate kinase activity","MF",6,0,0.03,1,"","","classic",1
"GO:0004386","helicase activity","MF",90,0,0.43,1,"","","classic",1
"GO:0004396","hexokinase activity","MF",5,0,0.02,1,"","","classic",1
"GO:0004402","histone acetyltransferase activity","MF",17,0,0.08,1,"","","classic",1
"GO:0004407","histone deacetylase activity","MF",9,0,0.04,1,"","","classic",1
"GO:0004415","hyalurononglucosaminidase activity","MF",12,0,0.06,1,"","","classic",1
"GO:0004435","phosphatidylinositol phospholipase C activity","MF",27,0,0.13,1,"","","classic",1
"GO:0004438","phosphatidylinositol-3-phosphatase activity","MF",5,0,0.02,1,"","","classic",1
"GO:0004465","lipoprotein lipase activity","MF",5,0,0.02,1,"","","classic",1
"GO:0004467","long-chain fatty acid-CoA ligase activity","MF",7,0,0.03,1,"","","classic",1
"GO:0004497","monooxygenase activity","MF",103,0,0.49,1,"","","classic",1
"GO:0004499","N,N-dimethylaniline monooxygenase activity","MF",7,0,0.03,1,"","","classic",1
"GO:0004518","nuclease activity","MF",80,0,0.38,1,"","","classic",1
"GO:0004519","endonuclease activity","MF",36,0,0.17,1,"","","classic",1
"GO:0004520","endodeoxyribonuclease activity","MF",6,0,0.03,1,"","","classic",1
"GO:0004521","endoribonuclease activity","MF",24,0,0.11,1,"","","classic",1
"GO:0004523","RNA-DNA hybrid ribonuclease activity","MF",9,0,0.04,1,"","","classic",1
"GO:0004527","exonuclease activity","MF",22,0,0.11,1,"","","classic",1
"GO:0004532",NA,"MF",10,0,0.05,1,"","","classic",1
"GO:0004535","poly(A)-specific ribonuclease activity","MF",6,0,0.03,1,"","","classic",1
"GO:0004536","deoxyribonuclease activity","MF",13,0,0.06,1,"","","classic",1
"GO:0004540","ribonuclease activity","MF",42,0,0.2,1,"","","classic",1
"GO:0004550","nucleoside diphosphate kinase activity","MF",9,0,0.04,1,"","","classic",1
"GO:0004553","hydrolase activity, hydrolyzing O-glycosyl compounds","MF",105,0,0.5,1,"","","classic",1
"GO:0004559","alpha-mannosidase activity","MF",16,0,0.08,1,"","","classic",1
"GO:0004571","mannosyl-oligosaccharide 1,2-alpha-mannosidase activity","MF",9,0,0.04,1,"","","classic",1
"GO:0004601","peroxidase activity","MF",28,0,0.13,1,"","","classic",1
"GO:0004602","glutathione peroxidase activity","MF",9,0,0.04,1,"","","classic",1
"GO:0004620","phospholipase activity","MF",64,0,0.31,1,"","","classic",1
"GO:0004623","phospholipase A2 activity","MF",14,0,0.07,1,"","","classic",1
"GO:0004629","phospholipase C activity","MF",27,0,0.13,1,"","","classic",1
"GO:0004634","phosphopyruvate hydratase activity","MF",7,0,0.03,1,"","","classic",1
"GO:0004645","1,4-alpha-oligoglucan phosphorylase activity","MF",5,0,0.02,1,"","","classic",1
"GO:0004659","prenyltransferase activity","MF",10,0,0.05,1,"","","classic",1
"GO:0004674","protein serine/threonine kinase activity","MF",239,0,1.14,1,"","","classic",1
"GO:0004675","transmembrane receptor protein serine/threonine kinase activity","MF",22,0,0.11,1,"","","classic",1
"GO:0004683","calmodulin-dependent protein kinase activity","MF",10,0,0.05,1,"","","classic",1
"GO:0004690",NA,"MF",9,0,0.04,1,"","","classic",1
"GO:0004692","cGMP-dependent protein kinase activity","MF",5,0,0.02,1,"","","classic",1
"GO:0004697","protein kinase C activity","MF",12,0,0.06,1,"","","classic",1
"GO:0004703","G protein-coupled receptor kinase activity","MF",9,0,0.04,1,"","","classic",1
"GO:0004707","MAP kinase activity","MF",19,0,0.09,1,"","","classic",1
"GO:0004709","MAP kinase kinase kinase activity","MF",6,0,0.03,1,"","","classic",1
"GO:0004712","protein serine/threonine/tyrosine kinase activity","MF",6,0,0.03,1,"","","classic",1
"GO:0004715","non-membrane spanning protein tyrosine kinase activity","MF",14,0,0.07,1,"","","classic",1
"GO:0004719","protein-L-isoaspartate (D-aspartate) O-methyltransferase activity","MF",5,0,0.02,1,"","","classic",1
"GO:0004722","protein serine/threonine phosphatase activity","MF",26,0,0.12,1,"","","classic",1
"GO:0004723",NA,"MF",5,0,0.02,1,"","","classic",1
"GO:0004731","purine-nucleoside phosphorylase activity","MF",7,0,0.03,1,"","","classic",1
"GO:0004749","ribose phosphate diphosphokinase activity","MF",7,0,0.03,1,"","","classic",1
"GO:0004784","superoxide dismutase activity","MF",6,0,0.03,1,"","","classic",1
"GO:0004800","thyroxine 5'-deiodinase activity","MF",7,0,0.03,1,"","","classic",1
"GO:0004806","triglyceride lipase activity","MF",9,0,0.04,1,"","","classic",1
"GO:0004812","aminoacyl-tRNA ligase activity","MF",39,0,0.19,1,"","","classic",1
"GO:0004842","ubiquitin-protein transferase activity","MF",141,0,0.67,1,"","","classic",1
"GO:0004857","enzyme inhibitor activity","MF",162,0,0.78,1,"","","classic",1
"GO:0004859","phospholipase inhibitor activity","MF",7,0,0.03,1,"","","classic",1
"GO:0004860","protein kinase inhibitor activity","MF",18,0,0.09,1,"","","classic",1
"GO:0004861","cyclin-dependent protein serine/threonine kinase inhibitor activity","MF",6,0,0.03,1,"","","classic",1
"GO:0004862","cAMP-dependent protein kinase inhibitor activity","MF",6,0,0.03,1,"","","classic",1
"GO:0004864","protein phosphatase inhibitor activity","MF",7,0,0.03,1,"","","classic",1
"GO:0004866","endopeptidase inhibitor activity","MF",115,0,0.55,1,"","","classic",1
"GO:0004867","serine-type endopeptidase inhibitor activity","MF",75,0,0.36,1,"","","classic",1
"GO:0004869","cysteine-type endopeptidase inhibitor activity","MF",18,0,0.09,1,"","","classic",1
"GO:0004890","GABA-A receptor activity","MF",20,0,0.1,1,"","","classic",1
"GO:0004896","cytokine receptor activity","MF",53,0,0.25,1,"","","classic",1
"GO:0004931","extracellularly ATP-gated cation channel activity","MF",16,0,0.08,1,"","","classic",1
"GO:0004935","adrenergic receptor activity","MF",15,0,0.07,1,"","","classic",1
"GO:0004936",NA,"MF",8,0,0.04,1,"","","classic",1
"GO:0004950","chemokine receptor activity","MF",28,0,0.13,1,"","","classic",1
"GO:0004952","dopamine neurotransmitter receptor activity","MF",7,0,0.03,1,"","","classic",1
"GO:0004953",NA,"MF",19,0,0.09,1,"","","classic",1
"GO:0004954",NA,"MF",11,0,0.05,1,"","","classic",1
"GO:0004955","prostaglandin receptor activity","MF",10,0,0.05,1,"","","classic",1
"GO:0004957","prostaglandin E receptor activity","MF",7,0,0.03,1,"","","classic",1
"GO:0004960","thromboxane receptor activity","MF",6,0,0.03,1,"","","classic",1
"GO:0004962","endothelin receptor activity","MF",6,0,0.03,1,"","","classic",1
"GO:0004970","ionotropic glutamate receptor activity","MF",29,0,0.14,1,"","","classic",1
"GO:0004974","leukotriene receptor activity","MF",8,0,0.04,1,"","","classic",1
"GO:0004977","melanocortin receptor activity","MF",7,0,0.03,1,"","","classic",1
"GO:0004983","neuropeptide Y receptor activity","MF",10,0,0.05,1,"","","classic",1
"GO:0004985","G protein-coupled opioid receptor activity","MF",7,0,0.03,1,"","","classic",1
"GO:0004993","G protein-coupled serotonin receptor activity","MF",20,0,0.1,1,"","","classic",1
"GO:0004994","somatostatin receptor activity","MF",10,0,0.05,1,"","","classic",1
"GO:0004995","tachykinin receptor activity","MF",6,0,0.03,1,"","","classic",1
"GO:0004999","vasoactive intestinal polypeptide receptor activity","MF",8,0,0.04,1,"","","classic",1
"GO:0005000","vasopressin receptor activity","MF",8,0,0.04,1,"","","classic",1
"GO:0005007","fibroblast growth factor receptor activity","MF",5,0,0.02,1,"","","classic",1
"GO:0005021","vascular endothelial growth factor receptor activity","MF",6,0,0.03,1,"","","classic",1
"GO:0005042","netrin receptor activity","MF",6,0,0.03,1,"","","classic",1
"GO:0005044","scavenger receptor activity","MF",53,0,0.25,1,"","","classic",1
"GO:0005048",NA,"MF",7,0,0.03,1,"","","classic",1
"GO:0005049","nuclear export signal receptor activity","MF",5,0,0.02,1,"","","classic",1
"GO:0005092","GDP-dissociation inhibitor activity","MF",10,0,0.05,1,"","","classic",1
"GO:0005096","GTPase activator activity","MF",105,0,0.5,1,"","","classic",1
"GO:0005104","fibroblast growth factor receptor binding","MF",21,0,0.1,1,"","","classic",1
"GO:0005125","cytokine activity","MF",75,0,0.36,1,"","","classic",1
"GO:0005126","cytokine receptor binding","MF",113,0,0.54,1,"","","classic",1
"GO:0005154","epidermal growth factor receptor binding","MF",7,0,0.03,1,"","","classic",1
"GO:0005158","insulin receptor binding","MF",8,0,0.04,1,"","","classic",1
"GO:0005160","transforming growth factor beta receptor binding","MF",6,0,0.03,1,"","","classic",1
"GO:0005164","tumor necrosis factor receptor binding","MF",24,0,0.11,1,"","","classic",1
"GO:0005178","integrin binding","MF",10,0,0.05,1,"","","classic",1
"GO:0005179","hormone activity","MF",112,0,0.54,1,"","","classic",1
"GO:0005184","neuropeptide hormone activity","MF",15,0,0.07,1,"","","classic",1
"GO:0005198","structural molecule activity","MF",515,0,2.46,1,"","","classic",1
"GO:0005200","structural constituent of cytoskeleton","MF",33,0,0.16,1,"","","classic",1
"GO:0005201","extracellular matrix structural constituent","MF",36,0,0.17,1,"","","classic",1
"GO:0005212","structural constituent of eye lens","MF",13,0,0.06,1,"","","classic",1
"GO:0005217",NA,"MF",19,0,0.09,1,"","","classic",1
"GO:0005219","ryanodine-sensitive calcium-release channel activity","MF",6,0,0.03,1,"","","classic",1
"GO:0005221","intracellular cyclic nucleotide activated cation channel activity","MF",7,0,0.03,1,"","","classic",1
"GO:0005227","calcium activated cation channel activity","MF",18,0,0.09,1,"","","classic",1
"GO:0005230","extracellular ligand-gated ion channel activity","MF",113,0,0.54,1,"","","classic",1
"GO:0005231",NA,"MF",53,0,0.25,1,"","","classic",1
"GO:0005242","inward rectifier potassium channel activity","MF",27,0,0.13,1,"","","classic",1
"GO:0005243","gap junction channel activity","MF",10,0,0.05,1,"","","classic",1
"GO:0005244","voltage-gated ion channel activity","MF",160,0,0.77,1,"","","classic",1
"GO:0005245","voltage-gated calcium channel activity","MF",31,0,0.15,1,"","","classic",1
"GO:0005246","calcium channel regulator activity","MF",7,0,0.03,1,"","","classic",1
"GO:0005247","voltage-gated chloride channel activity","MF",8,0,0.04,1,"","","classic",1
"GO:0005248","voltage-gated sodium channel activity","MF",11,0,0.05,1,"","","classic",1
"GO:0005249","voltage-gated potassium channel activity","MF",116,0,0.55,1,"","","classic",1
"GO:0005253",NA,"MF",27,0,0.13,1,"","","classic",1
"GO:0005254","chloride channel activity","MF",23,0,0.11,1,"","","classic",1
"GO:0005267","potassium channel activity","MF",149,0,0.71,1,"","","classic",1
"GO:0005272","sodium channel activity","MF",18,0,0.09,1,"","","classic",1
"GO:0005315","inorganic phosphate transmembrane transporter activity","MF",7,0,0.03,1,"","","classic",1
"GO:0005319","lipid transporter activity","MF",74,0,0.35,1,"","","classic",1
"GO:0005338",NA,"MF",6,0,0.03,1,"","","classic",1
"GO:0005342",NA,"MF",61,0,0.29,1,"","","classic",1
"GO:0005343",NA,"MF",11,0,0.05,1,"","","classic",1
"GO:0005372","water transmembrane transporter activity","MF",12,0,0.06,1,"","","classic",1
"GO:0005388","P-type calcium transporter activity","MF",12,0,0.06,1,"","","classic",1
"GO:0005432","calcium:sodium antiporter activity","MF",12,0,0.06,1,"","","classic",1
"GO:0005452","solute:inorganic anion antiporter activity","MF",17,0,0.08,1,"","","classic",1
"GO:0005484","SNAP receptor activity","MF",25,0,0.12,1,"","","classic",1
"GO:0005496","steroid binding","MF",17,0,0.08,1,"","","classic",1
"GO:0005501","retinoid binding","MF",9,0,0.04,1,"","","classic",1
"GO:0005504","fatty acid binding","MF",10,0,0.05,1,"","","classic",1
"GO:0005506","iron ion binding","MF",148,0,0.71,1,"","","classic",1
"GO:0005507","copper ion binding","MF",31,0,0.15,1,"","","classic",1
"GO:0005520","insulin-like growth factor binding","MF",17,0,0.08,1,"","","classic",1
"GO:0005523","tropomyosin binding","MF",6,0,0.03,1,"","","classic",1
"GO:0005536","glucose binding","MF",5,0,0.02,1,"","","classic",1
"GO:0005539",NA,"MF",35,0,0.17,1,"","","classic",1
"GO:0005540","hyaluronic acid binding","MF",22,0,0.11,1,"","","classic",1
"GO:0005543","phospholipid binding","MF",147,0,0.7,1,"","","classic",1
"GO:0005544","calcium-dependent phospholipid binding","MF",25,0,0.12,1,"","","classic",1
"GO:0005546","phosphatidylinositol-4,5-bisphosphate binding","MF",6,0,0.03,1,"","","classic",1
"GO:0005548","phospholipid transporter activity","MF",22,0,0.11,1,"","","classic",1
"GO:0008009","chemokine activity","MF",52,0,0.25,1,"","","classic",1
"GO:0008013","beta-catenin binding","MF",22,0,0.11,1,"","","classic",1
"GO:0008028","monocarboxylic acid transmembrane transporter activity","MF",20,0,0.1,1,"","","classic",1
"GO:0008047","enzyme activator activity","MF",149,0,0.71,1,"","","classic",1
"GO:0008048","calcium sensitive guanylate cyclase activator activity","MF",6,0,0.03,1,"","","classic",1
"GO:0008061","chitin binding","MF",10,0,0.05,1,"","","classic",1
"GO:0008066",NA,"MF",29,0,0.14,1,"","","classic",1
"GO:0008079",NA,"MF",5,0,0.02,1,"","","classic",1
"GO:0008080","N-acetyltransferase activity","MF",26,0,0.12,1,"","","classic",1
"GO:0008094","ATP-dependent activity, acting on DNA","MF",82,0,0.39,1,"","","classic",1
"GO:0008131","primary amine oxidase activity","MF",5,0,0.02,1,"","","classic",1
"GO:0008134","transcription factor binding","MF",30,0,0.14,1,"","","classic",1
"GO:0008135",NA,"MF",59,0,0.28,1,"","","classic",1
"GO:0008137","NADH dehydrogenase (ubiquinone) activity","MF",6,0,0.03,1,"","","classic",1
"GO:0008140","cAMP response element binding protein binding","MF",5,0,0.02,1,"","","classic",1
"GO:0008146","sulfotransferase activity","MF",70,0,0.33,1,"","","classic",1
"GO:0008157","protein phosphatase 1 binding","MF",8,0,0.04,1,"","","classic",1
"GO:0008168","methyltransferase activity","MF",181,0,0.87,1,"","","classic",1
"GO:0008170","N-methyltransferase activity","MF",41,0,0.2,1,"","","classic",1
"GO:0008171","O-methyltransferase activity","MF",17,0,0.08,1,"","","classic",1
"GO:0008173","RNA methyltransferase activity","MF",24,0,0.11,1,"","","classic",1
"GO:0008175","tRNA methyltransferase activity","MF",6,0,0.03,1,"","","classic",1
"GO:0008186",NA,"MF",41,0,0.2,1,"","","classic",1
"GO:0008188","neuropeptide receptor activity","MF",48,0,0.23,1,"","","classic",1
"GO:0008194","UDP-glycosyltransferase activity","MF",75,0,0.36,1,"","","classic",1
"GO:0008195","phosphatidate phosphatase activity","MF",7,0,0.03,1,"","","classic",1
"GO:0008199","ferric iron binding","MF",7,0,0.03,1,"","","classic",1
"GO:0008201","heparin binding","MF",12,0,0.06,1,"","","classic",1
"GO:0008227",NA,"MF",53,0,0.25,1,"","","classic",1
"GO:0008235","metalloexopeptidase activity","MF",52,0,0.25,1,"","","classic",1
"GO:0008236","serine-type peptidase activity","MF",204,0,0.98,1,"","","classic",1
"GO:0008238",NA,"MF",68,0,0.33,1,"","","classic",1
"GO:0008242","omega peptidase activity","MF",12,0,0.06,1,"","","classic",1
"GO:0008252",NA,"MF",9,0,0.04,1,"","","classic",1
"GO:0008253","5'-nucleotidase activity","MF",9,0,0.04,1,"","","classic",1
"GO:0008271","secondary active sulfate transmembrane transporter activity","MF",9,0,0.04,1,"","","classic",1
"GO:0008273","calcium, potassium:sodium antiporter activity","MF",6,0,0.03,1,"","","classic",1
"GO:0008276","protein methyltransferase activity","MF",55,0,0.26,1,"","","classic",1
"GO:0008289","lipid binding","MF",290,0,1.39,1,"","","classic",1
"GO:0008308","voltage-gated anion channel activity","MF",11,0,0.05,1,"","","classic",1
"GO:0008312","7S RNA binding","MF",6,0,0.03,1,"","","classic",1
"GO:0008318","protein prenyltransferase activity","MF",6,0,0.03,1,"","","classic",1
"GO:0008320","protein transmembrane transporter activity","MF",9,0,0.04,1,"","","classic",1
"GO:0008349","MAP kinase kinase kinase kinase activity","MF",5,0,0.02,1,"","","classic",1
"GO:0008373","sialyltransferase activity","MF",25,0,0.12,1,"","","classic",1
"GO:0008374","O-acyltransferase activity","MF",20,0,0.1,1,"","","classic",1
"GO:0008375","acetylglucosaminyltransferase activity","MF",14,0,0.07,1,"","","classic",1
"GO:0008376","acetylgalactosaminyltransferase activity","MF",9,0,0.04,1,"","","classic",1
"GO:0008381","mechanosensitive ion channel activity","MF",7,0,0.03,1,"","","classic",1
"GO:0008395",NA,"MF",5,0,0.02,1,"","","classic",1
"GO:0008408","3'-5' exonuclease activity","MF",17,0,0.08,1,"","","classic",1
"GO:0008417","fucosyltransferase activity","MF",31,0,0.15,1,"","","classic",1
"GO:0008420","RNA polymerase II CTD heptapeptide repeat phosphatase activity","MF",7,0,0.03,1,"","","classic",1
"GO:0008443",NA,"MF",10,0,0.05,1,"","","classic",1
"GO:0008483","transaminase activity","MF",19,0,0.09,1,"","","classic",1
"GO:0008484","sulfuric ester hydrolase activity","MF",19,0,0.09,1,"","","classic",1
"GO:0008502","melatonin receptor activity","MF",5,0,0.02,1,"","","classic",1
"GO:0008509","anion transmembrane transporter activity","MF",62,0,0.3,1,"","","classic",1
"GO:0008514","organic anion transmembrane transporter activity","MF",80,0,0.38,1,"","","classic",1
"GO:0008519","ammonium transmembrane transporter activity","MF",8,0,0.04,1,"","","classic",1
"GO:0008528","G protein-coupled peptide receptor activity","MF",100,0,0.48,1,"","","classic",1
"GO:0008556","P-type potassium transmembrane transporter activity","MF",5,0,0.02,1,"","","classic",1
"GO:0008569","minus-end-directed microtubule motor activity","MF",22,0,0.11,1,"","","classic",1
"GO:0008641","ubiquitin-like modifier activating enzyme activity","MF",10,0,0.05,1,"","","classic",1
"GO:0008649","rRNA methyltransferase activity","MF",9,0,0.04,1,"","","classic",1
"GO:0008757","S-adenosylmethionine-dependent methyltransferase activity","MF",61,0,0.29,1,"","","classic",1
"GO:0009055","electron transfer activity","MF",20,0,0.1,1,"","","classic",1
"GO:0009881","photoreceptor activity","MF",13,0,0.06,1,"","","classic",1
"GO:0009922","fatty acid elongase activity","MF",12,0,0.06,1,"","","classic",1
"GO:0009975",NA,"MF",25,0,0.12,1,"","","classic",1
"GO:0009982","pseudouridine synthase activity","MF",13,0,0.06,1,"","","classic",1
"GO:0010181","FMN binding","MF",14,0,0.07,1,"","","classic",1
"GO:0010340",NA,"MF",6,0,0.03,1,"","","classic",1
"GO:0010851",NA,"MF",10,0,0.05,1,"","","classic",1
"GO:0010853",NA,"MF",9,0,0.04,1,"","","classic",1
"GO:0015018","galactosylgalactosylxylosylprotein 3-beta-glucuronosyltransferase activity","MF",7,0,0.03,1,"","","classic",1
"GO:0015020","glucuronosyltransferase activity","MF",12,0,0.06,1,"","","classic",1
"GO:0015026","coreceptor activity","MF",10,0,0.05,1,"","","classic",1
"GO:0015035","protein-disulfide reductase activity","MF",13,0,0.06,1,"","","classic",1
"GO:0015036",NA,"MF",15,0,0.07,1,"","","classic",1
"GO:0015057","thrombin-activated receptor activity","MF",6,0,0.03,1,"","","classic",1
"GO:0015079",NA,"MF",166,0,0.79,1,"","","classic",1
"GO:0015081","sodium ion transmembrane transporter activity","MF",64,0,0.31,1,"","","classic",1
"GO:0015095","magnesium ion transmembrane transporter activity","MF",8,0,0.04,1,"","","classic",1
"GO:0015103",NA,"MF",76,0,0.36,1,"","","classic",1
"GO:0015108","chloride transmembrane transporter activity","MF",41,0,0.2,1,"","","classic",1
"GO:0015116","sulfate transmembrane transporter activity","MF",9,0,0.04,1,"","","classic",1
"GO:0015129","lactate transmembrane transporter activity","MF",5,0,0.02,1,"","","classic",1
"GO:0015144","carbohydrate transmembrane transporter activity","MF",14,0,0.07,1,"","","classic",1
"GO:0015145",NA,"MF",5,0,0.02,1,"","","classic",1
"GO:0015165","pyrimidine nucleotide-sugar transmembrane transporter activity","MF",5,0,0.02,1,"","","classic",1
"GO:0015166",NA,"MF",5,0,0.02,1,"","","classic",1
"GO:0015168","glycerol transmembrane transporter activity","MF",5,0,0.02,1,"","","classic",1
"GO:0015171","amino acid transmembrane transporter activity","MF",38,0,0.18,1,"","","classic",1
"GO:0015204","urea transmembrane transporter activity","MF",8,0,0.04,1,"","","classic",1
"GO:0015245","fatty acid transmembrane transporter activity","MF",6,0,0.03,1,"","","classic",1
"GO:0015252","proton channel activity","MF",9,0,0.04,1,"","","classic",1
"GO:0015269","calcium-activated potassium channel activity","MF",11,0,0.05,1,"","","classic",1
"GO:0015276","ligand-gated ion channel activity","MF",183,0,0.88,1,"","","classic",1
"GO:0015278","calcium-release channel activity","MF",12,0,0.06,1,"","","classic",1
"GO:0015291",NA,"MF",119,0,0.57,1,"","","classic",1
"GO:0015293","symporter activity","MF",56,0,0.27,1,"","","classic",1
"GO:0015294",NA,"MF",33,0,0.16,1,"","","classic",1
"GO:0015296",NA,"MF",17,0,0.08,1,"","","classic",1
"GO:0015297","antiporter activity","MF",50,0,0.24,1,"","","classic",1
"GO:0015349","thyroid hormone transmembrane transporter activity","MF",6,0,0.03,1,"","","classic",1
"GO:0015355",NA,"MF",7,0,0.03,1,"","","classic",1
"GO:0015368",NA,"MF",12,0,0.06,1,"","","classic",1
"GO:0015370",NA,"MF",21,0,0.1,1,"","","classic",1
"GO:0015373",NA,"MF",5,0,0.02,1,"","","classic",1
"GO:0015377","cation:chloride symporter activity","MF",16,0,0.08,1,"","","classic",1
"GO:0015379","potassium:chloride symporter activity","MF",6,0,0.03,1,"","","classic",1
"GO:0015385","sodium:proton antiporter activity","MF",13,0,0.06,1,"","","classic",1
"GO:0015399",NA,"MF",107,0,0.51,1,"","","classic",1
"GO:0015453",NA,"MF",10,0,0.05,1,"","","classic",1
"GO:0015464","acetylcholine receptor activity","MF",18,0,0.09,1,"","","classic",1
"GO:0015467","G-protein activated inward rectifier potassium channel activity","MF",6,0,0.03,1,"","","classic",1
"GO:0015605",NA,"MF",10,0,0.05,1,"","","classic",1
"GO:0015645",NA,"MF",7,0,0.03,1,"","","classic",1
"GO:0015662",NA,"MF",17,0,0.08,1,"","","classic",1
"GO:0015923",NA,"MF",16,0,0.08,1,"","","classic",1
"GO:0015924",NA,"MF",9,0,0.04,1,"","","classic",1
"GO:0015929","hexosaminidase activity","MF",16,0,0.08,1,"","","classic",1
"GO:0015932",NA,"MF",14,0,0.07,1,"","","classic",1
"GO:0016209","antioxidant activity","MF",45,0,0.22,1,"","","classic",1
"GO:0016247",NA,"MF",19,0,0.09,1,"","","classic",1
"GO:0016273","arginine N-methyltransferase activity","MF",10,0,0.05,1,"","","classic",1
"GO:0016274","protein-arginine N-methyltransferase activity","MF",10,0,0.05,1,"","","classic",1
"GO:0016278",NA,"MF",19,0,0.09,1,"","","classic",1
"GO:0016279","protein-lysine N-methyltransferase activity","MF",19,0,0.09,1,"","","classic",1
"GO:0016286","small conductance calcium-activated potassium channel activity","MF",5,0,0.02,1,"","","classic",1
"GO:0016298","lipase activity","MF",78,0,0.37,1,"","","classic",1
"GO:0016405",NA,"MF",11,0,0.05,1,"","","classic",1
"GO:0016407","acetyltransferase activity","MF",58,0,0.28,1,"","","classic",1
"GO:0016409","palmitoyltransferase activity","MF",32,0,0.15,1,"","","classic",1
"GO:0016410",NA,"MF",42,0,0.2,1,"","","classic",1
"GO:0016417","S-acyltransferase activity","MF",6,0,0.03,1,"","","classic",1
"GO:0016433",NA,"MF",5,0,0.02,1,"","","classic",1
"GO:0016493","C-C chemokine receptor activity","MF",8,0,0.04,1,"","","classic",1
"GO:0016500","protein-hormone receptor activity","MF",11,0,0.05,1,"","","classic",1
"GO:0016502",NA,"MF",31,0,0.15,1,"","","classic",1
"GO:0016530",NA,"MF",6,0,0.03,1,"","","classic",1
"GO:0016538","cyclin-dependent protein serine/threonine kinase regulator activity","MF",24,0,0.11,1,"","","classic",1
"GO:0016594","glycine binding","MF",5,0,0.02,1,"","","classic",1
"GO:0016597","amino acid binding","MF",11,0,0.05,1,"","","classic",1
"GO:0016615","malate dehydrogenase activity","MF",7,0,0.03,1,"","","classic",1
"GO:0016624","oxidoreductase activity, acting on the aldehyde or oxo group of donors, disulfide as acceptor","MF",7,0,0.03,1,"","","classic",1
"GO:0016638","oxidoreductase activity, acting on the CH-NH2 group of donors","MF",21,0,0.1,1,"","","classic",1
"GO:0016641","oxidoreductase activity, acting on the CH-NH2 group of donors, oxygen as acceptor","MF",17,0,0.08,1,"","","classic",1
"GO:0016645",NA,"MF",16,0,0.08,1,"","","classic",1
"GO:0016646",NA,"MF",12,0,0.06,1,"","","classic",1
"GO:0016651","oxidoreductase activity, acting on NAD(P)H","MF",15,0,0.07,1,"","","classic",1
"GO:0016655",NA,"MF",6,0,0.03,1,"","","classic",1
"GO:0016667",NA,"MF",33,0,0.16,1,"","","classic",1
"GO:0016668","oxidoreductase activity, acting on a sulfur group of donors, NAD(P) as acceptor","MF",8,0,0.04,1,"","","classic",1
"GO:0016670","oxidoreductase activity, acting on a sulfur group of donors, oxygen as acceptor","MF",6,0,0.03,1,"","","classic",1
"GO:0016671","oxidoreductase activity, acting on a sulfur group of donors, disulfide as acceptor","MF",10,0,0.05,1,"","","classic",1
"GO:0016684",NA,"MF",28,0,0.13,1,"","","classic",1
"GO:0016705","oxidoreductase activity, acting on paired donors, with incorporation or reduction of molecular oxygen","MF",175,0,0.84,1,"","","classic",1
"GO:0016706","2-oxoglutarate-dependent dioxygenase activity","MF",59,0,0.28,1,"","","classic",1
"GO:0016709","oxidoreductase activity, acting on paired donors, with incorporation or reduction of molecular oxygen, NAD(P)H as one donor, and incorporation of one atom of oxygen","MF",21,0,0.1,1,"","","classic",1
"GO:0016712","oxidoreductase activity, acting on paired donors, with incorporation or reduction of molecular oxygen, reduced flavin or flavoprotein as one donor, and incorporation of one atom of oxygen","MF",17,0,0.08,1,"","","classic",1
"GO:0016714","oxidoreductase activity, acting on paired donors, with incorporation or reduction of molecular oxygen, reduced pteridine as one donor, and incorporation of one atom of oxygen","MF",6,0,0.03,1,"","","classic",1
"GO:0016715","oxidoreductase activity, acting on paired donors, with incorporation or reduction of molecular oxygen, reduced ascorbate as one donor, and incorporation of one atom of oxygen","MF",5,0,0.02,1,"","","classic",1
"GO:0016721",NA,"MF",6,0,0.03,1,"","","classic",1
"GO:0016725",NA,"MF",5,0,0.02,1,"","","classic",1
"GO:0016741",NA,"MF",191,0,0.91,1,"","","classic",1
"GO:0016742","hydroxymethyl-, formyl- and related transferase activity","MF",7,0,0.03,1,"","","classic",1
"GO:0016747","acyltransferase activity, transferring groups other than amino-acyl groups","MF",151,0,0.72,1,"","","classic",1
"GO:0016757","glycosyltransferase activity","MF",292,0,1.4,1,"","","classic",1
"GO:0016758","hexosyltransferase activity","MF",131,0,0.63,1,"","","classic",1
"GO:0016763","pentosyltransferase activity","MF",60,0,0.29,1,"","","classic",1
"GO:0016765","transferase activity, transferring alkyl or aryl (other than methyl) groups","MF",30,0,0.14,1,"","","classic",1
"GO:0016769",NA,"MF",21,0,0.1,1,"","","classic",1
"GO:0016775",NA,"MF",8,0,0.04,1,"","","classic",1
"GO:0016776","phosphotransferase activity, phosphate group as acceptor","MF",26,0,0.12,1,"","","classic",1
"GO:0016778",NA,"MF",8,0,0.04,1,"","","classic",1
"GO:0016779","nucleotidyltransferase activity","MF",64,0,0.31,1,"","","classic",1
"GO:0016780","phosphotransferase activity, for other substituted phosphate groups","MF",17,0,0.08,1,"","","classic",1
"GO:0016782",NA,"MF",81,0,0.39,1,"","","classic",1
"GO:0016783","sulfurtransferase activity","MF",7,0,0.03,1,"","","classic",1
"GO:0016790","thiolester hydrolase activity","MF",19,0,0.09,1,"","","classic",1
"GO:0016796",NA,"MF",11,0,0.05,1,"","","classic",1
"GO:0016798","hydrolase activity, acting on glycosyl bonds","MF",131,0,0.63,1,"","","classic",1
"GO:0016799","hydrolase activity, hydrolyzing N-glycosyl compounds","MF",19,0,0.09,1,"","","classic",1
"GO:0016805","dipeptidase activity","MF",8,0,0.04,1,"","","classic",1
"GO:0016810","hydrolase activity, acting on carbon-nitrogen (but not peptide) bonds","MF",85,0,0.41,1,"","","classic",1
"GO:0016811","hydrolase activity, acting on carbon-nitrogen (but not peptide) bonds, in linear amides","MF",36,0,0.17,1,"","","classic",1
"GO:0016812","hydrolase activity, acting on carbon-nitrogen (but not peptide) bonds, in cyclic amides","MF",5,0,0.02,1,"","","classic",1
"GO:0016813","hydrolase activity, acting on carbon-nitrogen (but not peptide) bonds, in linear amidines","MF",7,0,0.03,1,"","","classic",1
"GO:0016814","hydrolase activity, acting on carbon-nitrogen (but not peptide) bonds, in cyclic amidines","MF",23,0,0.11,1,"","","classic",1
"GO:0016829","lyase activity","MF",126,0,0.6,1,"","","classic",1
"GO:0016830","carbon-carbon lyase activity","MF",27,0,0.13,1,"","","classic",1
"GO:0016831","carboxy-lyase activity","MF",16,0,0.08,1,"","","classic",1
"GO:0016832",NA,"MF",5,0,0.02,1,"","","classic",1
"GO:0016835",NA,"MF",43,0,0.21,1,"","","classic",1
"GO:0016836","hydro-lyase activity","MF",43,0,0.21,1,"","","classic",1
"GO:0016840",NA,"MF",11,0,0.05,1,"","","classic",1
"GO:0016842",NA,"MF",8,0,0.04,1,"","","classic",1
"GO:0016846","carbon-sulfur lyase activity","MF",6,0,0.03,1,"","","classic",1
"GO:0016849","phosphorus-oxygen lyase activity","MF",33,0,0.16,1,"","","classic",1
"GO:0016853","isomerase activity","MF",95,0,0.45,1,"","","classic",1
"GO:0016859",NA,"MF",33,0,0.16,1,"","","classic",1
"GO:0016860",NA,"MF",20,0,0.1,1,"","","classic",1
"GO:0016864",NA,"MF",8,0,0.04,1,"","","classic",1
"GO:0016866","intramolecular transferase activity","MF",27,0,0.13,1,"","","classic",1
"GO:0016868","intramolecular transferase activity, phosphotransferases","MF",13,0,0.06,1,"","","classic",1
"GO:0016875",NA,"MF",39,0,0.19,1,"","","classic",1
"GO:0016877",NA,"MF",22,0,0.11,1,"","","classic",1
"GO:0016878",NA,"MF",12,0,0.06,1,"","","classic",1
"GO:0016881","acid-amino acid ligase activity","MF",11,0,0.05,1,"","","classic",1
"GO:0016885",NA,"MF",5,0,0.02,1,"","","classic",1
"GO:0016887","ATP hydrolysis activity","MF",143,0,0.68,1,"","","classic",1
"GO:0016891","endoribonuclease activity, producing 5'-phosphomonoesters","MF",14,0,0.07,1,"","","classic",1
"GO:0016893",NA,"MF",16,0,0.08,1,"","","classic",1
"GO:0016896",NA,"MF",10,0,0.05,1,"","","classic",1
"GO:0016907","G protein-coupled acetylcholine receptor activity","MF",10,0,0.05,1,"","","classic",1
"GO:0016917",NA,"MF",24,0,0.11,1,"","","classic",1
"GO:0016922","nuclear receptor binding","MF",7,0,0.03,1,"","","classic",1
"GO:0016933","extracellularly glycine-gated ion channel activity","MF",7,0,0.03,1,"","","classic",1
"GO:0016997",NA,"MF",13,0,0.06,1,"","","classic",1
"GO:0017017","MAP kinase tyrosine/serine/threonine phosphatase activity","MF",15,0,0.07,1,"","","classic",1
"GO:0017046","peptide hormone binding","MF",9,0,0.04,1,"","","classic",1
"GO:0017056","structural constituent of nuclear pore","MF",10,0,0.05,1,"","","classic",1
"GO:0017075","syntaxin-1 binding","MF",5,0,0.02,1,"","","classic",1
"GO:0017080","sodium channel regulator activity","MF",5,0,0.02,1,"","","classic",1
"GO:0017128","phospholipid scramblase activity","MF",8,0,0.04,1,"","","classic",1
"GO:0017147","Wnt-protein binding","MF",5,0,0.02,1,"","","classic",1
"GO:0017154","semaphorin receptor activity","MF",24,0,0.11,1,"","","classic",1
"GO:0017171",NA,"MF",204,0,0.98,1,"","","classic",1
"GO:0018455",NA,"MF",9,0,0.04,1,"","","classic",1
"GO:0019104","DNA N-glycosylase activity","MF",10,0,0.05,1,"","","classic",1
"GO:0019200","carbohydrate kinase activity","MF",22,0,0.11,1,"","","classic",1
"GO:0019203",NA,"MF",6,0,0.03,1,"","","classic",1
"GO:0019208","phosphatase regulator activity","MF",37,0,0.18,1,"","","classic",1
"GO:0019209",NA,"MF",12,0,0.06,1,"","","classic",1
"GO:0019210",NA,"MF",18,0,0.09,1,"","","classic",1
"GO:0019212",NA,"MF",7,0,0.03,1,"","","classic",1
"GO:0019213",NA,"MF",14,0,0.07,1,"","","classic",1
"GO:0019239","deaminase activity","MF",23,0,0.11,1,"","","classic",1
"GO:0019786","Atg8-specific peptidase activity","MF",5,0,0.02,1,"","","classic",1
"GO:0019787",NA,"MF",150,0,0.72,1,"","","classic",1
"GO:0019789","SUMO transferase activity","MF",7,0,0.03,1,"","","classic",1
"GO:0019798",NA,"MF",6,0,0.03,1,"","","classic",1
"GO:0019825","oxygen binding","MF",17,0,0.08,1,"","","classic",1
"GO:0019829","ATPase-coupled cation transmembrane transporter activity","MF",46,0,0.22,1,"","","classic",1
"GO:0019838","growth factor binding","MF",19,0,0.09,1,"","","classic",1
"GO:0019840",NA,"MF",9,0,0.04,1,"","","classic",1
"GO:0019842",NA,"MF",88,0,0.42,1,"","","classic",1
"GO:0019843","rRNA binding","MF",12,0,0.06,1,"","","classic",1
"GO:0019888","protein phosphatase regulator activity","MF",31,0,0.15,1,"","","classic",1
"GO:0019894","kinesin binding","MF",7,0,0.03,1,"","","classic",1
"GO:0019899",NA,"MF",151,0,0.72,1,"","","classic",1
"GO:0019900","kinase binding","MF",32,0,0.15,1,"","","classic",1
"GO:0019901","protein kinase binding","MF",29,0,0.14,1,"","","classic",1
"GO:0019902","phosphatase binding","MF",16,0,0.08,1,"","","classic",1
"GO:0019903","protein phosphatase binding","MF",13,0,0.06,1,"","","classic",1
"GO:0019904","protein domain specific binding","MF",21,0,0.1,1,"","","classic",1
"GO:0019905","syntaxin binding","MF",15,0,0.07,1,"","","classic",1
"GO:0019955","cytokine binding","MF",10,0,0.05,1,"","","classic",1
"GO:0019992","diacylglycerol binding","MF",5,0,0.02,1,"","","classic",1
"GO:0020037","heme binding","MF",125,0,0.6,1,"","","classic",1
"GO:0022804",NA,"MF",226,0,1.08,1,"","","classic",1
"GO:0022821",NA,"MF",6,0,0.03,1,"","","classic",1
"GO:0022824","transmitter-gated ion channel activity","MF",67,0,0.32,1,"","","classic",1
"GO:0022829","wide pore channel activity","MF",11,0,0.05,1,"","","classic",1
"GO:0022832","voltage-gated channel activity","MF",167,0,0.8,1,"","","classic",1
"GO:0022834",NA,"MF",183,0,0.88,1,"","","classic",1
"GO:0022835",NA,"MF",67,0,0.32,1,"","","classic",1
"GO:0022836",NA,"MF",327,0,1.56,1,"","","classic",1
"GO:0022839",NA,"MF",18,0,0.09,1,"","","classic",1
"GO:0022843",NA,"MF",147,0,0.7,1,"","","classic",1
"GO:0022848","acetylcholine-gated cation-selective channel activity","MF",30,0,0.14,1,"","","classic",1
"GO:0022853",NA,"MF",56,0,0.27,1,"","","classic",1
"GO:0022884",NA,"MF",9,0,0.04,1,"","","classic",1
"GO:0030116","glial cell-derived neurotrophic factor receptor binding","MF",6,0,0.03,1,"","","classic",1
"GO:0030145","manganese ion binding","MF",15,0,0.07,1,"","","classic",1
"GO:0030151","molybdenum ion binding","MF",5,0,0.02,1,"","","classic",1
"GO:0030170","pyridoxal phosphate binding","MF",48,0,0.23,1,"","","classic",1
"GO:0030246","carbohydrate binding","MF",97,0,0.46,1,"","","classic",1
"GO:0030247","polysaccharide binding","MF",9,0,0.04,1,"","","classic",1
"GO:0030249",NA,"MF",10,0,0.05,1,"","","classic",1
"GO:0030250","guanylate cyclase activator activity","MF",9,0,0.04,1,"","","classic",1
"GO:0030276","clathrin binding","MF",17,0,0.08,1,"","","classic",1
"GO:0030291","protein serine/threonine kinase inhibitor activity","MF",15,0,0.07,1,"","","classic",1
"GO:0030295","protein kinase activator activity","MF",12,0,0.06,1,"","","classic",1
"GO:0030296","protein tyrosine kinase activator activity","MF",5,0,0.02,1,"","","classic",1
"GO:0030368","interleukin-17 receptor activity","MF",7,0,0.03,1,"","","classic",1
"GO:0030371","translation repressor activity","MF",7,0,0.03,1,"","","classic",1
"GO:0030414","peptidase inhibitor activity","MF",123,0,0.59,1,"","","classic",1
"GO:0030507","spectrin binding","MF",5,0,0.02,1,"","","classic",1
"GO:0030527","structural constituent of chromatin","MF",150,0,0.72,1,"","","classic",1
"GO:0030551",NA,"MF",11,0,0.05,1,"","","classic",1
"GO:0030553","cGMP binding","MF",8,0,0.04,1,"","","classic",1
"GO:0030594","neurotransmitter receptor activity","MF",85,0,0.41,1,"","","classic",1
"GO:0030955","potassium ion binding","MF",5,0,0.02,1,"","","classic",1
"GO:0030971","receptor tyrosine kinase binding","MF",16,0,0.08,1,"","","classic",1
"GO:0030976","thiamine pyrophosphate binding","MF",6,0,0.03,1,"","","classic",1
"GO:0030983","mismatched DNA binding","MF",5,0,0.02,1,"","","classic",1
"GO:0031072","heat shock protein binding","MF",11,0,0.05,1,"","","classic",1
"GO:0031267","small GTPase binding","MF",81,0,0.39,1,"","","classic",1
"GO:0031369","translation initiation factor binding","MF",8,0,0.04,1,"","","classic",1
"GO:0031406",NA,"MF",47,0,0.22,1,"","","classic",1
"GO:0031418","L-ascorbic acid binding","MF",19,0,0.09,1,"","","classic",1
"GO:0031420",NA,"MF",5,0,0.02,1,"","","classic",1
"GO:0031543",NA,"MF",6,0,0.03,1,"","","classic",1
"GO:0031625","ubiquitin protein ligase binding","MF",12,0,0.06,1,"","","classic",1
"GO:0031779","melanocortin receptor binding","MF",5,0,0.02,1,"","","classic",1
"GO:0031957","very long-chain fatty acid-CoA ligase activity","MF",7,0,0.03,1,"","","classic",1
"GO:0032051","clathrin light chain binding","MF",7,0,0.03,1,"","","classic",1
"GO:0032182",NA,"MF",24,0,0.11,1,"","","classic",1
"GO:0032266","phosphatidylinositol-3-phosphate binding","MF",6,0,0.03,1,"","","classic",1
"GO:0032451",NA,"MF",5,0,0.02,1,"","","classic",1
"GO:0032813",NA,"MF",24,0,0.11,1,"","","classic",1
"GO:0033192","calmodulin-dependent protein phosphatase activity","MF",5,0,0.02,1,"","","classic",1
"GO:0033218",NA,"MF",36,0,0.17,1,"","","classic",1
"GO:0033293","monocarboxylic acid binding","MF",18,0,0.09,1,"","","classic",1
"GO:0033549",NA,"MF",15,0,0.07,1,"","","classic",1
"GO:0033558","protein lysine deacetylase activity","MF",10,0,0.05,1,"","","classic",1
"GO:0033743","peptide-methionine (R)-S-oxide reductase activity","MF",5,0,0.02,1,"","","classic",1
"GO:0034061","DNA polymerase activity","MF",13,0,0.06,1,"","","classic",1
"GO:0034062",NA,"MF",14,0,0.07,1,"","","classic",1
"GO:0034212",NA,"MF",19,0,0.09,1,"","","classic",1
"GO:0034483",NA,"MF",6,0,0.03,1,"","","classic",1
"GO:0034593",NA,"MF",13,0,0.06,1,"","","classic",1
"GO:0034596","phosphatidylinositol phosphate 4-phosphatase activity","MF",7,0,0.03,1,"","","classic",1
"GO:0035091","phosphatidylinositol binding","MF",104,0,0.5,1,"","","classic",1
"GO:0035251",NA,"MF",6,0,0.03,1,"","","classic",1
"GO:0035381","ATP-gated ion channel activity","MF",16,0,0.08,1,"","","classic",1
"GO:0035497","cAMP response element binding","MF",7,0,0.03,1,"","","classic",1
"GO:0035804","structural constituent of egg coat","MF",12,0,0.06,1,"","","classic",1
"GO:0036374","glutathione hydrolase activity","MF",6,0,0.03,1,"","","classic",1
"GO:0036402","proteasome-activating activity","MF",9,0,0.04,1,"","","classic",1
"GO:0038024","cargo receptor activity","MF",60,0,0.29,1,"","","classic",1
"GO:0038036","sphingosine-1-phosphate receptor activity","MF",7,0,0.03,1,"","","classic",1
"GO:0042043","neurexin family protein binding","MF",7,0,0.03,1,"","","classic",1
"GO:0042054","histone methyltransferase activity","MF",26,0,0.12,1,"","","classic",1
"GO:0042162","telomeric DNA binding","MF",10,0,0.05,1,"","","classic",1
"GO:0042277","peptide binding","MF",26,0,0.12,1,"","","classic",1
"GO:0042379",NA,"MF",52,0,0.25,1,"","","classic",1
"GO:0042393","histone binding","MF",14,0,0.07,1,"","","classic",1
"GO:0042562",NA,"MF",14,0,0.07,1,"","","classic",1
"GO:0042577","lipid phosphatase activity","MF",8,0,0.04,1,"","","classic",1
"GO:0042625",NA,"MF",24,0,0.11,1,"","","classic",1
"GO:0042626","ATPase-coupled transmembrane transporter activity","MF",97,0,0.46,1,"","","classic",1
"GO:0042800","histone methyltransferase activity (H3-K4 specific)","MF",6,0,0.03,1,"","","classic",1
"GO:0042802","identical protein binding","MF",53,0,0.25,1,"","","classic",1
"GO:0042803","protein homodimerization activity","MF",19,0,0.09,1,"","","classic",1
"GO:0042813","Wnt receptor activity","MF",9,0,0.04,1,"","","classic",1
"GO:0042887",NA,"MF",11,0,0.05,1,"","","classic",1
"GO:0042910","xenobiotic transmembrane transporter activity","MF",9,0,0.04,1,"","","classic",1
"GO:0042923","neuropeptide binding","MF",5,0,0.02,1,"","","classic",1
"GO:0042979",NA,"MF",5,0,0.02,1,"","","classic",1
"GO:0043015","gamma-tubulin binding","MF",8,0,0.04,1,"","","classic",1
"GO:0043021",NA,"MF",15,0,0.07,1,"","","classic",1
"GO:0043022","ribosome binding","MF",12,0,0.06,1,"","","classic",1
"GO:0043130","ubiquitin binding","MF",23,0,0.11,1,"","","classic",1
"GO:0043177",NA,"MF",47,0,0.22,1,"","","classic",1
"GO:0043178",NA,"MF",12,0,0.06,1,"","","classic",1
"GO:0043539",NA,"MF",6,0,0.03,1,"","","classic",1
"GO:0043855",NA,"MF",7,0,0.03,1,"","","classic",1
"GO:0044183","protein folding chaperone","MF",39,0,0.19,1,"","","classic",1
"GO:0044389",NA,"MF",12,0,0.06,1,"","","classic",1
"GO:0044769",NA,"MF",24,0,0.11,1,"","","classic",1
"GO:0045028","G protein-coupled purinergic nucleotide receptor activity","MF",13,0,0.06,1,"","","classic",1
"GO:0045125",NA,"MF",12,0,0.06,1,"","","classic",1
"GO:0045182","translation regulator activity","MF",17,0,0.08,1,"","","classic",1
"GO:0045296","cadherin binding","MF",9,0,0.04,1,"","","classic",1
"GO:0045309",NA,"MF",5,0,0.02,1,"","","classic",1
"GO:0045505","dynein intermediate chain binding","MF",15,0,0.07,1,"","","classic",1
"GO:0046332","SMAD binding","MF",9,0,0.04,1,"","","classic",1
"GO:0046527",NA,"MF",9,0,0.04,1,"","","classic",1
"GO:0046875","ephrin receptor binding","MF",9,0,0.04,1,"","","classic",1
"GO:0046906",NA,"MF",128,0,0.61,1,"","","classic",1
"GO:0046912","acyltransferase activity, acyl groups converted into alkyl on transfer","MF",5,0,0.02,1,"","","classic",1
"GO:0046933","proton-transporting ATP synthase activity, rotational mechanism","MF",6,0,0.03,1,"","","classic",1
"GO:0046935","1-phosphatidylinositol-3-kinase regulator activity","MF",5,0,0.02,1,"","","classic",1
"GO:0046943",NA,"MF",59,0,0.28,1,"","","classic",1
"GO:0046961","proton-transporting ATPase activity, rotational mechanism","MF",24,0,0.11,1,"","","classic",1
"GO:0047134","protein-disulfide reductase (NAD(P)) activity","MF",5,0,0.02,1,"","","classic",1
"GO:0048029","monosaccharide binding","MF",28,0,0.13,1,"","","classic",1
"GO:0048763",NA,"MF",6,0,0.03,1,"","","classic",1
"GO:0050145","nucleoside monophosphate kinase activity","MF",13,0,0.06,1,"","","classic",1
"GO:0050291","sphingosine N-acyltransferase activity","MF",8,0,0.04,1,"","","classic",1
"GO:0050308",NA,"MF",6,0,0.03,1,"","","classic",1
"GO:0050661","NADP binding","MF",25,0,0.12,1,"","","classic",1
"GO:0050694",NA,"MF",6,0,0.03,1,"","","classic",1
"GO:0050698",NA,"MF",6,0,0.03,1,"","","classic",1
"GO:0050839","cell adhesion molecule binding","MF",25,0,0.12,1,"","","classic",1
"GO:0050840","extracellular matrix binding","MF",7,0,0.03,1,"","","classic",1
"GO:0050997",NA,"MF",6,0,0.03,1,"","","classic",1
"GO:0051018","protein kinase A binding","MF",5,0,0.02,1,"","","classic",1
"GO:0051020","GTPase binding","MF",82,0,0.39,1,"","","classic",1
"GO:0051082","unfolded protein binding","MF",45,0,0.22,1,"","","classic",1
"GO:0051087","chaperone binding","MF",11,0,0.05,1,"","","classic",1
"GO:0051119",NA,"MF",5,0,0.02,1,"","","classic",1
"GO:0051139",NA,"MF",13,0,0.06,1,"","","classic",1
"GO:0051219",NA,"MF",5,0,0.02,1,"","","classic",1
"GO:0051287","NAD binding","MF",44,0,0.21,1,"","","classic",1
"GO:0051499","D-aminoacyl-tRNA deacylase activity","MF",5,0,0.02,1,"","","classic",1
"GO:0051536","iron-sulfur cluster binding","MF",54,0,0.26,1,"","","classic",1
"GO:0051537","2 iron, 2 sulfur cluster binding","MF",26,0,0.12,1,"","","classic",1
"GO:0051539","4 iron, 4 sulfur cluster binding","MF",15,0,0.07,1,"","","classic",1
"GO:0051540",NA,"MF",54,0,0.26,1,"","","classic",1
"GO:0051920","peroxiredoxin activity","MF",5,0,0.02,1,"","","classic",1
"GO:0051959","dynein light intermediate chain binding","MF",15,0,0.07,1,"","","classic",1
"GO:0051998",NA,"MF",6,0,0.03,1,"","","classic",1
"GO:0052689","carboxylic ester hydrolase activity","MF",37,0,0.18,1,"","","classic",1
"GO:0052742",NA,"MF",6,0,0.03,1,"","","classic",1
"GO:0052744",NA,"MF",5,0,0.02,1,"","","classic",1
"GO:0052745","inositol phosphate phosphatase activity","MF",9,0,0.04,1,"","","classic",1
"GO:0052866","phosphatidylinositol phosphate phosphatase activity","MF",19,0,0.09,1,"","","classic",1
"GO:0052890",NA,"MF",14,0,0.07,1,"","","classic",1
"GO:0055077","gap junction hemi-channel activity","MF",6,0,0.03,1,"","","classic",1
"GO:0055102",NA,"MF",7,0,0.03,1,"","","classic",1
"GO:0060590",NA,"MF",14,0,0.07,1,"","","classic",1
"GO:0061134",NA,"MF",127,0,0.61,1,"","","classic",1
"GO:0061135",NA,"MF",115,0,0.55,1,"","","classic",1
"GO:0061575","cyclin-dependent protein serine/threonine kinase activator activity","MF",6,0,0.03,1,"","","classic",1
"GO:0061578","Lys63-specific deubiquitinase activity","MF",5,0,0.02,1,"","","classic",1
"GO:0061608","nuclear import signal receptor activity","MF",8,0,0.04,1,"","","classic",1
"GO:0061629","RNA polymerase II-specific DNA-binding transcription factor binding","MF",11,0,0.05,1,"","","classic",1
"GO:0061630","ubiquitin protein ligase activity","MF",58,0,0.28,1,"","","classic",1
"GO:0061659",NA,"MF",60,0,0.29,1,"","","classic",1
"GO:0061733",NA,"MF",18,0,0.09,1,"","","classic",1
"GO:0061783",NA,"MF",9,0,0.04,1,"","","classic",1
"GO:0061980",NA,"MF",5,0,0.02,1,"","","classic",1
"GO:0070001",NA,"MF",48,0,0.23,1,"","","classic",1
"GO:0070003",NA,"MF",19,0,0.09,1,"","","classic",1
"GO:0070006","metalloaminopeptidase activity","MF",16,0,0.08,1,"","","classic",1
"GO:0070008","serine-type exopeptidase activity","MF",6,0,0.03,1,"","","classic",1
"GO:0070273","phosphatidylinositol-4-phosphate binding","MF",5,0,0.02,1,"","","classic",1
"GO:0070279",NA,"MF",48,0,0.23,1,"","","classic",1
"GO:0070403","NAD+ binding","MF",12,0,0.06,1,"","","classic",1
"GO:0070566",NA,"MF",8,0,0.04,1,"","","classic",1
"GO:0070569","uridylyltransferase activity","MF",5,0,0.02,1,"","","classic",1
"GO:0070573","metallodipeptidase activity","MF",5,0,0.02,1,"","","classic",1
"GO:0070679","inositol 1,4,5 trisphosphate binding","MF",7,0,0.03,1,"","","classic",1
"GO:0070851",NA,"MF",42,0,0.2,1,"","","classic",1
"GO:0070915","lysophosphatidic acid receptor activity","MF",5,0,0.02,1,"","","classic",1
"GO:0071855",NA,"MF",13,0,0.06,1,"","","classic",1
"GO:0071949","FAD binding","MF",21,0,0.1,1,"","","classic",1
"GO:0072341",NA,"MF",5,0,0.02,1,"","","classic",1
"GO:0090482","vitamin transmembrane transporter activity","MF",13,0,0.06,1,"","","classic",1
"GO:0097747",NA,"MF",14,0,0.07,1,"","","classic",1
"GO:0098960",NA,"MF",47,0,0.22,1,"","","classic",1
"GO:0099094",NA,"MF",115,0,0.55,1,"","","classic",1
"GO:0099095",NA,"MF",7,0,0.03,1,"","","classic",1
"GO:0099106","ion channel regulator activity","MF",19,0,0.09,1,"","","classic",1
"GO:0099528",NA,"MF",10,0,0.05,1,"","","classic",1
"GO:0099529",NA,"MF",30,0,0.14,1,"","","classic",1
"GO:0099604","ligand-gated calcium channel activity","MF",13,0,0.06,1,"","","classic",1
"GO:0106018",NA,"MF",5,0,0.02,1,"","","classic",1
"GO:0106274","NAD+-protein-arginine ADP-ribosyltransferase activity","MF",11,0,0.05,1,"","","classic",1
"GO:0120013","lipid transfer activity","MF",13,0,0.06,1,"","","classic",1
"GO:0120015",NA,"MF",5,0,0.02,1,"","","classic",1
"GO:0120020","cholesterol transfer activity","MF",5,0,0.02,1,"","","classic",1
"GO:0120227",NA,"MF",9,0,0.04,1,"","","classic",1
"GO:0120515",NA,"MF",7,0,0.03,1,"","","classic",1
"GO:0140030",NA,"MF",7,0,0.03,1,"","","classic",1
"GO:0140097",NA,"MF",132,0,0.63,1,"","","classic",1
"GO:0140102",NA,"MF",10,0,0.05,1,"","","classic",1
"GO:0140103",NA,"MF",10,0,0.05,1,"","","classic",1
"GO:0140104",NA,"MF",24,0,0.11,1,"","","classic",1
"GO:0140142",NA,"MF",13,0,0.06,1,"","","classic",1
"GO:0140161",NA,"MF",7,0,0.03,1,"","","classic",1
"GO:0140297",NA,"MF",16,0,0.08,1,"","","classic",1
"GO:0140299",NA,"MF",12,0,0.06,1,"","","classic",1
"GO:0140303",NA,"MF",23,0,0.11,1,"","","classic",1
"GO:0140318",NA,"MF",9,0,0.04,1,"","","classic",1
"GO:0140326","ATPase-coupled intramembrane lipid transporter activity","MF",15,0,0.07,1,"","","classic",1
"GO:0140358","P-type transmembrane transporter activity","MF",20,0,0.1,1,"","","classic",1
"GO:0140359","ABC-type transporter activity","MF",51,0,0.24,1,"","","classic",1
"GO:0140375",NA,"MF",56,0,0.27,1,"","","classic",1
"GO:0140597",NA,"MF",5,0,0.02,1,"","","classic",1
"GO:0140612",NA,"MF",12,0,0.06,1,"","","classic",1
"GO:0140657",NA,"MF",480,0,2.3,1,"","","classic",1
"GO:0140658","ATP-dependent chromatin remodeler activity","MF",40,0,0.19,1,"","","classic",1
"GO:0140662","ATP-dependent protein folding chaperone","MF",38,0,0.18,1,"","","classic",1
"GO:0140664","ATP-dependent DNA damage sensor activity","MF",12,0,0.06,1,"","","classic",1
"GO:0140678",NA,"MF",168,0,0.8,1,"","","classic",1
"GO:0140828",NA,"MF",25,0,0.12,1,"","","classic",1
"GO:0140938",NA,"MF",8,0,0.04,1,"","","classic",1
"GO:0140993",NA,"MF",48,0,0.23,1,"","","classic",1
"GO:0140994",NA,"MF",8,0,0.04,1,"","","classic",1
"GO:0141108",NA,"MF",19,0,0.09,1,"","","classic",1
"GO:0160041",NA,"MF",15,0,0.07,1,"","","classic",1
"GO:0160215",NA,"MF",21,0,0.1,1,"","","classic",1
"GO:0170055",NA,"MF",14,0,0.07,1,"","","classic",1
"GO:0180030",NA,"MF",6,0,0.03,1,"","","classic",1
"GO:0180051",NA,"MF",59,0,0.28,1,"","","classic",1
"GO:1901505",NA,"MF",13,0,0.06,1,"","","classic",1
"GO:1901567",NA,"MF",9,0,0.04,1,"","","classic",1
"GO:1901681",NA,"MF",31,0,0.15,1,"","","classic",1
"GO:1901682",NA,"MF",12,0,0.06,1,"","","classic",1
"GO:1901981","phosphatidylinositol phosphate binding","MF",30,0,0.14,1,"","","classic",1
"GO:1902936","phosphatidylinositol bisphosphate binding","MF",14,0,0.07,1,"","","classic",1
"GO:1904315",NA,"MF",30,0,0.14,1,"","","classic",1
"GO:1990380","Lys48-specific deubiquitinase activity","MF",5,0,0.02,1,"","","classic",1
"GO:1990404","NAD+-protein ADP-ribosyltransferase activity","MF",12,0,0.06,1,"","","classic",1
"GO:1990782",NA,"MF",16,0,0.08,1,"","","classic",1
"GO:1990817","RNA adenylyltransferase activity","MF",6,0,0.03,1,"","","classic",1
"GO:1990837","sequence-specific double-stranded DNA binding","MF",105,0,0.5,1,"","","classic",1
"GO:0005861","troponin complex","CC",29,13,0.26,3.28264704443243e-20,"ENSCHAG00000015975, ENSCHAG00000016153, ENSCHAG00000016160, ENSCHAG00000016193, ENSCHAG00000016209, ENSCHAG00000016273, ENSCHAG00000016279, ENSCHAG00000016334, ENSCHAG00000016374, ENSCHAG00000016464, ENSCHAG00000016508, ENSCHAG00000016547, ENSCHAG00000016750","tnni2a.1, tnni2a.2, TNNI2, TNNI2, TNNI2, TNNI2, TNNI2, TNNI2, TNNI2, TNNI2, TNNI2, tnni2a.4, TNNI2","classic",4.25649900094738e-18
"GO:0005865",NA,"CC",29,13,0.26,3.28264704443243e-20,"ENSCHAG00000015975, ENSCHAG00000016153, ENSCHAG00000016160, ENSCHAG00000016193, ENSCHAG00000016209, ENSCHAG00000016273, ENSCHAG00000016279, ENSCHAG00000016334, ENSCHAG00000016374, ENSCHAG00000016464, ENSCHAG00000016508, ENSCHAG00000016547, ENSCHAG00000016750","tnni2a.1, tnni2a.2, TNNI2, TNNI2, TNNI2, TNNI2, TNNI2, TNNI2, TNNI2, TNNI2, TNNI2, tnni2a.4, TNNI2","classic",4.25649900094738e-18
"GO:0036379",NA,"CC",29,13,0.26,3.28264704443243e-20,"ENSCHAG00000015975, ENSCHAG00000016153, ENSCHAG00000016160, ENSCHAG00000016193, ENSCHAG00000016209, ENSCHAG00000016273, ENSCHAG00000016279, ENSCHAG00000016334, ENSCHAG00000016374, ENSCHAG00000016464, ENSCHAG00000016508, ENSCHAG00000016547, ENSCHAG00000016750","tnni2a.1, tnni2a.2, TNNI2, TNNI2, TNNI2, TNNI2, TNNI2, TNNI2, TNNI2, TNNI2, TNNI2, tnni2a.4, TNNI2","classic",4.25649900094738e-18
"GO:0030016","myofibril","CC",50,13,0.46,1.50439960754428e-16,"ENSCHAG00000015975, ENSCHAG00000016153, ENSCHAG00000016160, ENSCHAG00000016193, ENSCHAG00000016209, ENSCHAG00000016273, ENSCHAG00000016279, ENSCHAG00000016334, ENSCHAG00000016374, ENSCHAG00000016464, ENSCHAG00000016508, ENSCHAG00000016547, ENSCHAG00000016750","tnni2a.1, tnni2a.2, TNNI2, TNNI2, TNNI2, TNNI2, TNNI2, TNNI2, TNNI2, TNNI2, TNNI2, tnni2a.4, TNNI2","classic",9.75352412224543e-15
"GO:0030017","sarcomere","CC",50,13,0.46,1.50439960754428e-16,"ENSCHAG00000015975, ENSCHAG00000016153, ENSCHAG00000016160, ENSCHAG00000016193, ENSCHAG00000016209, ENSCHAG00000016273, ENSCHAG00000016279, ENSCHAG00000016334, ENSCHAG00000016374, ENSCHAG00000016464, ENSCHAG00000016508, ENSCHAG00000016547, ENSCHAG00000016750","tnni2a.1, tnni2a.2, TNNI2, TNNI2, TNNI2, TNNI2, TNNI2, TNNI2, TNNI2, TNNI2, TNNI2, tnni2a.4, TNNI2","classic",9.75352412224543e-15
"GO:0043292",NA,"CC",50,13,0.46,1.50439960754428e-16,"ENSCHAG00000015975, ENSCHAG00000016153, ENSCHAG00000016160, ENSCHAG00000016193, ENSCHAG00000016209, ENSCHAG00000016273, ENSCHAG00000016279, ENSCHAG00000016334, ENSCHAG00000016374, ENSCHAG00000016464, ENSCHAG00000016508, ENSCHAG00000016547, ENSCHAG00000016750","tnni2a.1, tnni2a.2, TNNI2, TNNI2, TNNI2, TNNI2, TNNI2, TNNI2, TNNI2, TNNI2, TNNI2, tnni2a.4, TNNI2","classic",9.75352412224543e-15
"GO:0015629","actin cytoskeleton","CC",154,17,1.4,7.26034743572784e-15,"ENSCHAG00000008006, ENSCHAG00000008143, ENSCHAG00000011333, ENSCHAG00000015975, ENSCHAG00000016153, ENSCHAG00000016160, ENSCHAG00000016193, ENSCHAG00000016209, ENSCHAG00000016273, ENSCHAG00000016279, ENSCHAG00000016334, ENSCHAG00000016374, ENSCHAG00000016464, ENSCHAG00000016508, ENSCHAG00000016547, ENSCHAG00000016750, ENSCHAG00000019283","ENSCHAG00000008006, ENSCHAG00000008143, ENSCHAG00000011333, tnni2a.1, tnni2a.2, TNNI2, TNNI2, TNNI2, TNNI2, TNNI2, TNNI2, TNNI2, TNNI2, TNNI2, tnni2a.4, TNNI2, ENSCHAG00000019283","classic",4.03467878928304e-13
"GO:0099080",NA,"CC",173,14,1.58,1.93057702767607e-10,"ENSCHAG00000012653, ENSCHAG00000015975, ENSCHAG00000016153, ENSCHAG00000016160, ENSCHAG00000016193, ENSCHAG00000016209, ENSCHAG00000016273, ENSCHAG00000016279, ENSCHAG00000016334, ENSCHAG00000016374, ENSCHAG00000016464, ENSCHAG00000016508, ENSCHAG00000016547, ENSCHAG00000016750","si:dkey-225f5.4, tnni2a.1, tnni2a.2, TNNI2, TNNI2, TNNI2, TNNI2, TNNI2, TNNI2, TNNI2, TNNI2, TNNI2, tnni2a.4, TNNI2","classic",9.38743079707491e-09
"GO:0099081",NA,"CC",152,13,1.39,4.86531034282533e-10,"ENSCHAG00000015975, ENSCHAG00000016153, ENSCHAG00000016160, ENSCHAG00000016193, ENSCHAG00000016209, ENSCHAG00000016273, ENSCHAG00000016279, ENSCHAG00000016334, ENSCHAG00000016374, ENSCHAG00000016464, ENSCHAG00000016508, ENSCHAG00000016547, ENSCHAG00000016750","tnni2a.1, tnni2a.2, TNNI2, TNNI2, TNNI2, TNNI2, TNNI2, TNNI2, TNNI2, TNNI2, TNNI2, tnni2a.4, TNNI2","classic",1.89260572335905e-08
"GO:0099512",NA,"CC",152,13,1.39,4.86531034282533e-10,"ENSCHAG00000015975, ENSCHAG00000016153, ENSCHAG00000016160, ENSCHAG00000016193, ENSCHAG00000016209, ENSCHAG00000016273, ENSCHAG00000016279, ENSCHAG00000016334, ENSCHAG00000016374, ENSCHAG00000016464, ENSCHAG00000016508, ENSCHAG00000016547, ENSCHAG00000016750","tnni2a.1, tnni2a.2, TNNI2, TNNI2, TNNI2, TNNI2, TNNI2, TNNI2, TNNI2, TNNI2, TNNI2, tnni2a.4, TNNI2","classic",1.89260572335905e-08
"GO:0005856","cytoskeleton","CC",452,17,4.12,2.03788257939559e-07,"ENSCHAG00000008006, ENSCHAG00000008143, ENSCHAG00000011333, ENSCHAG00000015975, ENSCHAG00000016153, ENSCHAG00000016160, ENSCHAG00000016193, ENSCHAG00000016209, ENSCHAG00000016273, ENSCHAG00000016279, ENSCHAG00000016334, ENSCHAG00000016374, ENSCHAG00000016464, ENSCHAG00000016508, ENSCHAG00000016547, ENSCHAG00000016750, ENSCHAG00000019283","ENSCHAG00000008006, ENSCHAG00000008143, ENSCHAG00000011333, tnni2a.1, tnni2a.2, TNNI2, TNNI2, TNNI2, TNNI2, TNNI2, TNNI2, TNNI2, TNNI2, TNNI2, tnni2a.4, TNNI2, ENSCHAG00000019283","classic",7.2066938489535e-06
"GO:0032991","protein-containing complex","CC",1598,28,14.58,5.57944176147215e-05,"ENSCHAG00000001285, ENSCHAG00000002578, ENSCHAG00000003909, ENSCHAG00000007917, ENSCHAG00000008006, ENSCHAG00000008143, ENSCHAG00000011333, ENSCHAG00000012097, ENSCHAG00000012702, ENSCHAG00000012759, ENSCHAG00000015975, ENSCHAG00000016153, ENSCHAG00000016160, ENSCHAG00000016193, ENSCHAG00000016209, ENSCHAG00000016273, ENSCHAG00000016279, ENSCHAG00000016334, ENSCHAG00000016374, ENSCHAG00000016464, ENSCHAG00000016508, ENSCHAG00000016547, ENSCHAG00000016750, ENSCHAG00000019283, ENSCHAG00000021529, ENSCHAG00000022113, ENSCHAG00000022120, ENSCHAG00000024997","atp1b1a, gmpr, COG5, PRKAR2B, ENSCHAG00000008006, ENSCHAG00000008143, ENSCHAG00000011333, atp5mc1, msl1a, casc3, tnni2a.1, tnni2a.2, TNNI2, TNNI2, TNNI2, TNNI2, TNNI2, TNNI2, TNNI2, TNNI2, TNNI2, tnni2a.4, TNNI2, ENSCHAG00000019283, magoh, dr1, GNG12, sgcb","classic",0.00180866903767722
"GO:0043228",NA,"CC",966,20,8.81,0.000147646880929691,"ENSCHAG00000008006, ENSCHAG00000008143, ENSCHAG00000011333, ENSCHAG00000012653, ENSCHAG00000012664, ENSCHAG00000012702, ENSCHAG00000015975, ENSCHAG00000016153, ENSCHAG00000016160, ENSCHAG00000016193, ENSCHAG00000016209, ENSCHAG00000016273, ENSCHAG00000016279, ENSCHAG00000016334, ENSCHAG00000016374, ENSCHAG00000016464, ENSCHAG00000016508, ENSCHAG00000016547, ENSCHAG00000016750, ENSCHAG00000019283","ENSCHAG00000008006, ENSCHAG00000008143, ENSCHAG00000011333, si:dkey-225f5.4, nr1d1, msl1a, tnni2a.1, tnni2a.2, TNNI2, TNNI2, TNNI2, TNNI2, TNNI2, TNNI2, TNNI2, TNNI2, TNNI2, tnni2a.4, TNNI2, ENSCHAG00000019283","classic",0.00410247404868928
"GO:0043232",NA,"CC",966,20,8.81,0.000147646880929691,"ENSCHAG00000008006, ENSCHAG00000008143, ENSCHAG00000011333, ENSCHAG00000012653, ENSCHAG00000012664, ENSCHAG00000012702, ENSCHAG00000015975, ENSCHAG00000016153, ENSCHAG00000016160, ENSCHAG00000016193, ENSCHAG00000016209, ENSCHAG00000016273, ENSCHAG00000016279, ENSCHAG00000016334, ENSCHAG00000016374, ENSCHAG00000016464, ENSCHAG00000016508, ENSCHAG00000016547, ENSCHAG00000016750, ENSCHAG00000019283","ENSCHAG00000008006, ENSCHAG00000008143, ENSCHAG00000011333, si:dkey-225f5.4, nr1d1, msl1a, tnni2a.1, tnni2a.2, TNNI2, TNNI2, TNNI2, TNNI2, TNNI2, TNNI2, TNNI2, TNNI2, TNNI2, tnni2a.4, TNNI2, ENSCHAG00000019283","classic",0.00410247404868928
"GO:0043229",NA,"CC",2338,31,21.33,0.00407943465880105,"ENSCHAG00000000936, ENSCHAG00000003415, ENSCHAG00000003909, ENSCHAG00000004827, ENSCHAG00000008006, ENSCHAG00000008143, ENSCHAG00000011333, ENSCHAG00000012653, ENSCHAG00000012664, ENSCHAG00000012702, ENSCHAG00000012759, ENSCHAG00000015975, ENSCHAG00000016153, ENSCHAG00000016160, ENSCHAG00000016193, ENSCHAG00000016209, ENSCHAG00000016273, ENSCHAG00000016279, ENSCHAG00000016334, ENSCHAG00000016374, ENSCHAG00000016464, ENSCHAG00000016508, ENSCHAG00000016547, ENSCHAG00000016750, ENSCHAG00000019283, ENSCHAG00000021529, ENSCHAG00000022113, ENSCHAG00000022129, ENSCHAG00000022546, ENSCHAG00000025006, ENSCHAG00000027469","zmp:0000000711, RAD51AP1, COG5, bcap29, ENSCHAG00000008006, ENSCHAG00000008143, ENSCHAG00000011333, si:dkey-225f5.4, nr1d1, msl1a, casc3, tnni2a.1, tnni2a.2, TNNI2, TNNI2, TNNI2, TNNI2, TNNI2, TNNI2, TNNI2, TNNI2, TNNI2, tnni2a.4, TNNI2, ENSCHAG00000019283, magoh, dr1, gadd45ab, SZT2, spata18, rorca","classic",0.10579333881824
"GO:0005737","cytoplasm","CC",1161,19,10.59,0.00460617543102284,"ENSCHAG00000003909, ENSCHAG00000004827, ENSCHAG00000015975, ENSCHAG00000016153, ENSCHAG00000016160, ENSCHAG00000016193, ENSCHAG00000016209, ENSCHAG00000016273, ENSCHAG00000016279, ENSCHAG00000016334, ENSCHAG00000016374, ENSCHAG00000016464, ENSCHAG00000016508, ENSCHAG00000016547, ENSCHAG00000016750, ENSCHAG00000022110, ENSCHAG00000022546, ENSCHAG00000025006, ENSCHAG00000027470","COG5, bcap29, tnni2a.1, tnni2a.2, TNNI2, TNNI2, TNNI2, TNNI2, TNNI2, TNNI2, TNNI2, TNNI2, TNNI2, tnni2a.4, TNNI2, RDH8, SZT2, spata18, sh3gl1b","classic",0.111987640166743
"GO:0043226",NA,"CC",2373,31,21.65,0.00535175288057849,"ENSCHAG00000000936, ENSCHAG00000003415, ENSCHAG00000003909, ENSCHAG00000004827, ENSCHAG00000008006, ENSCHAG00000008143, ENSCHAG00000011333, ENSCHAG00000012653, ENSCHAG00000012664, ENSCHAG00000012702, ENSCHAG00000012759, ENSCHAG00000015975, ENSCHAG00000016153, ENSCHAG00000016160, ENSCHAG00000016193, ENSCHAG00000016209, ENSCHAG00000016273, ENSCHAG00000016279, ENSCHAG00000016334, ENSCHAG00000016374, ENSCHAG00000016464, ENSCHAG00000016508, ENSCHAG00000016547, ENSCHAG00000016750, ENSCHAG00000019283, ENSCHAG00000021529, ENSCHAG00000022113, ENSCHAG00000022129, ENSCHAG00000022546, ENSCHAG00000025006, ENSCHAG00000027469","zmp:0000000711, RAD51AP1, COG5, bcap29, ENSCHAG00000008006, ENSCHAG00000008143, ENSCHAG00000011333, si:dkey-225f5.4, nr1d1, msl1a, casc3, tnni2a.1, tnni2a.2, TNNI2, TNNI2, TNNI2, TNNI2, TNNI2, TNNI2, TNNI2, TNNI2, TNNI2, tnni2a.4, TNNI2, ENSCHAG00000019283, magoh, dr1, gadd45ab, SZT2, spata18, rorca","classic",0.122460698267355
"GO:0016459","myosin complex","CC",83,4,0.76,0.00662069606507801,"ENSCHAG00000008006, ENSCHAG00000008143, ENSCHAG00000011333, ENSCHAG00000019283","ENSCHAG00000008006, ENSCHAG00000008143, ENSCHAG00000011333, ENSCHAG00000019283","classic",0.143080598295297
"GO:0005622",NA,"CC",2754,33,25.12,0.0163411992036343,"ENSCHAG00000000936, ENSCHAG00000003415, ENSCHAG00000003909, ENSCHAG00000004827, ENSCHAG00000008006, ENSCHAG00000008143, ENSCHAG00000011333, ENSCHAG00000012653, ENSCHAG00000012664, ENSCHAG00000012702, ENSCHAG00000012759, ENSCHAG00000015975, ENSCHAG00000016153, ENSCHAG00000016160, ENSCHAG00000016193, ENSCHAG00000016209, ENSCHAG00000016273, ENSCHAG00000016279, ENSCHAG00000016334, ENSCHAG00000016374, ENSCHAG00000016464, ENSCHAG00000016508, ENSCHAG00000016547, ENSCHAG00000016750, ENSCHAG00000019283, ENSCHAG00000021529, ENSCHAG00000022110, ENSCHAG00000022113, ENSCHAG00000022129, ENSCHAG00000022546, ENSCHAG00000025006, ENSCHAG00000027469, ENSCHAG00000027470","zmp:0000000711, RAD51AP1, COG5, bcap29, ENSCHAG00000008006, ENSCHAG00000008143, ENSCHAG00000011333, si:dkey-225f5.4, nr1d1, msl1a, casc3, tnni2a.1, tnni2a.2, TNNI2, TNNI2, TNNI2, TNNI2, TNNI2, TNNI2, TNNI2, TNNI2, TNNI2, tnni2a.4, TNNI2, ENSCHAG00000019283, magoh, RDH8, dr1, gadd45ab, SZT2, spata18, rorca, sh3gl1b","classic",0.334564552116513
"GO:0005952","cAMP-dependent protein kinase complex","CC",5,1,0.05,0.0447987882296619,"ENSCHAG00000007917","PRKAR2B","classic",0.829844220063737
"GO:0017119","Golgi transport complex","CC",5,1,0.05,0.0447987882296619,"ENSCHAG00000003909","COG5","classic",0.829844220063737
"GO:0016011",NA,"CC",6,1,0.05,0.0535196489296332,"ENSCHAG00000024997","sgcb","classic",0.867464309734472
"GO:0016012","sarcoglycan complex","CC",6,1,0.05,0.0535196489296332,"ENSCHAG00000024997","sgcb","classic",0.867464309734472
"GO:0042383","sarcolemma","CC",6,1,0.05,0.0535196489296332,"ENSCHAG00000024997","sgcb","classic",0.867464309734472
"GO:0005890","sodium:potassium-exchanging ATPase complex","CC",8,1,0.07,0.0707280239280806,"ENSCHAG00000001285","atp1b1a","classic",1
"GO:0016010","dystrophin-associated glycoprotein complex","CC",8,1,0.07,0.0707280239280806,"ENSCHAG00000024997","sgcb","classic",1
"GO:0090665",NA,"CC",8,1,0.07,0.0707280239280806,"ENSCHAG00000024997","sgcb","classic",1
"GO:0017053","transcription repressor complex","CC",9,1,0.08,0.0792168991755678,"ENSCHAG00000022113","dr1","classic",1
"GO:0005834","heterotrimeric G-protein complex","CC",13,1,0.12,0.112419258803823,"ENSCHAG00000022120","GNG12","classic",1
"GO:1905360",NA,"CC",13,1,0.12,0.112419258803823,"ENSCHAG00000022120","GNG12","classic",1
"GO:0000776","kinetochore","CC",14,1,0.13,0.120534850578149,"ENSCHAG00000012653","si:dkey-225f5.4","classic",1
"GO:0000779",NA,"CC",14,1,0.13,0.120534850578149,"ENSCHAG00000012653","si:dkey-225f5.4","classic",1
"GO:0005777","peroxisome","CC",14,1,0.13,0.120534850578149,"ENSCHAG00000022546","SZT2","classic",1
"GO:0042579",NA,"CC",14,1,0.13,0.120534850578149,"ENSCHAG00000022546","SZT2","classic",1
"GO:0009898",NA,"CC",15,1,0.14,0.128577738282828,"ENSCHAG00000022120","GNG12","classic",1
"GO:0031234","extrinsic component of cytoplasmic side of plasma membrane","CC",15,1,0.14,0.128577738282828,"ENSCHAG00000022120","GNG12","classic",1
"GO:0098562",NA,"CC",15,1,0.14,0.128577738282828,"ENSCHAG00000022120","GNG12","classic",1
"GO:1902554",NA,"CC",17,1,0.16,0.144447947501056,"ENSCHAG00000007917","PRKAR2B","classic",1
"GO:1902562",NA,"CC",17,1,0.16,0.144447947501056,"ENSCHAG00000012702","msl1a","classic",1
"GO:0000775","chromosome, centromeric region","CC",18,1,0.16,0.152276528373596,"ENSCHAG00000012653","si:dkey-225f5.4","classic",1
"GO:1902911",NA,"CC",18,1,0.16,0.152276528373596,"ENSCHAG00000007917","PRKAR2B","classic",1
"GO:0098552",NA,"CC",19,1,0.17,0.160034923986165,"ENSCHAG00000022120","GNG12","classic",1
"GO:0033177","proton-transporting two-sector ATPase complex, proton-transporting domain","CC",20,1,0.18,0.167723750573999,"ENSCHAG00000012097","atp5mc1","classic",1
"GO:1990204",NA,"CC",20,1,0.18,0.167723750573999,"ENSCHAG00000002578","gmpr","classic",1
"GO:0005741","mitochondrial outer membrane","CC",21,1,0.19,0.175343619075844,"ENSCHAG00000025006","spata18","classic",1
"GO:0019897","extrinsic component of plasma membrane","CC",22,1,0.2,0.182895135178494,"ENSCHAG00000022120","GNG12","classic",1
"GO:0031968",NA,"CC",23,1,0.21,0.190378899360972,"ENSCHAG00000025006","spata18","classic",1
"GO:0019867","outer membrane","CC",25,1,0.23,0.20514554810513,"ENSCHAG00000025006","spata18","classic",1
"GO:0099023",NA,"CC",25,1,0.23,0.20514554810513,"ENSCHAG00000003909","COG5","classic",1
"GO:0016469",NA,"CC",27,1,0.25,0.219648266640863,"ENSCHAG00000012097","atp5mc1","classic",1
"GO:0098687",NA,"CC",28,1,0.26,0.226802099182415,"ENSCHAG00000012653","si:dkey-225f5.4","classic",1
"GO:0000793","condensed chromosome","CC",29,1,0.26,0.233891675743055,"ENSCHAG00000012653","si:dkey-225f5.4","classic",1
"GO:0019898","extrinsic component of membrane","CC",31,1,0.28,0.247880316979788,"ENSCHAG00000022120","GNG12","classic",1
"GO:0090533",NA,"CC",31,1,0.28,0.247880316979788,"ENSCHAG00000001285","atp1b1a","classic",1
"GO:0098533",NA,"CC",33,1,0.3,0.261618654041038,"ENSCHAG00000001285","atp1b1a","classic",1
"GO:0000123","histone acetyltransferase complex","CC",42,1,0.38,0.320459534763025,"ENSCHAG00000012702","msl1a","classic",1
"GO:0031248",NA,"CC",44,1,0.4,0.332897629427607,"ENSCHAG00000012702","msl1a","classic",1
"GO:1902493",NA,"CC",44,1,0.4,0.332897629427607,"ENSCHAG00000012702","msl1a","classic",1
"GO:0061695",NA,"CC",60,1,0.55,0.424691688357056,"ENSCHAG00000007917","PRKAR2B","classic",1
"GO:0005923","bicellular tight junction","CC",66,1,0.6,0.455821919103813,"ENSCHAG00000013742","magi2a","classic",1
"GO:0043296",NA,"CC",67,1,0.61,0.460847310352194,"ENSCHAG00000013742","magi2a","classic",1
"GO:0070160",NA,"CC",67,1,0.61,0.460847310352194,"ENSCHAG00000013742","magi2a","classic",1
"GO:0098797",NA,"CC",279,3,2.54,0.47191861173778,"ENSCHAG00000001285, ENSCHAG00000022120, ENSCHAG00000024997","atp1b1a, GNG12, sgcb","classic",1
"GO:0031966","mitochondrial membrane","CC",78,1,0.71,0.513212524596594,"ENSCHAG00000025006","spata18","classic",1
"GO:0140513",NA,"CC",310,3,2.83,0.543790938015587,"ENSCHAG00000012759, ENSCHAG00000021529, ENSCHAG00000022113","casc3, magoh, dr1","classic",1
"GO:1990234",NA,"CC",201,2,1.83,0.552775846078701,"ENSCHAG00000007917, ENSCHAG00000012702","PRKAR2B, msl1a","classic",1
"GO:0098796",NA,"CC",434,4,3.96,0.567241051755328,"ENSCHAG00000001285, ENSCHAG00000012097, ENSCHAG00000022120, ENSCHAG00000024997","atp1b1a, atp5mc1, GNG12, sgcb","classic",1
"GO:0005694","chromosome","CC",324,3,2.96,0.574456613425967,"ENSCHAG00000012653, ENSCHAG00000012664, ENSCHAG00000012702","si:dkey-225f5.4, nr1d1, msl1a","classic",1
"GO:0005667","transcription regulator complex","CC",95,1,0.87,0.584490083657699,"ENSCHAG00000022113","dr1","classic",1
"GO:0005740","mitochondrial envelope","CC",96,1,0.88,0.588348333781021,"ENSCHAG00000025006","spata18","classic",1
"GO:1902494",NA,"CC",448,4,4.09,0.593208267566053,"ENSCHAG00000002578, ENSCHAG00000007917, ENSCHAG00000012702, ENSCHAG00000022120","gmpr, PRKAR2B, msl1a, GNG12","classic",1
"GO:0140535",NA,"CC",238,2,2.17,0.646145209258798,"ENSCHAG00000007917, ENSCHAG00000012702","PRKAR2B, msl1a","classic",1
"GO:0005886","plasma membrane","CC",605,5,5.52,0.660532297731733,"ENSCHAG00000001285, ENSCHAG00000009643, ENSCHAG00000013260, ENSCHAG00000022120, ENSCHAG00000024997","atp1b1a, CDH20, cd36, GNG12, sgcb","classic",1
"GO:0000785","chromatin","CC",247,2,2.25,0.666465365500751,"ENSCHAG00000012664, ENSCHAG00000012702","nr1d1, msl1a","classic",1
"GO:0110165",NA,"CC",5151,47,46.98,0.672376221389142,"ENSCHAG00000000469, ENSCHAG00000000936, ENSCHAG00000001285, ENSCHAG00000001310, ENSCHAG00000003415, ENSCHAG00000003909, ENSCHAG00000004827, ENSCHAG00000004880, ENSCHAG00000008006, ENSCHAG00000008143, ENSCHAG00000009573, ENSCHAG00000009619, ENSCHAG00000009643, ENSCHAG00000011333, ENSCHAG00000012097, ENSCHAG00000012653, ENSCHAG00000012664, ENSCHAG00000012702, ENSCHAG00000012759, ENSCHAG00000013260, ENSCHAG00000013742, ENSCHAG00000015924, ENSCHAG00000015975, ENSCHAG00000016153, ENSCHAG00000016160, ENSCHAG00000016193, ENSCHAG00000016209, ENSCHAG00000016273, ENSCHAG00000016279, ENSCHAG00000016334, ENSCHAG00000016374, ENSCHAG00000016464, ENSCHAG00000016508, ENSCHAG00000016547, ENSCHAG00000016750, ENSCHAG00000019283, ENSCHAG00000021442, ENSCHAG00000021529, ENSCHAG00000022110, ENSCHAG00000022113, ENSCHAG00000022120, ENSCHAG00000022129, ENSCHAG00000022546, ENSCHAG00000024997, ENSCHAG00000025006, ENSCHAG00000027469, ENSCHAG00000027470","prrg1, zmp:0000000711, atp1b1a, si:ch73-352p4.8, RAD51AP1, COG5, bcap29, slco1c1, ENSCHAG00000008006, ENSCHAG00000008143, fzd8a, ENSCHAG00000009619, CDH20, ENSCHAG00000011333, atp5mc1, si:dkey-225f5.4, nr1d1, msl1a, casc3, cd36, magi2a, SYT8, tnni2a.1, tnni2a.2, TNNI2, TNNI2, TNNI2, TNNI2, TNNI2, TNNI2, TNNI2, TNNI2, TNNI2, tnni2a.4, TNNI2, ENSCHAG00000019283, tmco1, magoh, RDH8, dr1, GNG12, gadd45ab, SZT2, sgcb, spata18, rorca, sh3gl1b","classic",1
"GO:0005794","Golgi apparatus","CC",122,1,1.11,0.677210931362931,"ENSCHAG00000003909","COG5","classic",1
"GO:0031967",NA,"CC",124,1,1.13,0.68320877739603,"ENSCHAG00000025006","spata18","classic",1
"GO:0098588",NA,"CC",124,1,1.13,0.68320877739603,"ENSCHAG00000025006","spata18","classic",1
"GO:0005783","endoplasmic reticulum","CC",126,1,1.15,0.689097408532184,"ENSCHAG00000004827","bcap29","classic",1
"GO:0005911","cell-cell junction","CC",135,1,1.23,0.714296153847672,"ENSCHAG00000013742","magi2a","classic",1
"GO:0070161",NA,"CC",143,1,1.3,0.735007682654165,"ENSCHAG00000013742","magi2a","classic",1
"GO:1902495",NA,"CC",149,1,1.36,0.74956893673405,"ENSCHAG00000001285","atp1b1a","classic",1
"GO:1990351",NA,"CC",150,1,1.37,0.751918376155845,"ENSCHAG00000001285","atp1b1a","classic",1
"GO:0071944",NA,"CC",695,5,6.34,0.778173105936006,"ENSCHAG00000001285, ENSCHAG00000009643, ENSCHAG00000013260, ENSCHAG00000022120, ENSCHAG00000024997","atp1b1a, CDH20, cd36, GNG12, sgcb","classic",1
"GO:0005634","nucleus","CC",972,7,8.87,0.808856432179262,"ENSCHAG00000000936, ENSCHAG00000003415, ENSCHAG00000012759, ENSCHAG00000021529, ENSCHAG00000022113, ENSCHAG00000022129, ENSCHAG00000027469","zmp:0000000711, RAD51AP1, casc3, magoh, dr1, gadd45ab, rorca","classic",1
"GO:0005739","mitochondrion","CC",189,1,1.72,0.828475254602696,"ENSCHAG00000025006","spata18","classic",1
"GO:0012505","endomembrane system","CC",347,2,3.17,0.835010348320395,"ENSCHAG00000003909, ENSCHAG00000004827","COG5, bcap29","classic",1
"GO:0043231","intracellular membrane-bounded organelle","CC",1535,11,14,0.868454899600829,"ENSCHAG00000000936, ENSCHAG00000003415, ENSCHAG00000003909, ENSCHAG00000004827, ENSCHAG00000012759, ENSCHAG00000021529, ENSCHAG00000022113, ENSCHAG00000022129, ENSCHAG00000022546, ENSCHAG00000025006, ENSCHAG00000027469","zmp:0000000711, RAD51AP1, COG5, bcap29, casc3, magoh, dr1, gadd45ab, SZT2, spata18, rorca","classic",1
"GO:0030054","cell junction","CC",227,1,2.07,0.880601535294918,"ENSCHAG00000013742","magi2a","classic",1
"GO:0031090","organelle membrane","CC",243,1,2.22,0.897575042647369,"ENSCHAG00000025006","spata18","classic",1
"GO:0043227",NA,"CC",1593,11,14.53,0.900124871199436,"ENSCHAG00000000936, ENSCHAG00000003415, ENSCHAG00000003909, ENSCHAG00000004827, ENSCHAG00000012759, ENSCHAG00000021529, ENSCHAG00000022113, ENSCHAG00000022129, ENSCHAG00000022546, ENSCHAG00000025006, ENSCHAG00000027469","zmp:0000000711, RAD51AP1, COG5, bcap29, casc3, magoh, dr1, gadd45ab, SZT2, spata18, rorca","classic",1
"GO:0016020","membrane","CC",2051,13,18.71,0.969348396349887,"ENSCHAG00000001285, ENSCHAG00000001310, ENSCHAG00000004880, ENSCHAG00000009573, ENSCHAG00000009619, ENSCHAG00000009643, ENSCHAG00000012097, ENSCHAG00000013260, ENSCHAG00000015924, ENSCHAG00000021442, ENSCHAG00000022120, ENSCHAG00000024997, ENSCHAG00000025006","atp1b1a, si:ch73-352p4.8, slco1c1, fzd8a, ENSCHAG00000009619, CDH20, atp5mc1, cd36, SYT8, tmco1, GNG12, sgcb, spata18","classic",1
"GO:0005576","extracellular region","CC",518,1,4.72,0.99320774377107,"ENSCHAG00000000469","prrg1","classic",1
"GO:0005575",NA,"CC",5372,49,49,1,"ENSCHAG00000000469, ENSCHAG00000000936, ENSCHAG00000001285, ENSCHAG00000001310, ENSCHAG00000002578, ENSCHAG00000003415, ENSCHAG00000003909, ENSCHAG00000004827, ENSCHAG00000004880, ENSCHAG00000007917, ENSCHAG00000008006, ENSCHAG00000008143, ENSCHAG00000009573, ENSCHAG00000009619, ENSCHAG00000009643, ENSCHAG00000011333, ENSCHAG00000012097, ENSCHAG00000012653, ENSCHAG00000012664, ENSCHAG00000012702, ENSCHAG00000012759, ENSCHAG00000013260, ENSCHAG00000013742, ENSCHAG00000015924, ENSCHAG00000015975, ENSCHAG00000016153, ENSCHAG00000016160, ENSCHAG00000016193, ENSCHAG00000016209, ENSCHAG00000016273, ENSCHAG00000016279, ENSCHAG00000016334, ENSCHAG00000016374, ENSCHAG00000016464, ENSCHAG00000016508, ENSCHAG00000016547, ENSCHAG00000016750, ENSCHAG00000019283, ENSCHAG00000021442, ENSCHAG00000021529, ENSCHAG00000022110, ENSCHAG00000022113, ENSCHAG00000022120, ENSCHAG00000022129, ENSCHAG00000022546, ENSCHAG00000024997, ENSCHAG00000025006, ENSCHAG00000027469, ENSCHAG00000027470","prrg1, zmp:0000000711, atp1b1a, si:ch73-352p4.8, gmpr, RAD51AP1, COG5, bcap29, slco1c1, PRKAR2B, ENSCHAG00000008006, ENSCHAG00000008143, fzd8a, ENSCHAG00000009619, CDH20, ENSCHAG00000011333, atp5mc1, si:dkey-225f5.4, nr1d1, msl1a, casc3, cd36, magi2a, SYT8, tnni2a.1, tnni2a.2, TNNI2, TNNI2, TNNI2, TNNI2, TNNI2, TNNI2, TNNI2, TNNI2, TNNI2, tnni2a.4, TNNI2, ENSCHAG00000019283, tmco1, magoh, RDH8, dr1, GNG12, gadd45ab, SZT2, sgcb, spata18, rorca, sh3gl1b","classic",1
"GO:0000015","phosphopyruvate hydratase complex","CC",7,0,0.06,1,"","","classic",1
"GO:0000118","histone deacetylase complex","CC",11,0,0.1,1,"","","classic",1
"GO:0000124","SAGA complex","CC",9,0,0.08,1,"","","classic",1
"GO:0000139","Golgi membrane","CC",32,0,0.29,1,"","","classic",1
"GO:0000145","exocyst","CC",13,0,0.12,1,"","","classic",1
"GO:0000151","ubiquitin ligase complex","CC",45,0,0.41,1,"","","classic",1
"GO:0000152",NA,"CC",14,0,0.13,1,"","","classic",1
"GO:0000159","protein phosphatase type 2A complex","CC",15,0,0.14,1,"","","classic",1
"GO:0000178","exosome (RNase complex)","CC",6,0,0.05,1,"","","classic",1
"GO:0000220","vacuolar proton-transporting V-type ATPase, V0 domain","CC",6,0,0.05,1,"","","classic",1
"GO:0000228","nuclear chromosome","CC",33,0,0.3,1,"","","classic",1
"GO:0000313",NA,"CC",13,0,0.12,1,"","","classic",1
"GO:0000323",NA,"CC",28,0,0.26,1,"","","classic",1
"GO:0000428",NA,"CC",31,0,0.28,1,"","","classic",1
"GO:0000439","transcription factor TFIIH core complex","CC",6,0,0.05,1,"","","classic",1
"GO:0000502","proteasome complex","CC",42,0,0.38,1,"","","classic",1
"GO:0000781","chromosome, telomeric region","CC",10,0,0.09,1,"","","classic",1
"GO:0000782",NA,"CC",7,0,0.06,1,"","","classic",1
"GO:0000783","nuclear telomere cap complex","CC",7,0,0.06,1,"","","classic",1
"GO:0000786","nucleosome","CC",145,0,1.32,1,"","","classic",1
"GO:0000794","condensed nuclear chromosome","CC",9,0,0.08,1,"","","classic",1
"GO:0000813","ESCRT I complex","CC",6,0,0.05,1,"","","classic",1
"GO:0000922","spindle pole","CC",7,0,0.06,1,"","","classic",1
"GO:0000940","outer kinetochore","CC",6,0,0.05,1,"","","classic",1
"GO:0001518","voltage-gated sodium channel complex","CC",13,0,0.12,1,"","","classic",1
"GO:0005579","membrane attack complex","CC",9,0,0.08,1,"","","classic",1
"GO:0005581","collagen trimer","CC",6,0,0.05,1,"","","classic",1
"GO:0005615","extracellular space","CC",121,0,1.1,1,"","","classic",1
"GO:0005635","nuclear envelope","CC",28,0,0.26,1,"","","classic",1
"GO:0005643","nuclear pore","CC",13,0,0.12,1,"","","classic",1
"GO:0005654","nucleoplasm","CC",81,0,0.74,1,"","","classic",1
"GO:0005666","RNA polymerase III complex","CC",5,0,0.05,1,"","","classic",1
"GO:0005669","transcription factor TFIID complex","CC",11,0,0.1,1,"","","classic",1
"GO:0005680","anaphase-promoting complex","CC",9,0,0.08,1,"","","classic",1
"GO:0005681","spliceosomal complex","CC",17,0,0.16,1,"","","classic",1
"GO:0005730","nucleolus","CC",25,0,0.23,1,"","","classic",1
"GO:0005732","sno(s)RNA-containing ribonucleoprotein complex","CC",6,0,0.05,1,"","","classic",1
"GO:0005742","mitochondrial outer membrane translocase complex","CC",8,0,0.07,1,"","","classic",1
"GO:0005743","mitochondrial inner membrane","CC",50,0,0.46,1,"","","classic",1
"GO:0005744","TIM23 mitochondrial import inner membrane translocase complex","CC",6,0,0.05,1,"","","classic",1
"GO:0005758","mitochondrial intermembrane space","CC",11,0,0.1,1,"","","classic",1
"GO:0005759","mitochondrial matrix","CC",22,0,0.2,1,"","","classic",1
"GO:0005761","mitochondrial ribosome","CC",13,0,0.12,1,"","","classic",1
"GO:0005764","lysosome","CC",28,0,0.26,1,"","","classic",1
"GO:0005765","lysosomal membrane","CC",8,0,0.07,1,"","","classic",1
"GO:0005768","endosome","CC",30,0,0.27,1,"","","classic",1
"GO:0005770","late endosome","CC",6,0,0.05,1,"","","classic",1
"GO:0005773",NA,"CC",38,0,0.35,1,"","","classic",1
"GO:0005774",NA,"CC",18,0,0.16,1,"","","classic",1
"GO:0005789","endoplasmic reticulum membrane","CC",52,0,0.47,1,"","","classic",1
"GO:0005791",NA,"CC",5,0,0.05,1,"","","classic",1
"GO:0005795","Golgi stack","CC",13,0,0.12,1,"","","classic",1
"GO:0005798",NA,"CC",18,0,0.16,1,"","","classic",1
"GO:0005802","trans-Golgi network","CC",19,0,0.17,1,"","","classic",1
"GO:0005813","centrosome","CC",16,0,0.15,1,"","","classic",1
"GO:0005814","centriole","CC",5,0,0.05,1,"","","classic",1
"GO:0005815","microtubule organizing center","CC",43,0,0.39,1,"","","classic",1
"GO:0005819","spindle","CC",16,0,0.15,1,"","","classic",1
"GO:0005829","cytosol","CC",64,0,0.58,1,"","","classic",1
"GO:0005833","hemoglobin complex","CC",13,0,0.12,1,"","","classic",1
"GO:0005839","proteasome core complex","CC",30,0,0.27,1,"","","classic",1
"GO:0005840","ribosome","CC",142,0,1.3,1,"","","classic",1
"GO:0005849","mRNA cleavage factor complex","CC",7,0,0.06,1,"","","classic",1
"GO:0005852","eukaryotic translation initiation factor 3 complex","CC",15,0,0.14,1,"","","classic",1
"GO:0005854","nascent polypeptide-associated complex","CC",7,0,0.06,1,"","","classic",1
"GO:0005858","axonemal dynein complex","CC",7,0,0.06,1,"","","classic",1
"GO:0005868","cytoplasmic dynein complex","CC",9,0,0.08,1,"","","classic",1
"GO:0005869","dynactin complex","CC",5,0,0.05,1,"","","classic",1
"GO:0005871","kinesin complex","CC",8,0,0.07,1,"","","classic",1
"GO:0005874","microtubule","CC",54,0,0.49,1,"","","classic",1
"GO:0005875","microtubule associated complex","CC",61,0,0.56,1,"","","classic",1
"GO:0005881","cytoplasmic microtubule","CC",8,0,0.07,1,"","","classic",1
"GO:0005882","intermediate filament","CC",40,0,0.36,1,"","","classic",1
"GO:0005883","neurofilament","CC",17,0,0.16,1,"","","classic",1
"GO:0005884","actin filament","CC",7,0,0.06,1,"","","classic",1
"GO:0005885","Arp2/3 protein complex","CC",8,0,0.07,1,"","","classic",1
"GO:0005891","voltage-gated calcium channel complex","CC",35,0,0.32,1,"","","classic",1
"GO:0005892","acetylcholine-gated channel complex","CC",8,0,0.07,1,"","","classic",1
"GO:0005901","caveola","CC",6,0,0.05,1,"","","classic",1
"GO:0005905","clathrin-coated pit","CC",11,0,0.1,1,"","","classic",1
"GO:0005912","adherens junction","CC",8,0,0.07,1,"","","classic",1
"GO:0005921","gap junction","CC",44,0,0.4,1,"","","classic",1
"GO:0005922","connexin complex","CC",44,0,0.4,1,"","","classic",1
"GO:0005925","focal adhesion","CC",8,0,0.07,1,"","","classic",1
"GO:0005929","cilium","CC",57,0,0.52,1,"","","classic",1
"GO:0005930","axoneme","CC",18,0,0.16,1,"","","classic",1
"GO:0005938","cell cortex","CC",28,0,0.26,1,"","","classic",1
"GO:0005942","phosphatidylinositol 3-kinase complex","CC",6,0,0.05,1,"","","classic",1
"GO:0008021","synaptic vesicle","CC",21,0,0.19,1,"","","classic",1
"GO:0008023","transcription elongation factor complex","CC",13,0,0.12,1,"","","classic",1
"GO:0008076","voltage-gated potassium channel complex","CC",55,0,0.5,1,"","","classic",1
"GO:0008091","spectrin","CC",5,0,0.05,1,"","","classic",1
"GO:0008180","COP9 signalosome","CC",9,0,0.08,1,"","","classic",1
"GO:0008278","cohesin complex","CC",6,0,0.05,1,"","","classic",1
"GO:0008287",NA,"CC",21,0,0.19,1,"","","classic",1
"GO:0008290","F-actin capping protein complex","CC",5,0,0.05,1,"","","classic",1
"GO:0008303",NA,"CC",5,0,0.05,1,"","","classic",1
"GO:0008305","integrin complex","CC",44,0,0.4,1,"","","classic",1
"GO:0009331","glycerol-3-phosphate dehydrogenase complex","CC",5,0,0.05,1,"","","classic",1
"GO:0009925","basal plasma membrane","CC",7,0,0.06,1,"","","classic",1
"GO:0009986","cell surface","CC",16,0,0.15,1,"","","classic",1
"GO:0010008",NA,"CC",11,0,0.1,1,"","","classic",1
"GO:0012506",NA,"CC",47,0,0.43,1,"","","classic",1
"GO:0012507",NA,"CC",9,0,0.08,1,"","","classic",1
"GO:0012510",NA,"CC",9,0,0.08,1,"","","classic",1
"GO:0015630","microtubule cytoskeleton","CC",163,0,1.49,1,"","","classic",1
"GO:0015934","large ribosomal subunit","CC",22,0,0.2,1,"","","classic",1
"GO:0015935","small ribosomal subunit","CC",15,0,0.14,1,"","","classic",1
"GO:0016272","prefoldin complex","CC",7,0,0.06,1,"","","classic",1
"GO:0016323","basolateral plasma membrane","CC",6,0,0.05,1,"","","classic",1
"GO:0016324","apical plasma membrane","CC",11,0,0.1,1,"","","classic",1
"GO:0016471",NA,"CC",6,0,0.05,1,"","","classic",1
"GO:0016514","SWI/SNF complex","CC",16,0,0.15,1,"","","classic",1
"GO:0016528",NA,"CC",6,0,0.05,1,"","","classic",1
"GO:0016533","protein kinase 5 complex","CC",5,0,0.05,1,"","","classic",1
"GO:0016591","RNA polymerase II, holoenzyme","CC",26,0,0.24,1,"","","classic",1
"GO:0016592","mediator complex","CC",32,0,0.29,1,"","","classic",1
"GO:0019773","proteasome core complex, alpha-subunit complex","CC",10,0,0.09,1,"","","classic",1
"GO:0019866",NA,"CC",52,0,0.47,1,"","","classic",1
"GO:0022624",NA,"CC",8,0,0.07,1,"","","classic",1
"GO:0022625","cytosolic large ribosomal subunit","CC",8,0,0.07,1,"","","classic",1
"GO:0022626",NA,"CC",8,0,0.07,1,"","","classic",1
"GO:0030014","CCR4-NOT complex","CC",12,0,0.11,1,"","","classic",1
"GO:0030015","CCR4-NOT core complex","CC",5,0,0.05,1,"","","classic",1
"GO:0030018","Z disc","CC",17,0,0.16,1,"","","classic",1
"GO:0030055",NA,"CC",8,0,0.07,1,"","","classic",1
"GO:0030117","membrane coat","CC",49,0,0.45,1,"","","classic",1
"GO:0030118",NA,"CC",20,0,0.18,1,"","","classic",1
"GO:0030119","AP-type membrane coat adaptor complex","CC",18,0,0.16,1,"","","classic",1
"GO:0030120",NA,"CC",28,0,0.26,1,"","","classic",1
"GO:0030125",NA,"CC",11,0,0.1,1,"","","classic",1
"GO:0030126","COPI vesicle coat","CC",8,0,0.07,1,"","","classic",1
"GO:0030127","COPII vesicle coat","CC",9,0,0.08,1,"","","classic",1
"GO:0030130","clathrin coat of trans-Golgi network vesicle","CC",9,0,0.08,1,"","","classic",1
"GO:0030131","clathrin adaptor complex","CC",13,0,0.12,1,"","","classic",1
"GO:0030132","clathrin coat of coated pit","CC",9,0,0.08,1,"","","classic",1
"GO:0030133","transport vesicle","CC",44,0,0.4,1,"","","classic",1
"GO:0030134",NA,"CC",9,0,0.08,1,"","","classic",1
"GO:0030135",NA,"CC",36,0,0.33,1,"","","classic",1
"GO:0030136","clathrin-coated vesicle","CC",19,0,0.17,1,"","","classic",1
"GO:0030137",NA,"CC",8,0,0.07,1,"","","classic",1
"GO:0030139",NA,"CC",6,0,0.05,1,"","","classic",1
"GO:0030140","trans-Golgi network transport vesicle","CC",10,0,0.09,1,"","","classic",1
"GO:0030141","secretory granule","CC",11,0,0.1,1,"","","classic",1
"GO:0030286","dynein complex","CC",39,0,0.36,1,"","","classic",1
"GO:0030312",NA,"CC",65,0,0.59,1,"","","classic",1
"GO:0030314","junctional membrane complex","CC",5,0,0.05,1,"","","classic",1
"GO:0030424",NA,"CC",5,0,0.05,1,"","","classic",1
"GO:0030532","small nuclear ribonucleoprotein complex","CC",14,0,0.13,1,"","","classic",1
"GO:0030658",NA,"CC",18,0,0.16,1,"","","classic",1
"GO:0030659","cytoplasmic vesicle membrane","CC",47,0,0.43,1,"","","classic",1
"GO:0030660",NA,"CC",17,0,0.16,1,"","","classic",1
"GO:0030662",NA,"CC",28,0,0.26,1,"","","classic",1
"GO:0030663",NA,"CC",8,0,0.07,1,"","","classic",1
"GO:0030665",NA,"CC",11,0,0.1,1,"","","classic",1
"GO:0030667","secretory granule membrane","CC",6,0,0.05,1,"","","classic",1
"GO:0030677","ribonuclease P complex","CC",9,0,0.08,1,"","","classic",1
"GO:0030684",NA,"CC",12,0,0.11,1,"","","classic",1
"GO:0030863",NA,"CC",6,0,0.05,1,"","","classic",1
"GO:0030864","cortical actin cytoskeleton","CC",6,0,0.05,1,"","","classic",1
"GO:0030867","rough endoplasmic reticulum membrane","CC",5,0,0.05,1,"","","classic",1
"GO:0030880","RNA polymerase complex","CC",32,0,0.29,1,"","","classic",1
"GO:0031010",NA,"CC",5,0,0.05,1,"","","classic",1
"GO:0031011","Ino80 complex","CC",11,0,0.1,1,"","","classic",1
"GO:0031012","extracellular matrix","CC",65,0,0.59,1,"","","classic",1
"GO:0031252",NA,"CC",5,0,0.05,1,"","","classic",1
"GO:0031410","cytoplasmic vesicle","CC",112,0,1.02,1,"","","classic",1
"GO:0031461","cullin-RING ubiquitin ligase complex","CC",30,0,0.27,1,"","","classic",1
"GO:0031463","Cul3-RING ubiquitin ligase complex","CC",5,0,0.05,1,"","","classic",1
"GO:0031514","motile cilium","CC",6,0,0.05,1,"","","classic",1
"GO:0031519","PcG protein complex","CC",6,0,0.05,1,"","","classic",1
"GO:0031674","I band","CC",18,0,0.16,1,"","","classic",1
"GO:0031965","nuclear membrane","CC",6,0,0.05,1,"","","classic",1
"GO:0031970",NA,"CC",11,0,0.1,1,"","","classic",1
"GO:0031974",NA,"CC",168,0,1.53,1,"","","classic",1
"GO:0031981",NA,"CC",134,0,1.22,1,"","","classic",1
"GO:0031982","vesicle","CC",116,0,1.06,1,"","","classic",1
"GO:0031984",NA,"CC",84,0,0.77,1,"","","classic",1
"GO:0031985",NA,"CC",11,0,0.1,1,"","","classic",1
"GO:0032039","integrator complex","CC",7,0,0.06,1,"","","classic",1
"GO:0032040","small-subunit processome","CC",7,0,0.06,1,"","","classic",1
"GO:0032045",NA,"CC",6,0,0.05,1,"","","classic",1
"GO:0032580","Golgi cisterna membrane","CC",11,0,0.1,1,"","","classic",1
"GO:0032838",NA,"CC",18,0,0.16,1,"","","classic",1
"GO:0032993",NA,"CC",154,0,1.4,1,"","","classic",1
"GO:0033176",NA,"CC",23,0,0.21,1,"","","classic",1
"GO:0033178",NA,"CC",7,0,0.06,1,"","","classic",1
"GO:0033179","proton-transporting V-type ATPase, V0 domain","CC",16,0,0.15,1,"","","classic",1
"GO:0033180","proton-transporting V-type ATPase, V1 domain","CC",7,0,0.06,1,"","","classic",1
"GO:0033588","elongator holoenzyme complex","CC",5,0,0.05,1,"","","classic",1
"GO:0034464","BBSome","CC",7,0,0.06,1,"","","classic",1
"GO:0034702",NA,"CC",113,0,1.03,1,"","","classic",1
"GO:0034703",NA,"CC",105,0,0.96,1,"","","classic",1
"GO:0034704",NA,"CC",37,0,0.34,1,"","","classic",1
"GO:0034705",NA,"CC",55,0,0.5,1,"","","classic",1
"GO:0034706",NA,"CC",13,0,0.12,1,"","","classic",1
"GO:0034708",NA,"CC",34,0,0.31,1,"","","classic",1
"GO:0034992",NA,"CC",7,0,0.06,1,"","","classic",1
"GO:0034993","meiotic nuclear membrane microtubule tethering complex","CC",7,0,0.06,1,"","","classic",1
"GO:0035097","histone methyltransferase complex","CC",29,0,0.26,1,"","","classic",1
"GO:0035102","PRC1 complex","CC",5,0,0.05,1,"","","classic",1
"GO:0035267","NuA4 histone acetyltransferase complex","CC",13,0,0.12,1,"","","classic",1
"GO:0035770",NA,"CC",7,0,0.06,1,"","","classic",1
"GO:0035869","ciliary transition zone","CC",5,0,0.05,1,"","","classic",1
"GO:0036064","ciliary basal body","CC",9,0,0.08,1,"","","classic",1
"GO:0036452",NA,"CC",10,0,0.09,1,"","","classic",1
"GO:0036464","cytoplasmic ribonucleoprotein granule","CC",7,0,0.06,1,"","","classic",1
"GO:0038201",NA,"CC",5,0,0.05,1,"","","classic",1
"GO:0042175","nuclear outer membrane-endoplasmic reticulum membrane network","CC",57,0,0.52,1,"","","classic",1
"GO:0042555","MCM complex","CC",7,0,0.06,1,"","","classic",1
"GO:0042575",NA,"CC",6,0,0.05,1,"","","classic",1
"GO:0042611",NA,"CC",19,0,0.17,1,"","","classic",1
"GO:0042613","MHC class II protein complex","CC",17,0,0.16,1,"","","classic",1
"GO:0042765","GPI-anchor transamidase complex","CC",5,0,0.05,1,"","","classic",1
"GO:0042995",NA,"CC",72,0,0.66,1,"","","classic",1
"GO:0043005","neuron projection","CC",17,0,0.16,1,"","","classic",1
"GO:0043186","P granule","CC",5,0,0.05,1,"","","classic",1
"GO:0043189","H4/H2A histone acetyltransferase complex","CC",14,0,0.13,1,"","","classic",1
"GO:0043233",NA,"CC",168,0,1.53,1,"","","classic",1
"GO:0043235","receptor complex","CC",61,0,0.56,1,"","","classic",1
"GO:0043240","Fanconi anaemia nuclear complex","CC",10,0,0.09,1,"","","classic",1
"GO:0044391",NA,"CC",37,0,0.34,1,"","","classic",1
"GO:0044665",NA,"CC",16,0,0.15,1,"","","classic",1
"GO:0044666","MLL3/4 complex","CC",6,0,0.05,1,"","","classic",1
"GO:0044853",NA,"CC",6,0,0.05,1,"","","classic",1
"GO:0045095","keratin filament","CC",10,0,0.09,1,"","","classic",1
"GO:0045111","intermediate filament cytoskeleton","CC",41,0,0.37,1,"","","classic",1
"GO:0045121","membrane raft","CC",12,0,0.11,1,"","","classic",1
"GO:0045177",NA,"CC",11,0,0.1,1,"","","classic",1
"GO:0045178",NA,"CC",7,0,0.06,1,"","","classic",1
"GO:0045202","synapse","CC",79,0,0.72,1,"","","classic",1
"GO:0045211","postsynaptic membrane","CC",36,0,0.33,1,"","","classic",1
"GO:0045495","pole plasm","CC",7,0,0.06,1,"","","classic",1
"GO:0046540","U4/U6 x U5 tri-snRNP complex","CC",8,0,0.07,1,"","","classic",1
"GO:0046930","pore complex","CC",14,0,0.13,1,"","","classic",1
"GO:0048188","Set1C/COMPASS complex","CC",10,0,0.09,1,"","","classic",1
"GO:0048471","perinuclear region of cytoplasm","CC",14,0,0.13,1,"","","classic",1
"GO:0048475",NA,"CC",49,0,0.45,1,"","","classic",1
"GO:0048500","signal recognition particle","CC",6,0,0.05,1,"","","classic",1
"GO:0048786","presynaptic active zone","CC",8,0,0.07,1,"","","classic",1
"GO:0055029",NA,"CC",31,0,0.28,1,"","","classic",1
"GO:0060293","germ plasm","CC",6,0,0.05,1,"","","classic",1
"GO:0061617","MICOS complex","CC",8,0,0.07,1,"","","classic",1
"GO:0062023","collagen-containing extracellular matrix","CC",33,0,0.3,1,"","","classic",1
"GO:0070013",NA,"CC",168,0,1.53,1,"","","classic",1
"GO:0070187","shelterin complex","CC",5,0,0.05,1,"","","classic",1
"GO:0070382","exocytic vesicle","CC",22,0,0.2,1,"","","classic",1
"GO:0070461","SAGA-type complex","CC",10,0,0.09,1,"","","classic",1
"GO:0070603",NA,"CC",44,0,0.4,1,"","","classic",1
"GO:0070652","HAUS complex","CC",7,0,0.06,1,"","","classic",1
"GO:0070775",NA,"CC",5,0,0.05,1,"","","classic",1
"GO:0070776","MOZ/MORF histone acetyltransferase complex","CC",5,0,0.05,1,"","","classic",1
"GO:0071339","MLL1 complex","CC",16,0,0.15,1,"","","classic",1
"GO:0071564","npBAF complex","CC",5,0,0.05,1,"","","classic",1
"GO:0071565","nBAF complex","CC",9,0,0.08,1,"","","classic",1
"GO:0090575","RNA polymerase II transcription regulator complex","CC",34,0,0.31,1,"","","classic",1
"GO:0090576",NA,"CC",6,0,0.05,1,"","","classic",1
"GO:0097014",NA,"CC",18,0,0.16,1,"","","classic",1
"GO:0097060",NA,"CC",36,0,0.33,1,"","","classic",1
"GO:0097346",NA,"CC",14,0,0.13,1,"","","classic",1
"GO:0097525",NA,"CC",13,0,0.12,1,"","","classic",1
"GO:0097526",NA,"CC",8,0,0.07,1,"","","classic",1
"GO:0097708",NA,"CC",112,0,1.02,1,"","","classic",1
"GO:0097730","non-motile cilium","CC",8,0,0.07,1,"","","classic",1
"GO:0097731",NA,"CC",6,0,0.05,1,"","","classic",1
"GO:0097733",NA,"CC",6,0,0.05,1,"","","classic",1
"GO:0098590",NA,"CC",61,0,0.56,1,"","","classic",1
"GO:0098636",NA,"CC",44,0,0.4,1,"","","classic",1
"GO:0098791",NA,"CC",32,0,0.29,1,"","","classic",1
"GO:0098793","presynapse","CC",31,0,0.28,1,"","","classic",1
"GO:0098794",NA,"CC",38,0,0.35,1,"","","classic",1
"GO:0098798",NA,"CC",39,0,0.36,1,"","","classic",1
"GO:0098799",NA,"CC",8,0,0.07,1,"","","classic",1
"GO:0098800",NA,"CC",18,0,0.16,1,"","","classic",1
"GO:0098802",NA,"CC",58,0,0.53,1,"","","classic",1
"GO:0098827",NA,"CC",52,0,0.47,1,"","","classic",1
"GO:0098852",NA,"CC",8,0,0.07,1,"","","classic",1
"GO:0098857",NA,"CC",12,0,0.11,1,"","","classic",1
"GO:0099503",NA,"CC",33,0,0.3,1,"","","classic",1
"GO:0099513","polymeric cytoskeletal fiber","CC",101,0,0.92,1,"","","classic",1
"GO:0099568",NA,"CC",18,0,0.16,1,"","","classic",1
"GO:0106083",NA,"CC",7,0,0.06,1,"","","classic",1
"GO:0106094",NA,"CC",7,0,0.06,1,"","","classic",1
"GO:0120025",NA,"CC",72,0,0.66,1,"","","classic",1
"GO:0120114",NA,"CC",18,0,0.16,1,"","","classic",1
"GO:0140445",NA,"CC",7,0,0.06,1,"","","classic",1
"GO:0140534",NA,"CC",22,0,0.2,1,"","","classic",1
"GO:1902555",NA,"CC",14,0,0.13,1,"","","classic",1
"GO:1903293",NA,"CC",21,0,0.19,1,"","","classic",1
"GO:1904949",NA,"CC",67,0,0.61,1,"","","classic",1
"GO:1905348",NA,"CC",15,0,0.14,1,"","","classic",1
"GO:1905354",NA,"CC",9,0,0.08,1,"","","classic",1
"GO:1905368",NA,"CC",61,0,0.56,1,"","","classic",1
"GO:1905369",NA,"CC",52,0,0.47,1,"","","classic",1
"GO:1990904","ribonucleoprotein complex","CC",116,0,1.06,1,"","","classic",1
