"Ontology","GO.ID","Term_full","P_weight01","Significant","Annotated","Expected","Gene_symbols","P_classic","FDR_classic"
"BP","GO:0072378","blood coagulation, fibrin clot formation",0.00173573030912532,2,11,0.06,"F13A1, ENSCHAG00000003862",0.00173573030912532,1
"BP","GO:0018149","peptide cross-linking",0.00579923498480671,2,20,0.12,"F13A1, ENSCHAG00000003862",0.00579923498480671,1
"BP","GO:0045475","locomotor rhythm",0.0284530700671989,1,5,0.03,"nr1d1",0.0284530700671989,1
"BP","GO:0015919",NA,0.0284530700671989,1,5,0.03,"pex26",0.0284530700671989,1
"BP","GO:0042446",NA,0.0284530700671989,1,5,0.03,"RDH8",0.0284530700671989,1
"BP","GO:0072663",NA,0.0284530700671989,1,5,0.03,"pex26",0.0284530700671989,1
"BP","GO:0051014","actin filament severing",0.0284530700671989,1,5,0.03,"scinla",0.0284530700671989,1
"BP","GO:0086001","cardiac muscle cell action potential",0.0340472299421986,1,6,0.03,"atp1b1a",0.0340472299421986,1
"BP","GO:0090114","COPII-coated vesicle budding",0.0340472299421986,1,6,0.03,"sec16b",0.0340472299421986,1
"BP","GO:0120178",NA,0.0396096567229354,1,7,0.04,"RDH8",0.0396096567229354,1
"BP","GO:0060897",NA,0.0396096567229354,1,7,0.04,"fzd8a",0.0396096567229354,1
"BP","GO:0006188",NA,0.0396096567229354,1,7,0.04,"pfas",0.0396096567229354,1
"BP","GO:0000086","G2/M transition of mitotic cell cycle",0.0396096567229354,1,7,0.04,"foxm1",0.0396096567229354,1
"BP","GO:0071907","determination of digestive tract left/right asymmetry",0.0396096567229354,1,7,0.04,"gpr22a",0.0396096567229354,1
"BP","GO:0010212","response to ionizing radiation",0.0396096567229354,1,7,0.04,"zmp:0000000711",0.0396096567229354,1
"BP","GO:0072376",NA,NA,NA,NA,NA,NA,0.00173573030912532,1
"BP","GO:0044770",NA,NA,NA,NA,NA,NA,0.00231797095401759,1
"BP","GO:0006164",NA,NA,NA,NA,NA,NA,0.00915997084798005,1
"BP","GO:0000075",NA,NA,NA,NA,NA,NA,0.0136275650684379,1
"BP","GO:0033993",NA,NA,NA,NA,NA,NA,0.0144825926932041,1
"BP","GO:1901988",NA,NA,NA,NA,NA,NA,0.0144825926932041,1
"BP","GO:0009117",NA,NA,NA,NA,NA,NA,0.0168196049696484,1
"BP","GO:0072522",NA,NA,NA,NA,NA,NA,0.0168339438020872,1
"BP","GO:0010948",NA,NA,NA,NA,NA,NA,0.019091747086628,1
"BP","GO:0009165",NA,NA,NA,NA,NA,NA,0.0214158668268137,1
"BP","GO:1901987",NA,NA,NA,NA,NA,NA,0.0221145589586651,1
"BP","GO:0043574",NA,NA,NA,NA,NA,NA,0.0284530700671989,1
"BP","GO:0072662",NA,NA,NA,NA,NA,NA,0.0284530700671989,1
"BP","GO:0045786",NA,NA,NA,NA,NA,NA,0.0298718309508178,1
"BP","GO:0006753",NA,NA,NA,NA,NA,NA,0.0307288970905228,1
"BP","GO:1901293",NA,NA,NA,NA,NA,NA,0.0331163255277216,1
"BP","GO:0006900",NA,NA,NA,NA,NA,NA,0.0340472299421986,1
"BP","GO:0090407",NA,NA,NA,NA,NA,NA,0.0356581751958933,1
"BP","GO:0006163",NA,NA,NA,NA,NA,NA,0.0366499736091533,1
"BP","GO:0007596",NA,NA,NA,NA,NA,NA,0.0385444583314791,1
"BP","GO:0046040",NA,NA,NA,NA,NA,NA,0.0396096567229354,1
"BP","GO:0060896",NA,NA,NA,NA,NA,NA,0.0396096567229354,1
"BP","GO:0016192",NA,NA,NA,NA,NA,NA,0.0411001248443686,1
"BP","GO:0007599",NA,NA,NA,NA,NA,NA,0.041178818089796,1
"BP","GO:0009152",NA,NA,NA,NA,NA,NA,0.0425209057080846,1
"BP","GO:0048193",NA,NA,NA,NA,NA,NA,0.0438792939940807,1
"BP","GO:0050817",NA,NA,NA,NA,NA,NA,0.0438792939940807,1
"BP","GO:0055086",NA,NA,NA,NA,NA,NA,0.0444507154940699,1
"BP","GO:0006903",NA,NA,NA,NA,NA,NA,0.0451405277045036,1
"BP","GO:0048382",NA,NA,NA,NA,NA,NA,0.0451405277045036,1
"BP","GO:0009260",NA,NA,NA,NA,NA,NA,0.0480500142164571,1
"BP","GO:0046390",NA,NA,NA,NA,NA,NA,0.0480500142164571,1
"BP","GO:0050878",NA,NA,NA,NA,NA,NA,0.0480500142164571,1
"BP","GO:0042060",NA,NA,NA,NA,NA,NA,0.0494713664252093,1
"BP","GO:0009084",NA,NA,NA,NA,NA,NA,0.0506400192065922,1
"BP","GO:0006914",NA,NA,NA,NA,NA,NA,0.0523594281974798,1
"BP","GO:0061919",NA,NA,NA,NA,NA,NA,0.0523594281974798,1
"BP","GO:0051726",NA,NA,NA,NA,NA,NA,0.0543868242286101,1
"BP","GO:0007498",NA,NA,NA,NA,NA,NA,0.0553065356646423,1
"BP","GO:0016579",NA,NA,NA,NA,NA,NA,0.0553065356646423,1
"BP","GO:0007031",NA,NA,NA,NA,NA,NA,0.0561083065787692,1
"BP","GO:0007606",NA,NA,NA,NA,NA,NA,0.0561083065787692,1
"BP","GO:0009435",NA,NA,NA,NA,NA,NA,0.0561083065787692,1
"BP","GO:0035088",NA,NA,NA,NA,NA,NA,0.0561083065787692,1
"BP","GO:0042752",NA,NA,NA,NA,NA,NA,0.0561083065787692,1
"BP","GO:0043588",NA,NA,NA,NA,NA,NA,0.0561083065787692,1
"BP","GO:0044839",NA,NA,NA,NA,NA,NA,0.0561083065787692,1
"BP","GO:0045197",NA,NA,NA,NA,NA,NA,0.0561083065787692,1
"BP","GO:0061245",NA,NA,NA,NA,NA,NA,0.0561083065787692,1
"BP","GO:0065008",NA,NA,NA,NA,NA,NA,0.0570031536906393,1
"BP","GO:0030163",NA,NA,NA,NA,NA,NA,0.0598240917365896,1
"BP","GO:0006541",NA,NA,NA,NA,NA,NA,0.061545564205733,1
"BP","GO:0009126",NA,NA,NA,NA,NA,NA,0.061545564205733,1
"BP","GO:0009127",NA,NA,NA,NA,NA,NA,0.061545564205733,1
"BP","GO:0009167",NA,NA,NA,NA,NA,NA,0.061545564205733,1
"BP","GO:0009168",NA,NA,NA,NA,NA,NA,0.061545564205733,1
"BP","GO:0020027",NA,NA,NA,NA,NA,NA,0.061545564205733,1
"BP","GO:0042541",NA,NA,NA,NA,NA,NA,0.061545564205733,1
"BP","GO:0051607",NA,NA,NA,NA,NA,NA,0.061545564205733,1
"BP","GO:0071478",NA,NA,NA,NA,NA,NA,0.061545564205733,1
"BP","GO:0070646",NA,NA,NA,NA,NA,NA,0.0644853784255141,1
"BP","GO:0072521",NA,NA,NA,NA,NA,NA,0.065508246841857,1
"BP","GO:0019359",NA,NA,NA,NA,NA,NA,0.0669519655125446,1
"BP","GO:0019363",NA,NA,NA,NA,NA,NA,0.0669519655125446,1
"BP","GO:0032922",NA,NA,NA,NA,NA,NA,0.0669519655125446,1
"BP","GO:0048545",NA,NA,NA,NA,NA,NA,0.0669519655125446,1
"BP","GO:0071214",NA,NA,NA,NA,NA,NA,0.0669519655125446,1
"BP","GO:0104004",NA,NA,NA,NA,NA,NA,0.0669519655125446,1
"BP","GO:0009725",NA,NA,NA,NA,NA,NA,0.0676520630351029,1
"BP","GO:0010564",NA,NA,NA,NA,NA,NA,0.0676520630351029,1
"BP","GO:0065007",NA,NA,NA,NA,NA,NA,0.0683337677824298,1
"BP","GO:0001508",NA,NA,NA,NA,NA,NA,0.0723276829698203,1
"BP","GO:0006779",NA,NA,NA,NA,NA,NA,0.0723276829698203,1
"BP","GO:0007622",NA,NA,NA,NA,NA,NA,0.0723276829698203,1
"BP","GO:0019674",NA,NA,NA,NA,NA,NA,0.0723276829698203,1
"BP","GO:0021872",NA,NA,NA,NA,NA,NA,0.0723276829698203,1
"BP","GO:0021879",NA,NA,NA,NA,NA,NA,0.0723276829698203,1
"BP","GO:0048512",NA,NA,NA,NA,NA,NA,0.0723276829698203,1
"BP","GO:0071910",NA,NA,NA,NA,NA,NA,0.0723276829698203,1
"BP","GO:0007049",NA,NA,NA,NA,NA,NA,0.0743586317152462,1
"BP","GO:0009156",NA,NA,NA,NA,NA,NA,0.077672888098907,1
"BP","GO:0009161",NA,NA,NA,NA,NA,NA,0.077672888098907,1
"BP","GO:0050795",NA,NA,NA,NA,NA,NA,0.077672888098907,1
"BP","GO:0051016",NA,NA,NA,NA,NA,NA,0.077672888098907,1
"BP","GO:0006793",NA,NA,NA,NA,NA,NA,0.077755245059262,1
"BP","GO:0006796",NA,NA,NA,NA,NA,NA,0.077755245059262,1
"BP","GO:0019637",NA,NA,NA,NA,NA,NA,0.0786224572425396,1
"BP","GO:0000077",NA,NA,NA,NA,NA,NA,0.0829877514770249,1
"BP","GO:0003140",NA,NA,NA,NA,NA,NA,0.0829877514770249,1
"BP","GO:0060788",NA,NA,NA,NA,NA,NA,0.0829877514770249,1
"BP","GO:0006754",NA,NA,NA,NA,NA,NA,0.0882724427423819,1
"BP","GO:0009124",NA,NA,NA,NA,NA,NA,0.0882724427423819,1
"BP","GO:0015986",NA,NA,NA,NA,NA,NA,0.0882724427423819,1
"BP","GO:0048015",NA,NA,NA,NA,NA,NA,0.0882724427423819,1
"BP","GO:0048368",NA,NA,NA,NA,NA,NA,0.0882724427423819,1
"BP","GO:0072525",NA,NA,NA,NA,NA,NA,0.0882724427423819,1
"BP","GO:0022402",NA,NA,NA,NA,NA,NA,0.0928325945586221,1
"BP","GO:0009123",NA,NA,NA,NA,NA,NA,0.0935271305992648,1
"BP","GO:0031570",NA,NA,NA,NA,NA,NA,0.0935271305992648,1
"BP","GO:0033014",NA,NA,NA,NA,NA,NA,0.0935271305992648,1
"BP","GO:0009611",NA,NA,NA,NA,NA,NA,0.0982626114913735,1
"BP","GO:0030593",NA,NA,NA,NA,NA,NA,0.0987519828230988,1
"BP","GO:0071697",NA,NA,NA,NA,NA,NA,0.0987519828230988,1
"BP","GO:0034654",NA,NA,NA,NA,NA,NA,0.101105476344965,1
"BP","GO:1903047",NA,NA,NA,NA,NA,NA,0.101871925571197,1
"BP","GO:0009615",NA,NA,NA,NA,NA,NA,0.103947166265485,1
"BP","GO:0031667",NA,NA,NA,NA,NA,NA,0.103947166265485,1
"BP","GO:0042770",NA,NA,NA,NA,NA,NA,0.103947166265485,1
"BP","GO:0071621",NA,NA,NA,NA,NA,NA,0.103947166265485,1
"BP","GO:0006950",NA,NA,NA,NA,NA,NA,0.108335619051593,1
"BP","GO:0006778",NA,NA,NA,NA,NA,NA,0.109112846859205,1
"BP","GO:0007093",NA,NA,NA,NA,NA,NA,0.109112846859205,1
"BP","GO:0042391",NA,NA,NA,NA,NA,NA,0.109112846859205,1
"BP","GO:0009150",NA,NA,NA,NA,NA,NA,0.109199200163081,1
"BP","GO:0051693",NA,NA,NA,NA,NA,NA,0.114249189623204,1
"BP","GO:1990266",NA,NA,NA,NA,NA,NA,0.114249189623204,1
"BP","GO:0009259",NA,NA,NA,NA,NA,NA,0.1166628896104,1
"BP","GO:0019693",NA,NA,NA,NA,NA,NA,0.1166628896104,1
"BP","GO:0098542",NA,NA,NA,NA,NA,NA,0.118548969269481,1
"BP","GO:0039021",NA,NA,NA,NA,NA,NA,0.119356358667544,1
"BP","GO:0097530",NA,NA,NA,NA,NA,NA,0.119356358667544,1
"BP","GO:0170034",NA,NA,NA,NA,NA,NA,0.119356358667544,1
"BP","GO:0009058",NA,NA,NA,NA,NA,NA,0.121847386222898,1
"BP","GO:0090150",NA,NA,NA,NA,NA,NA,0.124434517198337,1
"BP","GO:0050896",NA,NA,NA,NA,NA,NA,0.128010500115811,1
"BP","GO:0009056",NA,NA,NA,NA,NA,NA,0.128147741484403,1
"BP","GO:0006694",NA,NA,NA,NA,NA,NA,0.129483827522636,1
"BP","GO:0009064",NA,NA,NA,NA,NA,NA,0.129483827522636,1
"BP","GO:0009145",NA,NA,NA,NA,NA,NA,0.129483827522636,1
"BP","GO:0009206",NA,NA,NA,NA,NA,NA,0.129483827522636,1
"BP","GO:0016050",NA,NA,NA,NA,NA,NA,0.129483827522636,1
"BP","GO:0048484",NA,NA,NA,NA,NA,NA,0.129483827522636,1
"BP","GO:0009057",NA,NA,NA,NA,NA,NA,0.130492811046434,1
"BP","GO:0007165",NA,NA,NA,NA,NA,NA,0.131236292517883,1
"BP","GO:0030834",NA,NA,NA,NA,NA,NA,0.134504451053323,1
"BP","GO:0030835",NA,NA,NA,NA,NA,NA,0.134504451053323,1
"BP","GO:0033013",NA,NA,NA,NA,NA,NA,0.134504451053323,1
"BP","GO:0046854",NA,NA,NA,NA,NA,NA,0.134504451053323,1
"BP","GO:0060900",NA,NA,NA,NA,NA,NA,0.134504451053323,1
"BP","GO:0071696",NA,NA,NA,NA,NA,NA,0.134504451053323,1
"BP","GO:0009201",NA,NA,NA,NA,NA,NA,0.139496548313948,1
"BP","GO:0043242",NA,NA,NA,NA,NA,NA,0.139496548313948,1
"BP","GO:1901880",NA,NA,NA,NA,NA,NA,0.139496548313948,1
"BP","GO:0000122",NA,NA,NA,NA,NA,NA,0.144460278943562,1
"BP","GO:0009142",NA,NA,NA,NA,NA,NA,0.144460278943562,1
"BP","GO:0170038",NA,NA,NA,NA,NA,NA,0.144460278943562,1
"BP","GO:0006511",NA,NA,NA,NA,NA,NA,0.145703470501446,1
"BP","GO:0019941",NA,NA,NA,NA,NA,NA,0.145703470501446,1
"BP","GO:0043632",NA,NA,NA,NA,NA,NA,0.145703470501446,1
"BP","GO:0050794",NA,NA,NA,NA,NA,NA,0.145878746506101,1
"BP","GO:0006888",NA,NA,NA,NA,NA,NA,0.149395801701508,1
"BP","GO:0030595",NA,NA,NA,NA,NA,NA,0.149395801701508,1
"BP","GO:0048709",NA,NA,NA,NA,NA,NA,0.149395801701508,1
"BP","GO:0097529",NA,NA,NA,NA,NA,NA,0.149395801701508,1
"BP","GO:1901879",NA,NA,NA,NA,NA,NA,0.149395801701508,1
"BP","GO:0006470",NA,NA,NA,NA,NA,NA,0.151683062235524,1
"BP","GO:0030837",NA,NA,NA,NA,NA,NA,0.154303274472196,1
"BP","GO:0031333",NA,NA,NA,NA,NA,NA,0.154303274472196,1
"BP","GO:0032272",NA,NA,NA,NA,NA,NA,0.154303274472196,1
"BP","GO:0044772",NA,NA,NA,NA,NA,NA,0.154303274472196,1
"BP","GO:1901607",NA,NA,NA,NA,NA,NA,0.154303274472196,1
"BP","GO:0039019",NA,NA,NA,NA,NA,NA,0.159182854269851,1
"BP","GO:0042445",NA,NA,NA,NA,NA,NA,0.159182854269851,1
"BP","GO:0060326",NA,NA,NA,NA,NA,NA,0.159182854269851,1
"BP","GO:0036211",NA,NA,NA,NA,NA,NA,0.160814586791679,1
"BP","GO:0050789",NA,NA,NA,NA,NA,NA,0.163719272502559,1
"BP","GO:0006874",NA,NA,NA,NA,NA,NA,0.164034697243231,1
"BP","GO:0007163",NA,NA,NA,NA,NA,NA,0.164034697243231,1
"BP","GO:0021515",NA,NA,NA,NA,NA,NA,0.164034697243231,1
"BP","GO:0045930",NA,NA,NA,NA,NA,NA,0.164034697243231,1
"BP","GO:0048483",NA,NA,NA,NA,NA,NA,0.168858958680329,1
"BP","GO:0072657",NA,NA,NA,NA,NA,NA,0.168858958680329,1
"BP","GO:0051604",NA,NA,NA,NA,NA,NA,0.171948989848256,1
"BP","GO:0023052",NA,NA,NA,NA,NA,NA,0.173163610763663,1
"BP","GO:0030042",NA,NA,NA,NA,NA,NA,0.173655793013037,1
"BP","GO:0045010",NA,NA,NA,NA,NA,NA,0.173655793013037,1
"BP","GO:0000278",NA,NA,NA,NA,NA,NA,0.174000734572865,1
"BP","GO:0007188",NA,NA,NA,NA,NA,NA,0.178425353821801,1
"BP","GO:0048596",NA,NA,NA,NA,NA,NA,0.178425353821801,1
"BP","GO:0051716",NA,NA,NA,NA,NA,NA,0.178445187191597,1
"BP","GO:0008652",NA,NA,NA,NA,NA,NA,0.183167793840233,1
"BP","GO:0043244",NA,NA,NA,NA,NA,NA,0.183167793840233,1
"BP","GO:0044281",NA,NA,NA,NA,NA,NA,0.186946513951198,1
"BP","GO:0050900",NA,NA,NA,NA,NA,NA,0.187883264959715,1
"BP","GO:0051261",NA,NA,NA,NA,NA,NA,0.187883264959715,1
"BP","GO:1902600",NA,NA,NA,NA,NA,NA,0.187883264959715,1
"BP","GO:0051603",NA,NA,NA,NA,NA,NA,0.18847169711703,1
"BP","GO:0042742",NA,NA,NA,NA,NA,NA,0.192571918233967,1
"BP","GO:0048048",NA,NA,NA,NA,NA,NA,0.192571918233967,1
"BP","GO:1902904",NA,NA,NA,NA,NA,NA,0.192571918233967,1
"BP","GO:0051494",NA,NA,NA,NA,NA,NA,0.197233903883599,1
"BP","GO:0007154",NA,NA,NA,NA,NA,NA,0.199076692098931,1
"BP","GO:0007156",NA,NA,NA,NA,NA,NA,0.201007170965302,1
"BP","GO:0043207",NA,NA,NA,NA,NA,NA,0.201007170965302,1
"BP","GO:0051707",NA,NA,NA,NA,NA,NA,0.201007170965302,1
"BP","GO:0031076",NA,NA,NA,NA,NA,NA,0.201869371300629,1
"BP","GO:0032835",NA,NA,NA,NA,NA,NA,0.201869371300629,1
"BP","GO:0009607",NA,NA,NA,NA,NA,NA,0.2031065438165,1
"BP","GO:0043412",NA,NA,NA,NA,NA,NA,0.203663404418117,1
"BP","GO:0006139",NA,NA,NA,NA,NA,NA,0.206163682448248,1
"BP","GO:0051650",NA,NA,NA,NA,NA,NA,0.206478469052987,1
"BP","GO:0007492",NA,NA,NA,NA,NA,NA,0.211061344888988,1
"BP","GO:0007623",NA,NA,NA,NA,NA,NA,0.211061344888988,1
"BP","GO:0021510",NA,NA,NA,NA,NA,NA,0.211061344888988,1
"BP","GO:0055074",NA,NA,NA,NA,NA,NA,0.211061344888988,1
"BP","GO:0051648",NA,NA,NA,NA,NA,NA,0.215618145741784,1
"BP","GO:0051668",NA,NA,NA,NA,NA,NA,0.215618145741784,1
"BP","GO:0098742",NA,NA,NA,NA,NA,NA,0.215754545365396,1
"BP","GO:0007169",NA,NA,NA,NA,NA,NA,0.219987982856138,1
"BP","GO:0044419",NA,NA,NA,NA,NA,NA,0.219987982856138,1
"BP","GO:0006661",NA,NA,NA,NA,NA,NA,0.220149017733792,1
"BP","GO:0030833",NA,NA,NA,NA,NA,NA,0.220149017733792,1
"BP","GO:0032271",NA,NA,NA,NA,NA,NA,0.220149017733792,1
"BP","GO:0048511",NA,NA,NA,NA,NA,NA,0.220149017733792,1
"BP","GO:0016311",NA,NA,NA,NA,NA,NA,0.22210755403159,1
"BP","GO:0001932",NA,NA,NA,NA,NA,NA,0.224654106181096,1
"BP","GO:0043254",NA,NA,NA,NA,NA,NA,0.224654106181096,1
"BP","GO:0008202",NA,NA,NA,NA,NA,NA,0.22913355559783,1
"BP","GO:0007005",NA,NA,NA,NA,NA,NA,0.233587509700534,1
"BP","GO:0008064",NA,NA,NA,NA,NA,NA,0.238016111412484,1
"BP","GO:0010817",NA,NA,NA,NA,NA,NA,0.238016111412484,1
"BP","GO:0030832",NA,NA,NA,NA,NA,NA,0.238016111412484,1
"BP","GO:0070121",NA,NA,NA,NA,NA,NA,0.238016111412484,1
"BP","GO:0006814",NA,NA,NA,NA,NA,NA,0.24241950286801,1
"BP","GO:0006936",NA,NA,NA,NA,NA,NA,0.246797825416775,1
"BP","GO:0010001",NA,NA,NA,NA,NA,NA,0.246797825416775,1
"BP","GO:0030041",NA,NA,NA,NA,NA,NA,0.246797825416775,1
"BP","GO:0035556",NA,NA,NA,NA,NA,NA,0.250577455772928,1
"BP","GO:0042325",NA,NA,NA,NA,NA,NA,0.251151219628049,1
"BP","GO:0098662",NA,NA,NA,NA,NA,NA,0.251929309590598,1
"BP","GO:0072006",NA,NA,NA,NA,NA,NA,0.255479825294939,1
"BP","GO:0010639",NA,NA,NA,NA,NA,NA,0.259783781438617,1
"BP","GO:0019362",NA,NA,NA,NA,NA,NA,0.259783781438617,1
"BP","GO:0042063",NA,NA,NA,NA,NA,NA,0.259783781438617,1
"BP","GO:0046474",NA,NA,NA,NA,NA,NA,0.259783781438617,1
"BP","GO:0046496",NA,NA,NA,NA,NA,NA,0.259783781438617,1
"BP","GO:0006396",NA,NA,NA,NA,NA,NA,0.262602708631779,1
"BP","GO:0009605",NA,NA,NA,NA,NA,NA,0.264162473975114,1
"BP","GO:0008610",NA,NA,NA,NA,NA,NA,0.266899498570515,1
"BP","GO:0003012",NA,NA,NA,NA,NA,NA,0.268318297406498,1
"BP","GO:0006873",NA,NA,NA,NA,NA,NA,0.268318297406498,1
"BP","GO:0006887",NA,NA,NA,NA,NA,NA,0.268318297406498,1
"BP","GO:0030003",NA,NA,NA,NA,NA,NA,0.268318297406498,1
"BP","GO:0032984",NA,NA,NA,NA,NA,NA,0.268318297406498,1
"BP","GO:0072594",NA,NA,NA,NA,NA,NA,0.268318297406498,1
"BP","GO:0042221",NA,NA,NA,NA,NA,NA,0.268849208039884,1
"BP","GO:0008033",NA,NA,NA,NA,NA,NA,0.27254913145101,1
"BP","GO:0030239",NA,NA,NA,NA,NA,NA,0.27254913145101,1
"BP","GO:0031399",NA,NA,NA,NA,NA,NA,0.27254913145101,1
"BP","GO:0046034",NA,NA,NA,NA,NA,NA,0.27254913145101,1
"BP","GO:0170033",NA,NA,NA,NA,NA,NA,0.27254913145101,1
"BP","GO:0006952",NA,NA,NA,NA,NA,NA,0.273318220257085,1
"BP","GO:0070647",NA,NA,NA,NA,NA,NA,0.275457661221177,1
"BP","GO:0046907",NA,NA,NA,NA,NA,NA,0.27668329787,1
"BP","GO:0019220",NA,NA,NA,NA,NA,NA,0.276755864421214,1
"BP","GO:0045017",NA,NA,NA,NA,NA,NA,0.276755864421214,1
"BP","GO:0051174",NA,NA,NA,NA,NA,NA,0.276755864421214,1
"BP","GO:0072524",NA,NA,NA,NA,NA,NA,0.276755864421214,1
"BP","GO:0043687",NA,NA,NA,NA,NA,NA,0.277596920773272,1
"BP","GO:0098655",NA,NA,NA,NA,NA,NA,0.277596920773272,1
"BP","GO:0098660",NA,NA,NA,NA,NA,NA,0.277596920773272,1
"BP","GO:0010927",NA,NA,NA,NA,NA,NA,0.280938631541092,1
"BP","GO:0032989",NA,NA,NA,NA,NA,NA,0.280938631541092,1
"BP","GO:0060070",NA,NA,NA,NA,NA,NA,0.280938631541092,1
"BP","GO:0032774",NA,NA,NA,NA,NA,NA,0.281127856268769,1
"BP","GO:0006974",NA,NA,NA,NA,NA,NA,0.284012936669991,1
"BP","GO:0007346",NA,NA,NA,NA,NA,NA,0.28509756728753,1
"BP","GO:0141187",NA,NA,NA,NA,NA,NA,0.289079925434703,1
"BP","GO:0051129",NA,NA,NA,NA,NA,NA,0.289232805394388,1
"BP","GO:0003002",NA,NA,NA,NA,NA,NA,0.289268545088954,1
"BP","GO:0022411",NA,NA,NA,NA,NA,NA,0.293344478856534,1
"BP","GO:0006886",NA,NA,NA,NA,NA,NA,0.294696487872182,1
"BP","GO:0009617",NA,NA,NA,NA,NA,NA,0.297432719933869,1
"BP","GO:0051258",NA,NA,NA,NA,NA,NA,0.297432719933869,1
"BP","GO:0007389",NA,NA,NA,NA,NA,NA,0.300321060978027,1
"BP","GO:0008544",NA,NA,NA,NA,NA,NA,0.301497660155322,1
"BP","GO:0110053",NA,NA,NA,NA,NA,NA,0.301497660155322,1
"BP","GO:0170039",NA,NA,NA,NA,NA,NA,0.301497660155322,1
"BP","GO:0009144",NA,NA,NA,NA,NA,NA,0.305539430322832,1
"BP","GO:0009205",NA,NA,NA,NA,NA,NA,0.305539430322832,1
"BP","GO:0006996",NA,NA,NA,NA,NA,NA,0.306056770533134,1
"BP","GO:0007626",NA,NA,NA,NA,NA,NA,0.309558160515298,1
"BP","GO:0048565",NA,NA,NA,NA,NA,NA,0.309558160515298,1
"BP","GO:0055082",NA,NA,NA,NA,NA,NA,0.309558160515298,1
"BP","GO:0009199",NA,NA,NA,NA,NA,NA,0.313553980092517,1
"BP","GO:0006897",NA,NA,NA,NA,NA,NA,0.3175270176991,1
"BP","GO:0051656",NA,NA,NA,NA,NA,NA,0.3175270176991,1
"BP","GO:1902903",NA,NA,NA,NA,NA,NA,0.3175270176991,1
"BP","GO:0008654",NA,NA,NA,NA,NA,NA,0.321477401268358,1
"BP","GO:0009141",NA,NA,NA,NA,NA,NA,0.321477401268358,1
"BP","GO:0045087",NA,NA,NA,NA,NA,NA,0.321477401268358,1
"BP","GO:0098657",NA,NA,NA,NA,NA,NA,0.321477401268358,1
"BP","GO:0140546",NA,NA,NA,NA,NA,NA,0.321477401268358,1
"BP","GO:0009719",NA,NA,NA,NA,NA,NA,0.326603184800535,1
"BP","GO:0061061",NA,NA,NA,NA,NA,NA,0.328719425316732,1
"BP","GO:0033365",NA,NA,NA,NA,NA,NA,0.329310714494877,1
"BP","GO:0007166",NA,NA,NA,NA,NA,NA,0.332832133528373,1
"BP","GO:0098609",NA,NA,NA,NA,NA,NA,0.332946870830337,1
"BP","GO:0008154",NA,NA,NA,NA,NA,NA,0.333193896497024,1
"BP","GO:1901605",NA,NA,NA,NA,NA,NA,0.333193896497024,1
"BP","GO:0006355",NA,NA,NA,NA,NA,NA,0.334216787770486,1
"BP","GO:2001141",NA,NA,NA,NA,NA,NA,0.33510562809163,1
"BP","GO:0021953",NA,NA,NA,NA,NA,NA,0.337054929159258,1
"BP","GO:0007219",NA,NA,NA,NA,NA,NA,0.340893936916071,1
"BP","GO:0098771",NA,NA,NA,NA,NA,NA,0.340893936916071,1
"BP","GO:0031032",NA,NA,NA,NA,NA,NA,0.344711043513583,1
"BP","GO:0006810",NA,NA,NA,NA,NA,NA,0.344962819139971,1
"BP","GO:0032956",NA,NA,NA,NA,NA,NA,0.348506372013289,1
"BP","GO:0032970",NA,NA,NA,NA,NA,NA,0.348506372013289,1
"BP","GO:0080090",NA,NA,NA,NA,NA,NA,0.352650786675765,1
"BP","GO:0002244",NA,NA,NA,NA,NA,NA,0.356032183564474,1
"BP","GO:0045165",NA,NA,NA,NA,NA,NA,0.356032183564474,1
"BP","GO:0046394",NA,NA,NA,NA,NA,NA,0.356032183564474,1
"BP","GO:0016070",NA,NA,NA,NA,NA,NA,0.357240784738848,1
"BP","GO:0006935",NA,NA,NA,NA,NA,NA,0.359762909349271,1
"BP","GO:0016053",NA,NA,NA,NA,NA,NA,0.359762909349271,1
"BP","GO:0042330",NA,NA,NA,NA,NA,NA,0.359762909349271,1
"BP","GO:0097435",NA,NA,NA,NA,NA,NA,0.366480989821928,1
"BP","GO:0051640",NA,NA,NA,NA,NA,NA,0.367160602741319,1
"BP","GO:0051252",NA,NA,NA,NA,NA,NA,0.367365023683783,1
"BP","GO:0051649",NA,NA,NA,NA,NA,NA,0.370029133245729,1
"BP","GO:0051234",NA,NA,NA,NA,NA,NA,0.370765989936861,1
"BP","GO:0009953",NA,NA,NA,NA,NA,NA,0.370827809073816,1
"BP","GO:0010467",NA,NA,NA,NA,NA,NA,0.381592814727468,1
"BP","GO:0009314",NA,NA,NA,NA,NA,NA,0.381704285130801,1
"BP","GO:0046488",NA,NA,NA,NA,NA,NA,0.381704285130801,1
"BP","GO:0055080",NA,NA,NA,NA,NA,NA,0.381704285130801,1
"BP","GO:0019219",NA,NA,NA,NA,NA,NA,0.382734639896499,1
"BP","GO:0044238",NA,NA,NA,NA,NA,NA,0.384117105917143,1
"BP","GO:0001947",NA,NA,NA,NA,NA,NA,0.385288453057452,1
"BP","GO:0030900",NA,NA,NA,NA,NA,NA,0.388852152429708,1
"BP","GO:0032535",NA,NA,NA,NA,NA,NA,0.388852152429708,1
"BP","GO:0044087",NA,NA,NA,NA,NA,NA,0.388852152429708,1
"BP","GO:0048793",NA,NA,NA,NA,NA,NA,0.388852152429708,1
"BP","GO:0009059",NA,NA,NA,NA,NA,NA,0.390079831026563,1
"BP","GO:0070588",NA,NA,NA,NA,NA,NA,0.392395498378757,1
"BP","GO:1901137",NA,NA,NA,NA,NA,NA,0.401414777648516,1
"BP","GO:0032940",NA,NA,NA,NA,NA,NA,0.40290455745421,1
"BP","GO:0051179",NA,NA,NA,NA,NA,NA,0.403640825483336,1
"BP","GO:0002376",NA,NA,NA,NA,NA,NA,0.406143640090508,1
"BP","GO:0050801",NA,NA,NA,NA,NA,NA,0.406367628320775,1
"BP","GO:0060255",NA,NA,NA,NA,NA,NA,0.408955511061721,1
"BP","GO:0019725",NA,NA,NA,NA,NA,NA,0.409810911924144,1
"BP","GO:0055123",NA,NA,NA,NA,NA,NA,0.409810911924144,1
"BP","GO:0061024",NA,NA,NA,NA,NA,NA,0.409810911924144,1
"BP","GO:0140352",NA,NA,NA,NA,NA,NA,0.409810911924144,1
"BP","GO:0033554",NA,NA,NA,NA,NA,NA,0.411526758202524,1
"BP","GO:0006955",NA,NA,NA,NA,NA,NA,0.415549021619958,1
"BP","GO:0007167",NA,NA,NA,NA,NA,NA,0.415549021619958,1
"BP","GO:0048523",NA,NA,NA,NA,NA,NA,0.417069444768642,1
"BP","GO:0070925",NA,NA,NA,NA,NA,NA,0.419558055723734,1
"BP","GO:0003143",NA,NA,NA,NA,NA,NA,0.420023149641876,1
"BP","GO:0006399",NA,NA,NA,NA,NA,NA,0.420023149641876,1
"BP","GO:0045892",NA,NA,NA,NA,NA,NA,0.420023149641876,1
"BP","GO:1902679",NA,NA,NA,NA,NA,NA,0.420023149641876,1
"BP","GO:0030036",NA,NA,NA,NA,NA,NA,0.421557540395361,1
"BP","GO:0051253",NA,NA,NA,NA,NA,NA,0.423388391607234,1
"BP","GO:0001889",NA,NA,NA,NA,NA,NA,0.426734396956473,1
"BP","GO:0055002",NA,NA,NA,NA,NA,NA,0.426734396956473,1
"BP","GO:0030029",NA,NA,NA,NA,NA,NA,0.429521285864719,1
"BP","GO:0006650",NA,NA,NA,NA,NA,NA,0.430061273994491,1
"BP","GO:0051493",NA,NA,NA,NA,NA,NA,0.430061273994491,1
"BP","GO:0061008",NA,NA,NA,NA,NA,NA,0.430061273994491,1
"BP","GO:0140694",NA,NA,NA,NA,NA,NA,0.433369130425743,1
"BP","GO:0006351",NA,NA,NA,NA,NA,NA,0.434524570703483,1
"BP","GO:0045934",NA,NA,NA,NA,NA,NA,0.436658073357517,1
"BP","GO:0008380",NA,NA,NA,NA,NA,NA,0.439928209303198,1
"BP","GO:0015031",NA,NA,NA,NA,NA,NA,0.449182246508509,1
"BP","GO:0046486",NA,NA,NA,NA,NA,NA,0.449626831516872,1
"BP","GO:0051246",NA,NA,NA,NA,NA,NA,0.449626831516872,1
"BP","GO:0000902",NA,NA,NA,NA,NA,NA,0.45307030801992,1
"BP","GO:0048562",NA,NA,NA,NA,NA,NA,0.455008675891223,1
"BP","GO:0055001",NA,NA,NA,NA,NA,NA,0.4591599689999,1
"BP","GO:0001654",NA,NA,NA,NA,NA,NA,0.460800875124338,1
"BP","GO:0150063",NA,NA,NA,NA,NA,NA,0.460800875124338,1
"BP","GO:0046903",NA,NA,NA,NA,NA,NA,0.46230138920597,1
"BP","GO:0019222",NA,NA,NA,NA,NA,NA,0.465597617924458,1
"BP","GO:0034220",NA,NA,NA,NA,NA,NA,0.470376986955406,1
"BP","GO:0006816",NA,NA,NA,NA,NA,NA,0.474688321599982,1
"BP","GO:0048519",NA,NA,NA,NA,NA,NA,0.476615925621632,1
"BP","GO:0045184",NA,NA,NA,NA,NA,NA,0.477966712282559,1
"BP","GO:0010468",NA,NA,NA,NA,NA,NA,0.479760268142663,1
"BP","GO:0001822",NA,NA,NA,NA,NA,NA,0.48077594339007,1
"BP","GO:0007411",NA,NA,NA,NA,NA,NA,0.48077594339007,1
"BP","GO:0072001",NA,NA,NA,NA,NA,NA,0.48077594339007,1
"BP","GO:0006812",NA,NA,NA,NA,NA,NA,0.480901723699231,1
"BP","GO:0090304",NA,NA,NA,NA,NA,NA,0.481996080078077,1
"BP","GO:0035050",NA,NA,NA,NA,NA,NA,0.48379364045746,1
"BP","GO:0097485",NA,NA,NA,NA,NA,NA,0.48379364045746,1
"BP","GO:0007517",NA,NA,NA,NA,NA,NA,0.486794059134423,1
"BP","GO:0010556",NA,NA,NA,NA,NA,NA,0.488733587174888,1
"BP","GO:0048593",NA,NA,NA,NA,NA,NA,0.492743450536641,1
"BP","GO:0051146",NA,NA,NA,NA,NA,NA,0.492743450536641,1
"BP","GO:0007420",NA,NA,NA,NA,NA,NA,0.494806262633851,1
"BP","GO:0006397",NA,NA,NA,NA,NA,NA,0.498624890642612,1
"BP","GO:0061371",NA,NA,NA,NA,NA,NA,0.498624890642612,1
"BP","GO:0009889",NA,NA,NA,NA,NA,NA,0.503017823165903,1
"BP","GO:0060485",NA,NA,NA,NA,NA,NA,0.5073213121082,1
"BP","GO:0048878",NA,NA,NA,NA,NA,NA,0.515869105751545,1
"BP","GO:0008152",NA,NA,NA,NA,NA,NA,0.51994529935915,1
"BP","GO:0060322",NA,NA,NA,NA,NA,NA,0.520326578519652,1
"BP","GO:0044283",NA,NA,NA,NA,NA,NA,0.524270773885992,1
"BP","GO:0007610",NA,NA,NA,NA,NA,NA,0.529791922044818,1
"BP","GO:0022607",NA,NA,NA,NA,NA,NA,0.531466665258925,1
"BP","GO:0007015",NA,NA,NA,NA,NA,NA,0.540645536099872,1
"BP","GO:0042692",NA,NA,NA,NA,NA,NA,0.540645536099872,1
"BP","GO:0090066",NA,NA,NA,NA,NA,NA,0.543320147126317,1
"BP","GO:0006468",NA,NA,NA,NA,NA,NA,0.544764910456099,1
"BP","GO:0065003",NA,NA,NA,NA,NA,NA,0.553597304250962,1
"BP","GO:0033043",NA,NA,NA,NA,NA,NA,0.553866036229244,1
"BP","GO:0016310",NA,NA,NA,NA,NA,NA,0.555507584284151,1
"BP","GO:0040011",NA,NA,NA,NA,NA,NA,0.556464799537593,1
"BP","GO:0008104",NA,NA,NA,NA,NA,NA,0.557005988940225,1
"BP","GO:0071705",NA,NA,NA,NA,NA,NA,0.557005988940225,1
"BP","GO:0070727",NA,NA,NA,NA,NA,NA,0.558703580509741,1
"BP","GO:0048592",NA,NA,NA,NA,NA,NA,0.55904864950116,1
"BP","GO:0051641",NA,NA,NA,NA,NA,NA,0.564859973153901,1
"BP","GO:0007186",NA,NA,NA,NA,NA,NA,0.566056038627649,1
"BP","GO:0060271",NA,NA,NA,NA,NA,NA,0.569236594742142,1
"BP","GO:0006281",NA,NA,NA,NA,NA,NA,0.5742432567431,1
"BP","GO:0007507",NA,NA,NA,NA,NA,NA,0.575430804932448,1
"BP","GO:0060562",NA,NA,NA,NA,NA,NA,0.576725047398938,1
"BP","GO:0006520",NA,NA,NA,NA,NA,NA,0.579192586059364,1
"BP","GO:0016055",NA,NA,NA,NA,NA,NA,0.579192586059364,1
"BP","GO:0007600",NA,NA,NA,NA,NA,NA,0.58164595333521,1
"BP","GO:0044782",NA,NA,NA,NA,NA,NA,0.58651049393412,1
"BP","GO:0070887",NA,NA,NA,NA,NA,NA,0.588921826243843,1
"BP","GO:0006644",NA,NA,NA,NA,NA,NA,0.591319305147191,1
"BP","GO:0120031",NA,NA,NA,NA,NA,NA,0.591319305147191,1
"BP","GO:0003007",NA,NA,NA,NA,NA,NA,0.593703009034641,1
"BP","GO:0048880",NA,NA,NA,NA,NA,NA,0.594902907200776,1
"BP","GO:0043170",NA,NA,NA,NA,NA,NA,0.5957279486008,1
"BP","GO:1901135",NA,NA,NA,NA,NA,NA,0.598084279261566,1
"BP","GO:0030031",NA,NA,NA,NA,NA,NA,0.598429403142194,1
"BP","GO:0016071",NA,NA,NA,NA,NA,NA,0.600772247968863,1
"BP","GO:1904888",NA,NA,NA,NA,NA,NA,0.600772247968863,1
"BP","GO:0044085",NA,NA,NA,NA,NA,NA,0.60720355605457,1
"BP","GO:0043933",NA,NA,NA,NA,NA,NA,0.609074868463779,1
"BP","GO:0048732",NA,NA,NA,NA,NA,NA,0.610009729476554,1
"BP","GO:0006813",NA,NA,NA,NA,NA,NA,0.616799358695205,1
"BP","GO:0030001",NA,NA,NA,NA,NA,NA,0.618316800625546,1
"BP","GO:0007264",NA,NA,NA,NA,NA,NA,0.625671360560134,1
"BP","GO:0009628",NA,NA,NA,NA,NA,NA,0.627857554671227,1
"BP","GO:0007368",NA,NA,NA,NA,NA,NA,0.630031170209282,1
"BP","GO:0009987",NA,NA,NA,NA,NA,NA,0.632136937743587,1
"BP","GO:0060972",NA,NA,NA,NA,NA,NA,0.636477256220891,1
"BP","GO:0010558",NA,NA,NA,NA,NA,NA,0.63860126632233,1
"BP","GO:0048568",NA,NA,NA,NA,NA,NA,0.647935974824393,1
"BP","GO:0007155",NA,NA,NA,NA,NA,NA,0.649369197935067,1
"BP","GO:0007423",NA,NA,NA,NA,NA,NA,0.653641740563817,1
"BP","GO:0009890",NA,NA,NA,NA,NA,NA,0.655158980871118,1
"BP","GO:0050877",NA,NA,NA,NA,NA,NA,0.655158980871118,1
"BP","GO:0090596",NA,NA,NA,NA,NA,NA,0.655158980871118,1
"BP","GO:0048513",NA,NA,NA,NA,NA,NA,0.65588898622634,1
"BP","GO:0003008",NA,NA,NA,NA,NA,NA,0.65927531461705,1
"BP","GO:0019538",NA,NA,NA,NA,NA,NA,0.663491771344322,1
"BP","GO:0009799",NA,NA,NA,NA,NA,NA,0.667084681867585,1
"BP","GO:0009855",NA,NA,NA,NA,NA,NA,0.667084681867585,1
"BP","GO:0007417",NA,NA,NA,NA,NA,NA,0.667590910749088,1
"BP","GO:0048856",NA,NA,NA,NA,NA,NA,0.67474043216228,1
"BP","GO:0007409",NA,NA,NA,NA,NA,NA,0.676711672771596,1
"BP","GO:0010605",NA,NA,NA,NA,NA,NA,0.680485215008151,1
"BP","GO:0120036",NA,NA,NA,NA,NA,NA,0.690282305074362,1
"BP","GO:0030030",NA,NA,NA,NA,NA,NA,0.696714546556384,1
"BP","GO:0009892",NA,NA,NA,NA,NA,NA,0.700477040232483,1
"BP","GO:0048667",NA,NA,NA,NA,NA,NA,0.702232159902277,1
"BP","GO:0048812",NA,NA,NA,NA,NA,NA,0.703977147682086,1
"BP","GO:0120039",NA,NA,NA,NA,NA,NA,0.703977147682086,1
"BP","GO:0048858",NA,NA,NA,NA,NA,NA,0.707436957680577,1
"BP","GO:0007010",NA,NA,NA,NA,NA,NA,0.710484965573571,1
"BP","GO:0032502",NA,NA,NA,NA,NA,NA,0.710671616256524,1
"BP","GO:0006629",NA,NA,NA,NA,NA,NA,0.720175506026633,1
"BP","GO:0061564",NA,NA,NA,NA,NA,NA,0.72251955602243,1
"BP","GO:0007399",NA,NA,NA,NA,NA,NA,0.727316360594286,1
"BP","GO:0006811",NA,NA,NA,NA,NA,NA,0.730561515594105,1
"BP","GO:0055085",NA,NA,NA,NA,NA,NA,0.731652987423568,1
"BP","GO:0043010",NA,NA,NA,NA,NA,NA,0.733718511979452,1
"BP","GO:0030182",NA,NA,NA,NA,NA,NA,0.735351256151216,1
"BP","GO:0006082",NA,NA,NA,NA,NA,NA,0.742962360640727,1
"BP","GO:0019752",NA,NA,NA,NA,NA,NA,0.742962360640727,1
"BP","GO:0043436",NA,NA,NA,NA,NA,NA,0.742962360640727,1
"BP","GO:0006357",NA,NA,NA,NA,NA,NA,0.74597282709502,1
"BP","GO:0051128",NA,NA,NA,NA,NA,NA,0.748948554656337,1
"BP","GO:0048699",NA,NA,NA,NA,NA,NA,0.750921270061485,1
"BP","GO:0033036",NA,NA,NA,NA,NA,NA,0.759467300149687,1
"BP","GO:0048598",NA,NA,NA,NA,NA,NA,0.763646414571537,1
"BP","GO:0009887",NA,NA,NA,NA,NA,NA,0.766740148974304,1
"BP","GO:0048646",NA,NA,NA,NA,NA,NA,0.77680467763917,1
"BP","GO:0031175",NA,NA,NA,NA,NA,NA,0.776879910679687,1
"BP","GO:0141124",NA,NA,NA,NA,NA,NA,0.776879910679687,1
"BP","GO:0016043",NA,NA,NA,NA,NA,NA,0.780679567270737,1
"BP","GO:0042592",NA,NA,NA,NA,NA,NA,0.802913810401901,1
"BP","GO:0006366",NA,NA,NA,NA,NA,NA,0.804075895652545,1
"BP","GO:0022008",NA,NA,NA,NA,NA,NA,0.808282592652927,1
"BP","GO:0032501",NA,NA,NA,NA,NA,NA,0.811448526520706,1
"BP","GO:0030097",NA,NA,NA,NA,NA,NA,0.813132781486087,1
"BP","GO:0016477",NA,NA,NA,NA,NA,NA,0.814235485699618,1
"BP","GO:0071840",NA,NA,NA,NA,NA,NA,0.816831738814331,1
"BP","GO:0060429",NA,NA,NA,NA,NA,NA,0.822518168731222,1
"BP","GO:0051239",NA,NA,NA,NA,NA,NA,0.822829398525885,1
"BP","GO:0009653",NA,NA,NA,NA,NA,NA,0.829435556194735,1
"BP","GO:0002009",NA,NA,NA,NA,NA,NA,0.83302274379684,1
"BP","GO:0048870",NA,NA,NA,NA,NA,NA,0.838859099939946,1
"BP","GO:0050793",NA,NA,NA,NA,NA,NA,0.850823888004979,1
"BP","GO:0072359",NA,NA,NA,NA,NA,NA,0.86044173803775,1
"BP","GO:0006259",NA,NA,NA,NA,NA,NA,0.869109559635376,1
"BP","GO:0048731",NA,NA,NA,NA,NA,NA,0.878601175238158,1
"BP","GO:0048666",NA,NA,NA,NA,NA,NA,0.87957679577479,1
"BP","GO:0048729",NA,NA,NA,NA,NA,NA,0.880292075445277,1
"BP","GO:0009888",NA,NA,NA,NA,NA,NA,0.881883320180618,1
"BP","GO:0035239",NA,NA,NA,NA,NA,NA,0.88241289770326,1
"BP","GO:0048468",NA,NA,NA,NA,NA,NA,0.9006428888541,1
"BP","GO:0006508",NA,NA,NA,NA,NA,NA,0.91184546600089,1
"BP","GO:0030154",NA,NA,NA,NA,NA,NA,0.916767961010148,1
"BP","GO:0048869",NA,NA,NA,NA,NA,NA,0.918414914423317,1
"BP","GO:0009790",NA,NA,NA,NA,NA,NA,0.925407846226674,1
"BP","GO:0035295",NA,NA,NA,NA,NA,NA,0.934986322244622,1
"BP","GO:0007275",NA,NA,NA,NA,NA,NA,0.965186918646773,1
"BP","GO:0008150",NA,NA,NA,NA,NA,NA,1,1
"BP","GO:0000038",NA,NA,NA,NA,NA,NA,1,1
"BP","GO:0000041",NA,NA,NA,NA,NA,NA,1,1
"BP","GO:0000045",NA,NA,NA,NA,NA,NA,1,1
"BP","GO:0000070",NA,NA,NA,NA,NA,NA,1,1
"BP","GO:0000079",NA,NA,NA,NA,NA,NA,1,1
"BP","GO:0000082",NA,NA,NA,NA,NA,NA,1,1
"BP","GO:0000096",NA,NA,NA,NA,NA,NA,1,1
"BP","GO:0000097",NA,NA,NA,NA,NA,NA,1,1
"BP","GO:0000132",NA,NA,NA,NA,NA,NA,1,1
"BP","GO:0000154",NA,NA,NA,NA,NA,NA,1,1
"BP","GO:0000165",NA,NA,NA,NA,NA,NA,1,1
"BP","GO:0000184",NA,NA,NA,NA,NA,NA,1,1
"BP","GO:0000209",NA,NA,NA,NA,NA,NA,1,1
"BP","GO:0000226",NA,NA,NA,NA,NA,NA,1,1
"BP","GO:0000245",NA,NA,NA,NA,NA,NA,1,1
"BP","GO:0000271",NA,NA,NA,NA,NA,NA,1,1
"BP","GO:0000280",NA,NA,NA,NA,NA,NA,1,1
"BP","GO:0000281",NA,NA,NA,NA,NA,NA,1,1
"BP","GO:0000288",NA,NA,NA,NA,NA,NA,1,1
"BP","GO:0000290",NA,NA,NA,NA,NA,NA,1,1
"BP","GO:0000302",NA,NA,NA,NA,NA,NA,1,1
"BP","GO:0000375",NA,NA,NA,NA,NA,NA,1,1
"BP","GO:0000377",NA,NA,NA,NA,NA,NA,1,1
"BP","GO:0000380",NA,NA,NA,NA,NA,NA,1,1
"BP","GO:0000381",NA,NA,NA,NA,NA,NA,1,1
"BP","GO:0000387",NA,NA,NA,NA,NA,NA,1,1
"BP","GO:0000394",NA,NA,NA,NA,NA,NA,1,1
"BP","GO:0000398",NA,NA,NA,NA,NA,NA,1,1
"BP","GO:0000413",NA,NA,NA,NA,NA,NA,1,1
"BP","GO:0000470",NA,NA,NA,NA,NA,NA,1,1
"BP","GO:0000578",NA,NA,NA,NA,NA,NA,1,1
"BP","GO:0000723",NA,NA,NA,NA,NA,NA,1,1
"BP","GO:0000724",NA,NA,NA,NA,NA,NA,1,1
"BP","GO:0000725",NA,NA,NA,NA,NA,NA,1,1
"BP","GO:0000768",NA,NA,NA,NA,NA,NA,1,1
"BP","GO:0000819",NA,NA,NA,NA,NA,NA,1,1
"BP","GO:0000910",NA,NA,NA,NA,NA,NA,1,1
"BP","GO:0000956",NA,NA,NA,NA,NA,NA,1,1
"BP","GO:0000966",NA,NA,NA,NA,NA,NA,1,1
"BP","GO:0001501",NA,NA,NA,NA,NA,NA,1,1
"BP","GO:0001503",NA,NA,NA,NA,NA,NA,1,1
"BP","GO:0001510",NA,NA,NA,NA,NA,NA,1,1
"BP","GO:0001522",NA,NA,NA,NA,NA,NA,1,1
"BP","GO:0001523",NA,NA,NA,NA,NA,NA,1,1
"BP","GO:0001525",NA,NA,NA,NA,NA,NA,1,1
"BP","GO:0001539",NA,NA,NA,NA,NA,NA,1,1
"BP","GO:0001556",NA,NA,NA,NA,NA,NA,1,1
"BP","GO:0001558",NA,NA,NA,NA,NA,NA,1,1
"BP","GO:0001568",NA,NA,NA,NA,NA,NA,1,1
"BP","GO:0001569",NA,NA,NA,NA,NA,NA,1,1
"BP","GO:0001570",NA,NA,NA,NA,NA,NA,1,1
"BP","GO:0001578",NA,NA,NA,NA,NA,NA,1,1
"BP","GO:0001649",NA,NA,NA,NA,NA,NA,1,1
"BP","GO:0001655",NA,NA,NA,NA,NA,NA,1,1
"BP","GO:0001666",NA,NA,NA,NA,NA,NA,1,1
"BP","GO:0001667",NA,NA,NA,NA,NA,NA,1,1
"BP","GO:0001676",NA,NA,NA,NA,NA,NA,1,1
"BP","GO:0001678",NA,NA,NA,NA,NA,NA,1,1
"BP","GO:0001682",NA,NA,NA,NA,NA,NA,1,1
"BP","GO:0001702",NA,NA,NA,NA,NA,NA,1,1
"BP","GO:0001704",NA,NA,NA,NA,NA,NA,1,1
"BP","GO:0001706",NA,NA,NA,NA,NA,NA,1,1
"BP","GO:0001707",NA,NA,NA,NA,NA,NA,1,1
"BP","GO:0001708",NA,NA,NA,NA,NA,NA,1,1
"BP","GO:0001709",NA,NA,NA,NA,NA,NA,1,1
"BP","GO:0001710",NA,NA,NA,NA,NA,NA,1,1
"BP","GO:0001711",NA,NA,NA,NA,NA,NA,1,1
"BP","GO:0001714",NA,NA,NA,NA,NA,NA,1,1
"BP","GO:0001736",NA,NA,NA,NA,NA,NA,1,1
"BP","GO:0001738",NA,NA,NA,NA,NA,NA,1,1
"BP","GO:0001754",NA,NA,NA,NA,NA,NA,1,1
"BP","GO:0001755",NA,NA,NA,NA,NA,NA,1,1
"BP","GO:0001756",NA,NA,NA,NA,NA,NA,1,1
"BP","GO:0001757",NA,NA,NA,NA,NA,NA,1,1
"BP","GO:0001763",NA,NA,NA,NA,NA,NA,1,1
"BP","GO:0001764",NA,NA,NA,NA,NA,NA,1,1
"BP","GO:0001765",NA,NA,NA,NA,NA,NA,1,1
"BP","GO:0001775",NA,NA,NA,NA,NA,NA,1,1
"BP","GO:0001776",NA,NA,NA,NA,NA,NA,1,1
"BP","GO:0001816",NA,NA,NA,NA,NA,NA,1,1
"BP","GO:0001817",NA,NA,NA,NA,NA,NA,1,1
"BP","GO:0001819",NA,NA,NA,NA,NA,NA,1,1
"BP","GO:0001837",NA,NA,NA,NA,NA,NA,1,1
"BP","GO:0001838",NA,NA,NA,NA,NA,NA,1,1
"BP","GO:0001840",NA,NA,NA,NA,NA,NA,1,1
"BP","GO:0001841",NA,NA,NA,NA,NA,NA,1,1
"BP","GO:0001843",NA,NA,NA,NA,NA,NA,1,1
"BP","GO:0001878",NA,NA,NA,NA,NA,NA,1,1
"BP","GO:0001881",NA,NA,NA,NA,NA,NA,1,1
"BP","GO:0001885",NA,NA,NA,NA,NA,NA,1,1
"BP","GO:0001894",NA,NA,NA,NA,NA,NA,1,1
"BP","GO:0001895",NA,NA,NA,NA,NA,NA,1,1
"BP","GO:0001906",NA,NA,NA,NA,NA,NA,1,1
"BP","GO:0001933",NA,NA,NA,NA,NA,NA,1,1
"BP","GO:0001934",NA,NA,NA,NA,NA,NA,1,1
"BP","GO:0001935",NA,NA,NA,NA,NA,NA,1,1
"BP","GO:0001944",NA,NA,NA,NA,NA,NA,1,1
"BP","GO:0001945",NA,NA,NA,NA,NA,NA,1,1
"BP","GO:0001946",NA,NA,NA,NA,NA,NA,1,1
"BP","GO:0001957",NA,NA,NA,NA,NA,NA,1,1
"BP","GO:0001958",NA,NA,NA,NA,NA,NA,1,1
"BP","GO:0001964",NA,NA,NA,NA,NA,NA,1,1
"BP","GO:0001966",NA,NA,NA,NA,NA,NA,1,1
"BP","GO:0001973",NA,NA,NA,NA,NA,NA,1,1
"BP","GO:0002011",NA,NA,NA,NA,NA,NA,1,1
"BP","GO:0002027",NA,NA,NA,NA,NA,NA,1,1
"BP","GO:0002040",NA,NA,NA,NA,NA,NA,1,1
"BP","GO:0002042",NA,NA,NA,NA,NA,NA,1,1
"BP","GO:0002062",NA,NA,NA,NA,NA,NA,1,1
"BP","GO:0002063",NA,NA,NA,NA,NA,NA,1,1
"BP","GO:0002064",NA,NA,NA,NA,NA,NA,1,1
"BP","GO:0002065",NA,NA,NA,NA,NA,NA,1,1
"BP","GO:0002072",NA,NA,NA,NA,NA,NA,1,1
"BP","GO:0002088",NA,NA,NA,NA,NA,NA,1,1
"BP","GO:0002089",NA,NA,NA,NA,NA,NA,1,1
"BP","GO:0002093",NA,NA,NA,NA,NA,NA,1,1
"BP","GO:0002097",NA,NA,NA,NA,NA,NA,1,1
"BP","GO:0002098",NA,NA,NA,NA,NA,NA,1,1
"BP","GO:0002138",NA,NA,NA,NA,NA,NA,1,1
"BP","GO:0002218",NA,NA,NA,NA,NA,NA,1,1
"BP","GO:0002221",NA,NA,NA,NA,NA,NA,1,1
"BP","GO:0002224",NA,NA,NA,NA,NA,NA,1,1
"BP","GO:0002237",NA,NA,NA,NA,NA,NA,1,1
"BP","GO:0002250",NA,NA,NA,NA,NA,NA,1,1
"BP","GO:0002252",NA,NA,NA,NA,NA,NA,1,1
"BP","GO:0002253",NA,NA,NA,NA,NA,NA,1,1
"BP","GO:0002262",NA,NA,NA,NA,NA,NA,1,1
"BP","GO:0002274",NA,NA,NA,NA,NA,NA,1,1
"BP","GO:0002429",NA,NA,NA,NA,NA,NA,1,1
"BP","GO:0002440",NA,NA,NA,NA,NA,NA,1,1
"BP","GO:0002443",NA,NA,NA,NA,NA,NA,1,1
"BP","GO:0002449",NA,NA,NA,NA,NA,NA,1,1
"BP","GO:0002460",NA,NA,NA,NA,NA,NA,1,1
"BP","GO:0002520",NA,NA,NA,NA,NA,NA,1,1
"BP","GO:0002521",NA,NA,NA,NA,NA,NA,1,1
"BP","GO:0002573",NA,NA,NA,NA,NA,NA,1,1
"BP","GO:0002574",NA,NA,NA,NA,NA,NA,1,1
"BP","GO:0002682",NA,NA,NA,NA,NA,NA,1,1
"BP","GO:0002683",NA,NA,NA,NA,NA,NA,1,1
"BP","GO:0002684",NA,NA,NA,NA,NA,NA,1,1
"BP","GO:0002685",NA,NA,NA,NA,NA,NA,1,1
"BP","GO:0002688",NA,NA,NA,NA,NA,NA,1,1
"BP","GO:0002694",NA,NA,NA,NA,NA,NA,1,1
"BP","GO:0002697",NA,NA,NA,NA,NA,NA,1,1
"BP","GO:0002700",NA,NA,NA,NA,NA,NA,1,1
"BP","GO:0002755",NA,NA,NA,NA,NA,NA,1,1
"BP","GO:0002757",NA,NA,NA,NA,NA,NA,1,1
"BP","GO:0002758",NA,NA,NA,NA,NA,NA,1,1
"BP","GO:0002761",NA,NA,NA,NA,NA,NA,1,1
"BP","GO:0002764",NA,NA,NA,NA,NA,NA,1,1
"BP","GO:0002768",NA,NA,NA,NA,NA,NA,1,1
"BP","GO:0002790",NA,NA,NA,NA,NA,NA,1,1
"BP","GO:0002791",NA,NA,NA,NA,NA,NA,1,1
"BP","GO:0002831",NA,NA,NA,NA,NA,NA,1,1
"BP","GO:0002833",NA,NA,NA,NA,NA,NA,1,1
"BP","GO:0002934",NA,NA,NA,NA,NA,NA,1,1
"BP","GO:0003006",NA,NA,NA,NA,NA,NA,1,1
"BP","GO:0003013",NA,NA,NA,NA,NA,NA,1,1
"BP","GO:0003014",NA,NA,NA,NA,NA,NA,1,1
"BP","GO:0003015",NA,NA,NA,NA,NA,NA,1,1
"BP","GO:0003018",NA,NA,NA,NA,NA,NA,1,1
"BP","GO:0003094",NA,NA,NA,NA,NA,NA,1,1
"BP","GO:0003128",NA,NA,NA,NA,NA,NA,1,1
"BP","GO:0003139",NA,NA,NA,NA,NA,NA,1,1
"BP","GO:0003146",NA,NA,NA,NA,NA,NA,1,1
"BP","GO:0003157",NA,NA,NA,NA,NA,NA,1,1
"BP","GO:0003158",NA,NA,NA,NA,NA,NA,1,1
"BP","GO:0003159",NA,NA,NA,NA,NA,NA,1,1
"BP","GO:0003170",NA,NA,NA,NA,NA,NA,1,1
"BP","GO:0003171",NA,NA,NA,NA,NA,NA,1,1
"BP","GO:0003179",NA,NA,NA,NA,NA,NA,1,1
"BP","GO:0003181",NA,NA,NA,NA,NA,NA,1,1
"BP","GO:0003197",NA,NA,NA,NA,NA,NA,1,1
"BP","GO:0003205",NA,NA,NA,NA,NA,NA,1,1
"BP","GO:0003206",NA,NA,NA,NA,NA,NA,1,1
"BP","GO:0003208",NA,NA,NA,NA,NA,NA,1,1
"BP","GO:0003209",NA,NA,NA,NA,NA,NA,1,1
"BP","GO:0003229",NA,NA,NA,NA,NA,NA,1,1
"BP","GO:0003230",NA,NA,NA,NA,NA,NA,1,1
"BP","GO:0003231",NA,NA,NA,NA,NA,NA,1,1
"BP","GO:0003260",NA,NA,NA,NA,NA,NA,1,1
"BP","GO:0003262",NA,NA,NA,NA,NA,NA,1,1
"BP","GO:0003309",NA,NA,NA,NA,NA,NA,1,1
"BP","GO:0003310",NA,NA,NA,NA,NA,NA,1,1
"BP","GO:0003313",NA,NA,NA,NA,NA,NA,1,1
"BP","GO:0003314",NA,NA,NA,NA,NA,NA,1,1
"BP","GO:0003315",NA,NA,NA,NA,NA,NA,1,1
"BP","GO:0003318",NA,NA,NA,NA,NA,NA,1,1
"BP","GO:0003323",NA,NA,NA,NA,NA,NA,1,1
"BP","GO:0003341",NA,NA,NA,NA,NA,NA,1,1
"BP","GO:0003351",NA,NA,NA,NA,NA,NA,1,1
"BP","GO:0003401",NA,NA,NA,NA,NA,NA,1,1
"BP","GO:0003406",NA,NA,NA,NA,NA,NA,1,1
"BP","GO:0003407",NA,NA,NA,NA,NA,NA,1,1
"BP","GO:0005975",NA,NA,NA,NA,NA,NA,1,1
"BP","GO:0005976",NA,NA,NA,NA,NA,NA,1,1
"BP","GO:0005977",NA,NA,NA,NA,NA,NA,1,1
"BP","GO:0005978",NA,NA,NA,NA,NA,NA,1,1
"BP","GO:0005996",NA,NA,NA,NA,NA,NA,1,1
"BP","GO:0006000",NA,NA,NA,NA,NA,NA,1,1
"BP","GO:0006002",NA,NA,NA,NA,NA,NA,1,1
"BP","GO:0006003",NA,NA,NA,NA,NA,NA,1,1
"BP","GO:0006006",NA,NA,NA,NA,NA,NA,1,1
"BP","GO:0006013",NA,NA,NA,NA,NA,NA,1,1
"BP","GO:0006022",NA,NA,NA,NA,NA,NA,1,1
"BP","GO:0006023",NA,NA,NA,NA,NA,NA,1,1
"BP","GO:0006024",NA,NA,NA,NA,NA,NA,1,1
"BP","GO:0006026",NA,NA,NA,NA,NA,NA,1,1
"BP","GO:0006027",NA,NA,NA,NA,NA,NA,1,1
"BP","GO:0006029",NA,NA,NA,NA,NA,NA,1,1
"BP","GO:0006040",NA,NA,NA,NA,NA,NA,1,1
"BP","GO:0006066",NA,NA,NA,NA,NA,NA,1,1
"BP","GO:0006072",NA,NA,NA,NA,NA,NA,1,1
"BP","GO:0006081",NA,NA,NA,NA,NA,NA,1,1
"BP","GO:0006084",NA,NA,NA,NA,NA,NA,1,1
"BP","GO:0006085",NA,NA,NA,NA,NA,NA,1,1
"BP","GO:0006090",NA,NA,NA,NA,NA,NA,1,1
"BP","GO:0006091",NA,NA,NA,NA,NA,NA,1,1
"BP","GO:0006094",NA,NA,NA,NA,NA,NA,1,1
"BP","GO:0006096",NA,NA,NA,NA,NA,NA,1,1
"BP","GO:0006099",NA,NA,NA,NA,NA,NA,1,1
"BP","GO:0006109",NA,NA,NA,NA,NA,NA,1,1
"BP","GO:0006112",NA,NA,NA,NA,NA,NA,1,1
"BP","GO:0006119",NA,NA,NA,NA,NA,NA,1,1
"BP","GO:0006120",NA,NA,NA,NA,NA,NA,1,1
"BP","GO:0006122",NA,NA,NA,NA,NA,NA,1,1
"BP","GO:0006123",NA,NA,NA,NA,NA,NA,1,1
"BP","GO:0006144",NA,NA,NA,NA,NA,NA,1,1
"BP","GO:0006166",NA,NA,NA,NA,NA,NA,1,1
"BP","GO:0006171",NA,NA,NA,NA,NA,NA,1,1
"BP","GO:0006182",NA,NA,NA,NA,NA,NA,1,1
"BP","GO:0006183",NA,NA,NA,NA,NA,NA,1,1
"BP","GO:0006195",NA,NA,NA,NA,NA,NA,1,1
"BP","GO:0006206",NA,NA,NA,NA,NA,NA,1,1
"BP","GO:0006207",NA,NA,NA,NA,NA,NA,1,1
"BP","GO:0006213",NA,NA,NA,NA,NA,NA,1,1
"BP","GO:0006220",NA,NA,NA,NA,NA,NA,1,1
"BP","GO:0006221",NA,NA,NA,NA,NA,NA,1,1
"BP","GO:0006228",NA,NA,NA,NA,NA,NA,1,1
"BP","GO:0006241",NA,NA,NA,NA,NA,NA,1,1
"BP","GO:0006260",NA,NA,NA,NA,NA,NA,1,1
"BP","GO:0006261",NA,NA,NA,NA,NA,NA,1,1
"BP","GO:0006265",NA,NA,NA,NA,NA,NA,1,1
"BP","GO:0006270",NA,NA,NA,NA,NA,NA,1,1
"BP","GO:0006278",NA,NA,NA,NA,NA,NA,1,1
"BP","GO:0006282",NA,NA,NA,NA,NA,NA,1,1
"BP","GO:0006284",NA,NA,NA,NA,NA,NA,1,1
"BP","GO:0006289",NA,NA,NA,NA,NA,NA,1,1
"BP","GO:0006298",NA,NA,NA,NA,NA,NA,1,1
"BP","GO:0006302",NA,NA,NA,NA,NA,NA,1,1
"BP","GO:0006303",NA,NA,NA,NA,NA,NA,1,1
"BP","GO:0006308",NA,NA,NA,NA,NA,NA,1,1
"BP","GO:0006310",NA,NA,NA,NA,NA,NA,1,1
"BP","GO:0006313",NA,NA,NA,NA,NA,NA,1,1
"BP","GO:0006325",NA,NA,NA,NA,NA,NA,1,1
"BP","GO:0006334",NA,NA,NA,NA,NA,NA,1,1
"BP","GO:0006338",NA,NA,NA,NA,NA,NA,1,1
"BP","GO:0006352",NA,NA,NA,NA,NA,NA,1,1
"BP","GO:0006354",NA,NA,NA,NA,NA,NA,1,1
"BP","GO:0006360",NA,NA,NA,NA,NA,NA,1,1
"BP","GO:0006364",NA,NA,NA,NA,NA,NA,1,1
"BP","GO:0006367",NA,NA,NA,NA,NA,NA,1,1
"BP","GO:0006368",NA,NA,NA,NA,NA,NA,1,1
"BP","GO:0006383",NA,NA,NA,NA,NA,NA,1,1
"BP","GO:0006384",NA,NA,NA,NA,NA,NA,1,1
"BP","GO:0006400",NA,NA,NA,NA,NA,NA,1,1
"BP","GO:0006401",NA,NA,NA,NA,NA,NA,1,1
"BP","GO:0006402",NA,NA,NA,NA,NA,NA,1,1
"BP","GO:0006403",NA,NA,NA,NA,NA,NA,1,1
"BP","GO:0006405",NA,NA,NA,NA,NA,NA,1,1
"BP","GO:0006406",NA,NA,NA,NA,NA,NA,1,1
"BP","GO:0006412",NA,NA,NA,NA,NA,NA,1,1
"BP","GO:0006413",NA,NA,NA,NA,NA,NA,1,1
"BP","GO:0006414",NA,NA,NA,NA,NA,NA,1,1
"BP","GO:0006415",NA,NA,NA,NA,NA,NA,1,1
"BP","GO:0006417",NA,NA,NA,NA,NA,NA,1,1
"BP","GO:0006418",NA,NA,NA,NA,NA,NA,1,1
"BP","GO:0006446",NA,NA,NA,NA,NA,NA,1,1
"BP","GO:0006448",NA,NA,NA,NA,NA,NA,1,1
"BP","GO:0006457",NA,NA,NA,NA,NA,NA,1,1
"BP","GO:0006465",NA,NA,NA,NA,NA,NA,1,1
"BP","GO:0006469",NA,NA,NA,NA,NA,NA,1,1
"BP","GO:0006479",NA,NA,NA,NA,NA,NA,1,1
"BP","GO:0006486",NA,NA,NA,NA,NA,NA,1,1
"BP","GO:0006487",NA,NA,NA,NA,NA,NA,1,1
"BP","GO:0006488",NA,NA,NA,NA,NA,NA,1,1
"BP","GO:0006493",NA,NA,NA,NA,NA,NA,1,1
"BP","GO:0006497",NA,NA,NA,NA,NA,NA,1,1
"BP","GO:0006505",NA,NA,NA,NA,NA,NA,1,1
"BP","GO:0006506",NA,NA,NA,NA,NA,NA,1,1
"BP","GO:0006518",NA,NA,NA,NA,NA,NA,1,1
"BP","GO:0006525",NA,NA,NA,NA,NA,NA,1,1
"BP","GO:0006544",NA,NA,NA,NA,NA,NA,1,1
"BP","GO:0006545",NA,NA,NA,NA,NA,NA,1,1
"BP","GO:0006555",NA,NA,NA,NA,NA,NA,1,1
"BP","GO:0006560",NA,NA,NA,NA,NA,NA,1,1
"BP","GO:0006568",NA,NA,NA,NA,NA,NA,1,1
"BP","GO:0006569",NA,NA,NA,NA,NA,NA,1,1
"BP","GO:0006575",NA,NA,NA,NA,NA,NA,1,1
"BP","GO:0006576",NA,NA,NA,NA,NA,NA,1,1
"BP","GO:0006586",NA,NA,NA,NA,NA,NA,1,1
"BP","GO:0006595",NA,NA,NA,NA,NA,NA,1,1
"BP","GO:0006596",NA,NA,NA,NA,NA,NA,1,1
"BP","GO:0006599",NA,NA,NA,NA,NA,NA,1,1
"BP","GO:0006603",NA,NA,NA,NA,NA,NA,1,1
"BP","GO:0006605",NA,NA,NA,NA,NA,NA,1,1
"BP","GO:0006606",NA,NA,NA,NA,NA,NA,1,1
"BP","GO:0006612",NA,NA,NA,NA,NA,NA,1,1
"BP","GO:0006613",NA,NA,NA,NA,NA,NA,1,1
"BP","GO:0006614",NA,NA,NA,NA,NA,NA,1,1
"BP","GO:0006623",NA,NA,NA,NA,NA,NA,1,1
"BP","GO:0006626",NA,NA,NA,NA,NA,NA,1,1
"BP","GO:0006631",NA,NA,NA,NA,NA,NA,1,1
"BP","GO:0006633",NA,NA,NA,NA,NA,NA,1,1
"BP","GO:0006635",NA,NA,NA,NA,NA,NA,1,1
"BP","GO:0006637",NA,NA,NA,NA,NA,NA,1,1
"BP","GO:0006638",NA,NA,NA,NA,NA,NA,1,1
"BP","GO:0006639",NA,NA,NA,NA,NA,NA,1,1
"BP","GO:0006641",NA,NA,NA,NA,NA,NA,1,1
"BP","GO:0006643",NA,NA,NA,NA,NA,NA,1,1
"BP","GO:0006658",NA,NA,NA,NA,NA,NA,1,1
"BP","GO:0006664",NA,NA,NA,NA,NA,NA,1,1
"BP","GO:0006665",NA,NA,NA,NA,NA,NA,1,1
"BP","GO:0006672",NA,NA,NA,NA,NA,NA,1,1
"BP","GO:0006687",NA,NA,NA,NA,NA,NA,1,1
"BP","GO:0006690",NA,NA,NA,NA,NA,NA,1,1
"BP","GO:0006699",NA,NA,NA,NA,NA,NA,1,1
"BP","GO:0006720",NA,NA,NA,NA,NA,NA,1,1
"BP","GO:0006721",NA,NA,NA,NA,NA,NA,1,1
"BP","GO:0006739",NA,NA,NA,NA,NA,NA,1,1
"BP","GO:0006743",NA,NA,NA,NA,NA,NA,1,1
"BP","GO:0006744",NA,NA,NA,NA,NA,NA,1,1
"BP","GO:0006749",NA,NA,NA,NA,NA,NA,1,1
"BP","GO:0006751",NA,NA,NA,NA,NA,NA,1,1
"BP","GO:0006760",NA,NA,NA,NA,NA,NA,1,1
"BP","GO:0006766",NA,NA,NA,NA,NA,NA,1,1
"BP","GO:0006767",NA,NA,NA,NA,NA,NA,1,1
"BP","GO:0006775",NA,NA,NA,NA,NA,NA,1,1
"BP","GO:0006777",NA,NA,NA,NA,NA,NA,1,1
"BP","GO:0006783",NA,NA,NA,NA,NA,NA,1,1
"BP","GO:0006790",NA,NA,NA,NA,NA,NA,1,1
"BP","GO:0006801",NA,NA,NA,NA,NA,NA,1,1
"BP","GO:0006805",NA,NA,NA,NA,NA,NA,1,1
"BP","GO:0006809",NA,NA,NA,NA,NA,NA,1,1
"BP","GO:0006817",NA,NA,NA,NA,NA,NA,1,1
"BP","GO:0006820",NA,NA,NA,NA,NA,NA,1,1
"BP","GO:0006821",NA,NA,NA,NA,NA,NA,1,1
"BP","GO:0006826",NA,NA,NA,NA,NA,NA,1,1
"BP","GO:0006836",NA,NA,NA,NA,NA,NA,1,1
"BP","GO:0006839",NA,NA,NA,NA,NA,NA,1,1
"BP","GO:0006848",NA,NA,NA,NA,NA,NA,1,1
"BP","GO:0006851",NA,NA,NA,NA,NA,NA,1,1
"BP","GO:0006858",NA,NA,NA,NA,NA,NA,1,1
"BP","GO:0006865",NA,NA,NA,NA,NA,NA,1,1
"BP","GO:0006869",NA,NA,NA,NA,NA,NA,1,1
"BP","GO:0006879",NA,NA,NA,NA,NA,NA,1,1
"BP","GO:0006885",NA,NA,NA,NA,NA,NA,1,1
"BP","GO:0006890",NA,NA,NA,NA,NA,NA,1,1
"BP","GO:0006892",NA,NA,NA,NA,NA,NA,1,1
"BP","GO:0006898",NA,NA,NA,NA,NA,NA,1,1
"BP","GO:0006909",NA,NA,NA,NA,NA,NA,1,1
"BP","GO:0006913",NA,NA,NA,NA,NA,NA,1,1
"BP","GO:0006915",NA,NA,NA,NA,NA,NA,1,1
"BP","GO:0006937",NA,NA,NA,NA,NA,NA,1,1
"BP","GO:0006939",NA,NA,NA,NA,NA,NA,1,1
"BP","GO:0006940",NA,NA,NA,NA,NA,NA,1,1
"BP","GO:0006941",NA,NA,NA,NA,NA,NA,1,1
"BP","GO:0006942",NA,NA,NA,NA,NA,NA,1,1
"BP","GO:0006949",NA,NA,NA,NA,NA,NA,1,1
"BP","GO:0006954",NA,NA,NA,NA,NA,NA,1,1
"BP","GO:0006956",NA,NA,NA,NA,NA,NA,1,1
"BP","GO:0006959",NA,NA,NA,NA,NA,NA,1,1
"BP","GO:0006970",NA,NA,NA,NA,NA,NA,1,1
"BP","GO:0006979",NA,NA,NA,NA,NA,NA,1,1
"BP","GO:0006986",NA,NA,NA,NA,NA,NA,1,1
"BP","GO:0006997",NA,NA,NA,NA,NA,NA,1,1
"BP","GO:0007004",NA,NA,NA,NA,NA,NA,1,1
"BP","GO:0007006",NA,NA,NA,NA,NA,NA,1,1
"BP","GO:0007007",NA,NA,NA,NA,NA,NA,1,1
"BP","GO:0007009",NA,NA,NA,NA,NA,NA,1,1
"BP","GO:0007017",NA,NA,NA,NA,NA,NA,1,1
"BP","GO:0007018",NA,NA,NA,NA,NA,NA,1,1
"BP","GO:0007020",NA,NA,NA,NA,NA,NA,1,1
"BP","GO:0007029",NA,NA,NA,NA,NA,NA,1,1
"BP","GO:0007030",NA,NA,NA,NA,NA,NA,1,1
"BP","GO:0007033",NA,NA,NA,NA,NA,NA,1,1
"BP","GO:0007034",NA,NA,NA,NA,NA,NA,1,1
"BP","GO:0007040",NA,NA,NA,NA,NA,NA,1,1
"BP","GO:0007041",NA,NA,NA,NA,NA,NA,1,1
"BP","GO:0007043",NA,NA,NA,NA,NA,NA,1,1
"BP","GO:0007051",NA,NA,NA,NA,NA,NA,1,1
"BP","GO:0007052",NA,NA,NA,NA,NA,NA,1,1
"BP","GO:0007059",NA,NA,NA,NA,NA,NA,1,1
"BP","GO:0007062",NA,NA,NA,NA,NA,NA,1,1
"BP","GO:0007064",NA,NA,NA,NA,NA,NA,1,1
"BP","GO:0007088",NA,NA,NA,NA,NA,NA,1,1
"BP","GO:0007091",NA,NA,NA,NA,NA,NA,1,1
"BP","GO:0007094",NA,NA,NA,NA,NA,NA,1,1
"BP","GO:0007098",NA,NA,NA,NA,NA,NA,1,1
"BP","GO:0007099",NA,NA,NA,NA,NA,NA,1,1
"BP","GO:0007127",NA,NA,NA,NA,NA,NA,1,1
"BP","GO:0007129",NA,NA,NA,NA,NA,NA,1,1
"BP","GO:0007130",NA,NA,NA,NA,NA,NA,1,1
"BP","GO:0007131",NA,NA,NA,NA,NA,NA,1,1
"BP","GO:0007159",NA,NA,NA,NA,NA,NA,1,1
"BP","GO:0007160",NA,NA,NA,NA,NA,NA,1,1
"BP","GO:0007162",NA,NA,NA,NA,NA,NA,1,1
"BP","GO:0007164",NA,NA,NA,NA,NA,NA,1,1
"BP","GO:0007178",NA,NA,NA,NA,NA,NA,1,1
"BP","GO:0007179",NA,NA,NA,NA,NA,NA,1,1
"BP","GO:0007189",NA,NA,NA,NA,NA,NA,1,1
"BP","GO:0007193",NA,NA,NA,NA,NA,NA,1,1
"BP","GO:0007194",NA,NA,NA,NA,NA,NA,1,1
"BP","GO:0007195",NA,NA,NA,NA,NA,NA,1,1
"BP","GO:0007200",NA,NA,NA,NA,NA,NA,1,1
"BP","GO:0007212",NA,NA,NA,NA,NA,NA,1,1
"BP","GO:0007214",NA,NA,NA,NA,NA,NA,1,1
"BP","GO:0007215",NA,NA,NA,NA,NA,NA,1,1
"BP","GO:0007216",NA,NA,NA,NA,NA,NA,1,1
"BP","GO:0007218",NA,NA,NA,NA,NA,NA,1,1
"BP","GO:0007223",NA,NA,NA,NA,NA,NA,1,1
"BP","GO:0007224",NA,NA,NA,NA,NA,NA,1,1
"BP","GO:0007229",NA,NA,NA,NA,NA,NA,1,1
"BP","GO:0007249",NA,NA,NA,NA,NA,NA,1,1
"BP","GO:0007254",NA,NA,NA,NA,NA,NA,1,1
"BP","GO:0007259",NA,NA,NA,NA,NA,NA,1,1
"BP","GO:0007265",NA,NA,NA,NA,NA,NA,1,1
"BP","GO:0007266",NA,NA,NA,NA,NA,NA,1,1
"BP","GO:0007267",NA,NA,NA,NA,NA,NA,1,1
"BP","GO:0007268",NA,NA,NA,NA,NA,NA,1,1
"BP","GO:0007269",NA,NA,NA,NA,NA,NA,1,1
"BP","GO:0007271",NA,NA,NA,NA,NA,NA,1,1
"BP","GO:0007272",NA,NA,NA,NA,NA,NA,1,1
"BP","GO:0007276",NA,NA,NA,NA,NA,NA,1,1
"BP","GO:0007281",NA,NA,NA,NA,NA,NA,1,1
"BP","GO:0007283",NA,NA,NA,NA,NA,NA,1,1
"BP","GO:0007286",NA,NA,NA,NA,NA,NA,1,1
"BP","GO:0007292",NA,NA,NA,NA,NA,NA,1,1
"BP","GO:0007338",NA,NA,NA,NA,NA,NA,1,1
"BP","GO:0007339",NA,NA,NA,NA,NA,NA,1,1
"BP","GO:0007343",NA,NA,NA,NA,NA,NA,1,1
"BP","GO:0007350",NA,NA,NA,NA,NA,NA,1,1
"BP","GO:0007351",NA,NA,NA,NA,NA,NA,1,1
"BP","GO:0007369",NA,NA,NA,NA,NA,NA,1,1
"BP","GO:0007379",NA,NA,NA,NA,NA,NA,1,1
"BP","GO:0007398",NA,NA,NA,NA,NA,NA,1,1
"BP","GO:0007413",NA,NA,NA,NA,NA,NA,1,1
"BP","GO:0007416",NA,NA,NA,NA,NA,NA,1,1
"BP","GO:0007418",NA,NA,NA,NA,NA,NA,1,1
"BP","GO:0007422",NA,NA,NA,NA,NA,NA,1,1
"BP","GO:0007501",NA,NA,NA,NA,NA,NA,1,1
"BP","GO:0007519",NA,NA,NA,NA,NA,NA,1,1
"BP","GO:0007520",NA,NA,NA,NA,NA,NA,1,1
"BP","GO:0007525",NA,NA,NA,NA,NA,NA,1,1
"BP","GO:0007528",NA,NA,NA,NA,NA,NA,1,1
"BP","GO:0007530",NA,NA,NA,NA,NA,NA,1,1
"BP","GO:0007548",NA,NA,NA,NA,NA,NA,1,1
"BP","GO:0007586",NA,NA,NA,NA,NA,NA,1,1
"BP","GO:0007601",NA,NA,NA,NA,NA,NA,1,1
"BP","GO:0007602",NA,NA,NA,NA,NA,NA,1,1
"BP","GO:0007605",NA,NA,NA,NA,NA,NA,1,1
"BP","GO:0007611",NA,NA,NA,NA,NA,NA,1,1
"BP","GO:0007612",NA,NA,NA,NA,NA,NA,1,1
"BP","GO:0007631",NA,NA,NA,NA,NA,NA,1,1
"BP","GO:0007632",NA,NA,NA,NA,NA,NA,1,1
"BP","GO:0007634",NA,NA,NA,NA,NA,NA,1,1
"BP","GO:0008015",NA,NA,NA,NA,NA,NA,1,1
"BP","GO:0008016",NA,NA,NA,NA,NA,NA,1,1
"BP","GO:0008037",NA,NA,NA,NA,NA,NA,1,1
"BP","GO:0008038",NA,NA,NA,NA,NA,NA,1,1
"BP","GO:0008045",NA,NA,NA,NA,NA,NA,1,1
"BP","GO:0008053",NA,NA,NA,NA,NA,NA,1,1
"BP","GO:0008063",NA,NA,NA,NA,NA,NA,1,1
"BP","GO:0008078",NA,NA,NA,NA,NA,NA,1,1
"BP","GO:0008088",NA,NA,NA,NA,NA,NA,1,1
"BP","GO:0008203",NA,NA,NA,NA,NA,NA,1,1
"BP","GO:0008206",NA,NA,NA,NA,NA,NA,1,1
"BP","GO:0008213",NA,NA,NA,NA,NA,NA,1,1
"BP","GO:0008217",NA,NA,NA,NA,NA,NA,1,1
"BP","GO:0008219",NA,NA,NA,NA,NA,NA,1,1
"BP","GO:0008277",NA,NA,NA,NA,NA,NA,1,1
"BP","GO:0008283",NA,NA,NA,NA,NA,NA,1,1
"BP","GO:0008284",NA,NA,NA,NA,NA,NA,1,1
"BP","GO:0008285",NA,NA,NA,NA,NA,NA,1,1
"BP","GO:0008286",NA,NA,NA,NA,NA,NA,1,1
"BP","GO:0008299",NA,NA,NA,NA,NA,NA,1,1
"BP","GO:0008343",NA,NA,NA,NA,NA,NA,1,1
"BP","GO:0008345",NA,NA,NA,NA,NA,NA,1,1
"BP","GO:0008354",NA,NA,NA,NA,NA,NA,1,1
"BP","GO:0008360",NA,NA,NA,NA,NA,NA,1,1
"BP","GO:0008361",NA,NA,NA,NA,NA,NA,1,1
"BP","GO:0008366",NA,NA,NA,NA,NA,NA,1,1
"BP","GO:0008406",NA,NA,NA,NA,NA,NA,1,1
"BP","GO:0008535",NA,NA,NA,NA,NA,NA,1,1
"BP","GO:0008543",NA,NA,NA,NA,NA,NA,1,1
"BP","GO:0008585",NA,NA,NA,NA,NA,NA,1,1
"BP","GO:0008589",NA,NA,NA,NA,NA,NA,1,1
"BP","GO:0008592",NA,NA,NA,NA,NA,NA,1,1
"BP","GO:0008593",NA,NA,NA,NA,NA,NA,1,1
"BP","GO:0008595",NA,NA,NA,NA,NA,NA,1,1
"BP","GO:0008630",NA,NA,NA,NA,NA,NA,1,1
"BP","GO:0008643",NA,NA,NA,NA,NA,NA,1,1
"BP","GO:0008645",NA,NA,NA,NA,NA,NA,1,1
"BP","GO:0009060",NA,NA,NA,NA,NA,NA,1,1
"BP","GO:0009062",NA,NA,NA,NA,NA,NA,1,1
"BP","GO:0009063",NA,NA,NA,NA,NA,NA,1,1
"BP","GO:0009065",NA,NA,NA,NA,NA,NA,1,1
"BP","GO:0009066",NA,NA,NA,NA,NA,NA,1,1
"BP","GO:0009067",NA,NA,NA,NA,NA,NA,1,1
"BP","GO:0009069",NA,NA,NA,NA,NA,NA,1,1
"BP","GO:0009070",NA,NA,NA,NA,NA,NA,1,1
"BP","GO:0009072",NA,NA,NA,NA,NA,NA,1,1
"BP","GO:0009074",NA,NA,NA,NA,NA,NA,1,1
"BP","GO:0009081",NA,NA,NA,NA,NA,NA,1,1
"BP","GO:0009086",NA,NA,NA,NA,NA,NA,1,1
"BP","GO:0009100",NA,NA,NA,NA,NA,NA,1,1
"BP","GO:0009101",NA,NA,NA,NA,NA,NA,1,1
"BP","GO:0009110",NA,NA,NA,NA,NA,NA,1,1
"BP","GO:0009112",NA,NA,NA,NA,NA,NA,1,1
"BP","GO:0009116",NA,NA,NA,NA,NA,NA,1,1
"BP","GO:0009119",NA,NA,NA,NA,NA,NA,1,1
"BP","GO:0009132",NA,NA,NA,NA,NA,NA,1,1
"BP","GO:0009134",NA,NA,NA,NA,NA,NA,1,1
"BP","GO:0009135",NA,NA,NA,NA,NA,NA,1,1
"BP","GO:0009137",NA,NA,NA,NA,NA,NA,1,1
"BP","GO:0009147",NA,NA,NA,NA,NA,NA,1,1
"BP","GO:0009148",NA,NA,NA,NA,NA,NA,1,1
"BP","GO:0009154",NA,NA,NA,NA,NA,NA,1,1
"BP","GO:0009163",NA,NA,NA,NA,NA,NA,1,1
"BP","GO:0009164",NA,NA,NA,NA,NA,NA,1,1
"BP","GO:0009166",NA,NA,NA,NA,NA,NA,1,1
"BP","GO:0009179",NA,NA,NA,NA,NA,NA,1,1
"BP","GO:0009181",NA,NA,NA,NA,NA,NA,1,1
"BP","GO:0009185",NA,NA,NA,NA,NA,NA,1,1
"BP","GO:0009187",NA,NA,NA,NA,NA,NA,1,1
"BP","GO:0009190",NA,NA,NA,NA,NA,NA,1,1
"BP","GO:0009191",NA,NA,NA,NA,NA,NA,1,1
"BP","GO:0009208",NA,NA,NA,NA,NA,NA,1,1
"BP","GO:0009209",NA,NA,NA,NA,NA,NA,1,1
"BP","GO:0009218",NA,NA,NA,NA,NA,NA,1,1
"BP","GO:0009220",NA,NA,NA,NA,NA,NA,1,1
"BP","GO:0009225",NA,NA,NA,NA,NA,NA,1,1
"BP","GO:0009226",NA,NA,NA,NA,NA,NA,1,1
"BP","GO:0009247",NA,NA,NA,NA,NA,NA,1,1
"BP","GO:0009250",NA,NA,NA,NA,NA,NA,1,1
"BP","GO:0009261",NA,NA,NA,NA,NA,NA,1,1
"BP","GO:0009262",NA,NA,NA,NA,NA,NA,1,1
"BP","GO:0009263",NA,NA,NA,NA,NA,NA,1,1
"BP","GO:0009266",NA,NA,NA,NA,NA,NA,1,1
"BP","GO:0009267",NA,NA,NA,NA,NA,NA,1,1
"BP","GO:0009306",NA,NA,NA,NA,NA,NA,1,1
"BP","GO:0009308",NA,NA,NA,NA,NA,NA,1,1
"BP","GO:0009309",NA,NA,NA,NA,NA,NA,1,1
"BP","GO:0009395",NA,NA,NA,NA,NA,NA,1,1
"BP","GO:0009396",NA,NA,NA,NA,NA,NA,1,1
"BP","GO:0009408",NA,NA,NA,NA,NA,NA,1,1
"BP","GO:0009409",NA,NA,NA,NA,NA,NA,1,1
"BP","GO:0009410",NA,NA,NA,NA,NA,NA,1,1
"BP","GO:0009411",NA,NA,NA,NA,NA,NA,1,1
"BP","GO:0009416",NA,NA,NA,NA,NA,NA,1,1
"BP","GO:0009448",NA,NA,NA,NA,NA,NA,1,1
"BP","GO:0009451",NA,NA,NA,NA,NA,NA,1,1
"BP","GO:0009452",NA,NA,NA,NA,NA,NA,1,1
"BP","GO:0009566",NA,NA,NA,NA,NA,NA,1,1
"BP","GO:0009581",NA,NA,NA,NA,NA,NA,1,1
"BP","GO:0009582",NA,NA,NA,NA,NA,NA,1,1
"BP","GO:0009583",NA,NA,NA,NA,NA,NA,1,1
"BP","GO:0009612",NA,NA,NA,NA,NA,NA,1,1
"BP","GO:0009620",NA,NA,NA,NA,NA,NA,1,1
"BP","GO:0009636",NA,NA,NA,NA,NA,NA,1,1
"BP","GO:0009648",NA,NA,NA,NA,NA,NA,1,1
"BP","GO:0009651",NA,NA,NA,NA,NA,NA,1,1
"BP","GO:0009743",NA,NA,NA,NA,NA,NA,1,1
"BP","GO:0009746",NA,NA,NA,NA,NA,NA,1,1
"BP","GO:0009749",NA,NA,NA,NA,NA,NA,1,1
"BP","GO:0009755",NA,NA,NA,NA,NA,NA,1,1
"BP","GO:0009792",NA,NA,NA,NA,NA,NA,1,1
"BP","GO:0009798",NA,NA,NA,NA,NA,NA,1,1
"BP","GO:0009826",NA,NA,NA,NA,NA,NA,1,1
"BP","GO:0009880",NA,NA,NA,NA,NA,NA,1,1
"BP","GO:0009891",NA,NA,NA,NA,NA,NA,1,1
"BP","GO:0009893",NA,NA,NA,NA,NA,NA,1,1
"BP","GO:0009894",NA,NA,NA,NA,NA,NA,1,1
"BP","GO:0009896",NA,NA,NA,NA,NA,NA,1,1
"BP","GO:0009913",NA,NA,NA,NA,NA,NA,1,1
"BP","GO:0009914",NA,NA,NA,NA,NA,NA,1,1
"BP","GO:0009948",NA,NA,NA,NA,NA,NA,1,1
"BP","GO:0009950",NA,NA,NA,NA,NA,NA,1,1
"BP","GO:0009952",NA,NA,NA,NA,NA,NA,1,1
"BP","GO:0009966",NA,NA,NA,NA,NA,NA,1,1
"BP","GO:0009967",NA,NA,NA,NA,NA,NA,1,1
"BP","GO:0009968",NA,NA,NA,NA,NA,NA,1,1
"BP","GO:0009988",NA,NA,NA,NA,NA,NA,1,1
"BP","GO:0009994",NA,NA,NA,NA,NA,NA,1,1
"BP","GO:0009996",NA,NA,NA,NA,NA,NA,1,1
"BP","GO:0010038",NA,NA,NA,NA,NA,NA,1,1
"BP","GO:0010092",NA,NA,NA,NA,NA,NA,1,1
"BP","GO:0010171",NA,NA,NA,NA,NA,NA,1,1
"BP","GO:0010256",NA,NA,NA,NA,NA,NA,1,1
"BP","GO:0010257",NA,NA,NA,NA,NA,NA,1,1
"BP","GO:0010389",NA,NA,NA,NA,NA,NA,1,1
"BP","GO:0010453",NA,NA,NA,NA,NA,NA,1,1
"BP","GO:0010454",NA,NA,NA,NA,NA,NA,1,1
"BP","GO:0010469",NA,NA,NA,NA,NA,NA,1,1
"BP","GO:0010498",NA,NA,NA,NA,NA,NA,1,1
"BP","GO:0010506",NA,NA,NA,NA,NA,NA,1,1
"BP","GO:0010508",NA,NA,NA,NA,NA,NA,1,1
"BP","GO:0010557",NA,NA,NA,NA,NA,NA,1,1
"BP","GO:0010562",NA,NA,NA,NA,NA,NA,1,1
"BP","GO:0010563",NA,NA,NA,NA,NA,NA,1,1
"BP","GO:0010565",NA,NA,NA,NA,NA,NA,1,1
"BP","GO:0010604",NA,NA,NA,NA,NA,NA,1,1
"BP","GO:0010608",NA,NA,NA,NA,NA,NA,1,1
"BP","GO:0010628",NA,NA,NA,NA,NA,NA,1,1
"BP","GO:0010629",NA,NA,NA,NA,NA,NA,1,1
"BP","GO:0010631",NA,NA,NA,NA,NA,NA,1,1
"BP","GO:0010638",NA,NA,NA,NA,NA,NA,1,1
"BP","GO:0010646",NA,NA,NA,NA,NA,NA,1,1
"BP","GO:0010647",NA,NA,NA,NA,NA,NA,1,1
"BP","GO:0010648",NA,NA,NA,NA,NA,NA,1,1
"BP","GO:0010669",NA,NA,NA,NA,NA,NA,1,1
"BP","GO:0010720",NA,NA,NA,NA,NA,NA,1,1
"BP","GO:0010721",NA,NA,NA,NA,NA,NA,1,1
"BP","GO:0010833",NA,NA,NA,NA,NA,NA,1,1
"BP","GO:0010842",NA,NA,NA,NA,NA,NA,1,1
"BP","GO:0010876",NA,NA,NA,NA,NA,NA,1,1
"BP","GO:0010906",NA,NA,NA,NA,NA,NA,1,1
"BP","GO:0010959",NA,NA,NA,NA,NA,NA,1,1
"BP","GO:0010960",NA,NA,NA,NA,NA,NA,1,1
"BP","GO:0010965",NA,NA,NA,NA,NA,NA,1,1
"BP","GO:0010970",NA,NA,NA,NA,NA,NA,1,1
"BP","GO:0010972",NA,NA,NA,NA,NA,NA,1,1
"BP","GO:0010975",NA,NA,NA,NA,NA,NA,1,1
"BP","GO:0010977",NA,NA,NA,NA,NA,NA,1,1
"BP","GO:0012501",NA,NA,NA,NA,NA,NA,1,1
"BP","GO:0014003",NA,NA,NA,NA,NA,NA,1,1
"BP","GO:0014020",NA,NA,NA,NA,NA,NA,1,1
"BP","GO:0014028",NA,NA,NA,NA,NA,NA,1,1
"BP","GO:0014029",NA,NA,NA,NA,NA,NA,1,1
"BP","GO:0014032",NA,NA,NA,NA,NA,NA,1,1
"BP","GO:0014033",NA,NA,NA,NA,NA,NA,1,1
"BP","GO:0014037",NA,NA,NA,NA,NA,NA,1,1
"BP","GO:0014044",NA,NA,NA,NA,NA,NA,1,1
"BP","GO:0014074",NA,NA,NA,NA,NA,NA,1,1
"BP","GO:0014706",NA,NA,NA,NA,NA,NA,1,1
"BP","GO:0014812",NA,NA,NA,NA,NA,NA,1,1
"BP","GO:0014823",NA,NA,NA,NA,NA,NA,1,1
"BP","GO:0014855",NA,NA,NA,NA,NA,NA,1,1
"BP","GO:0014866",NA,NA,NA,NA,NA,NA,1,1
"BP","GO:0014902",NA,NA,NA,NA,NA,NA,1,1
"BP","GO:0014904",NA,NA,NA,NA,NA,NA,1,1
"BP","GO:0015012",NA,NA,NA,NA,NA,NA,1,1
"BP","GO:0015074",NA,NA,NA,NA,NA,NA,1,1
"BP","GO:0015669",NA,NA,NA,NA,NA,NA,1,1
"BP","GO:0015671",NA,NA,NA,NA,NA,NA,1,1
"BP","GO:0015693",NA,NA,NA,NA,NA,NA,1,1
"BP","GO:0015698",NA,NA,NA,NA,NA,NA,1,1
"BP","GO:0015711",NA,NA,NA,NA,NA,NA,1,1
"BP","GO:0015718",NA,NA,NA,NA,NA,NA,1,1
"BP","GO:0015721",NA,NA,NA,NA,NA,NA,1,1
"BP","GO:0015748",NA,NA,NA,NA,NA,NA,1,1
"BP","GO:0015749",NA,NA,NA,NA,NA,NA,1,1
"BP","GO:0015780",NA,NA,NA,NA,NA,NA,1,1
"BP","GO:0015833",NA,NA,NA,NA,NA,NA,1,1
"BP","GO:0015849",NA,NA,NA,NA,NA,NA,1,1
"BP","GO:0015850",NA,NA,NA,NA,NA,NA,1,1
"BP","GO:0015908",NA,NA,NA,NA,NA,NA,1,1
"BP","GO:0015909",NA,NA,NA,NA,NA,NA,1,1
"BP","GO:0015914",NA,NA,NA,NA,NA,NA,1,1
"BP","GO:0015918",NA,NA,NA,NA,NA,NA,1,1
"BP","GO:0015931",NA,NA,NA,NA,NA,NA,1,1
"BP","GO:0015936",NA,NA,NA,NA,NA,NA,1,1
"BP","GO:0015937",NA,NA,NA,NA,NA,NA,1,1
"BP","GO:0015980",NA,NA,NA,NA,NA,NA,1,1
"BP","GO:0016042",NA,NA,NA,NA,NA,NA,1,1
"BP","GO:0016049",NA,NA,NA,NA,NA,NA,1,1
"BP","GO:0016051",NA,NA,NA,NA,NA,NA,1,1
"BP","GO:0016052",NA,NA,NA,NA,NA,NA,1,1
"BP","GO:0016054",NA,NA,NA,NA,NA,NA,1,1
"BP","GO:0016072",NA,NA,NA,NA,NA,NA,1,1
"BP","GO:0016073",NA,NA,NA,NA,NA,NA,1,1
"BP","GO:0016079",NA,NA,NA,NA,NA,NA,1,1
"BP","GO:0016101",NA,NA,NA,NA,NA,NA,1,1
"BP","GO:0016102",NA,NA,NA,NA,NA,NA,1,1
"BP","GO:0016114",NA,NA,NA,NA,NA,NA,1,1
"BP","GO:0016125",NA,NA,NA,NA,NA,NA,1,1
"BP","GO:0016126",NA,NA,NA,NA,NA,NA,1,1
"BP","GO:0016180",NA,NA,NA,NA,NA,NA,1,1
"BP","GO:0016197",NA,NA,NA,NA,NA,NA,1,1
"BP","GO:0016198",NA,NA,NA,NA,NA,NA,1,1
"BP","GO:0016199",NA,NA,NA,NA,NA,NA,1,1
"BP","GO:0016203",NA,NA,NA,NA,NA,NA,1,1
"BP","GO:0016226",NA,NA,NA,NA,NA,NA,1,1
"BP","GO:0016233",NA,NA,NA,NA,NA,NA,1,1
"BP","GO:0016236",NA,NA,NA,NA,NA,NA,1,1
"BP","GO:0016331",NA,NA,NA,NA,NA,NA,1,1
"BP","GO:0016358",NA,NA,NA,NA,NA,NA,1,1
"BP","GO:0016441",NA,NA,NA,NA,NA,NA,1,1
"BP","GO:0016482",NA,NA,NA,NA,NA,NA,1,1
"BP","GO:0016485",NA,NA,NA,NA,NA,NA,1,1
"BP","GO:0016525",NA,NA,NA,NA,NA,NA,1,1
"BP","GO:0016540",NA,NA,NA,NA,NA,NA,1,1
"BP","GO:0016567",NA,NA,NA,NA,NA,NA,1,1
"BP","GO:0017004",NA,NA,NA,NA,NA,NA,1,1
"BP","GO:0017015",NA,NA,NA,NA,NA,NA,1,1
"BP","GO:0017121",NA,NA,NA,NA,NA,NA,1,1
"BP","GO:0017148",NA,NA,NA,NA,NA,NA,1,1
"BP","GO:0017156",NA,NA,NA,NA,NA,NA,1,1
"BP","GO:0017157",NA,NA,NA,NA,NA,NA,1,1
"BP","GO:0018095",NA,NA,NA,NA,NA,NA,1,1
"BP","GO:0018108",NA,NA,NA,NA,NA,NA,1,1
"BP","GO:0018193",NA,NA,NA,NA,NA,NA,1,1
"BP","GO:0018195",NA,NA,NA,NA,NA,NA,1,1
"BP","GO:0018200",NA,NA,NA,NA,NA,NA,1,1
"BP","GO:0018205",NA,NA,NA,NA,NA,NA,1,1
"BP","GO:0018208",NA,NA,NA,NA,NA,NA,1,1
"BP","GO:0018212",NA,NA,NA,NA,NA,NA,1,1
"BP","GO:0018216",NA,NA,NA,NA,NA,NA,1,1
"BP","GO:0018279",NA,NA,NA,NA,NA,NA,1,1
"BP","GO:0018342",NA,NA,NA,NA,NA,NA,1,1
"BP","GO:0018345",NA,NA,NA,NA,NA,NA,1,1
"BP","GO:0018958",NA,NA,NA,NA,NA,NA,1,1
"BP","GO:0019216",NA,NA,NA,NA,NA,NA,1,1
"BP","GO:0019221",NA,NA,NA,NA,NA,NA,1,1
"BP","GO:0019226",NA,NA,NA,NA,NA,NA,1,1
"BP","GO:0019228",NA,NA,NA,NA,NA,NA,1,1
"BP","GO:0019229",NA,NA,NA,NA,NA,NA,1,1
"BP","GO:0019318",NA,NA,NA,NA,NA,NA,1,1
"BP","GO:0019319",NA,NA,NA,NA,NA,NA,1,1
"BP","GO:0019364",NA,NA,NA,NA,NA,NA,1,1
"BP","GO:0019367",NA,NA,NA,NA,NA,NA,1,1
"BP","GO:0019395",NA,NA,NA,NA,NA,NA,1,1
"BP","GO:0019441",NA,NA,NA,NA,NA,NA,1,1
"BP","GO:0019646",NA,NA,NA,NA,NA,NA,1,1
"BP","GO:0019720",NA,NA,NA,NA,NA,NA,1,1
"BP","GO:0019722",NA,NA,NA,NA,NA,NA,1,1
"BP","GO:0019747",NA,NA,NA,NA,NA,NA,1,1
"BP","GO:0019751",NA,NA,NA,NA,NA,NA,1,1
"BP","GO:0019755",NA,NA,NA,NA,NA,NA,1,1
"BP","GO:0019827",NA,NA,NA,NA,NA,NA,1,1
"BP","GO:0019835",NA,NA,NA,NA,NA,NA,1,1
"BP","GO:0019856",NA,NA,NA,NA,NA,NA,1,1
"BP","GO:0019882",NA,NA,NA,NA,NA,NA,1,1
"BP","GO:0019915",NA,NA,NA,NA,NA,NA,1,1
"BP","GO:0019953",NA,NA,NA,NA,NA,NA,1,1
"BP","GO:0021508",NA,NA,NA,NA,NA,NA,1,1
"BP","GO:0021514",NA,NA,NA,NA,NA,NA,1,1
"BP","GO:0021517",NA,NA,NA,NA,NA,NA,1,1
"BP","GO:0021520",NA,NA,NA,NA,NA,NA,1,1
"BP","GO:0021522",NA,NA,NA,NA,NA,NA,1,1
"BP","GO:0021532",NA,NA,NA,NA,NA,NA,1,1
"BP","GO:0021533",NA,NA,NA,NA,NA,NA,1,1
"BP","GO:0021535",NA,NA,NA,NA,NA,NA,1,1
"BP","GO:0021536",NA,NA,NA,NA,NA,NA,1,1
"BP","GO:0021537",NA,NA,NA,NA,NA,NA,1,1
"BP","GO:0021538",NA,NA,NA,NA,NA,NA,1,1
"BP","GO:0021545",NA,NA,NA,NA,NA,NA,1,1
"BP","GO:0021546",NA,NA,NA,NA,NA,NA,1,1
"BP","GO:0021548",NA,NA,NA,NA,NA,NA,1,1
"BP","GO:0021549",NA,NA,NA,NA,NA,NA,1,1
"BP","GO:0021551",NA,NA,NA,NA,NA,NA,1,1
"BP","GO:0021554",NA,NA,NA,NA,NA,NA,1,1
"BP","GO:0021555",NA,NA,NA,NA,NA,NA,1,1
"BP","GO:0021575",NA,NA,NA,NA,NA,NA,1,1
"BP","GO:0021576",NA,NA,NA,NA,NA,NA,1,1
"BP","GO:0021587",NA,NA,NA,NA,NA,NA,1,1
"BP","GO:0021591",NA,NA,NA,NA,NA,NA,1,1
"BP","GO:0021592",NA,NA,NA,NA,NA,NA,1,1
"BP","GO:0021593",NA,NA,NA,NA,NA,NA,1,1
"BP","GO:0021594",NA,NA,NA,NA,NA,NA,1,1
"BP","GO:0021602",NA,NA,NA,NA,NA,NA,1,1
"BP","GO:0021603",NA,NA,NA,NA,NA,NA,1,1
"BP","GO:0021631",NA,NA,NA,NA,NA,NA,1,1
"BP","GO:0021654",NA,NA,NA,NA,NA,NA,1,1
"BP","GO:0021675",NA,NA,NA,NA,NA,NA,1,1
"BP","GO:0021680",NA,NA,NA,NA,NA,NA,1,1
"BP","GO:0021681",NA,NA,NA,NA,NA,NA,1,1
"BP","GO:0021683",NA,NA,NA,NA,NA,NA,1,1
"BP","GO:0021684",NA,NA,NA,NA,NA,NA,1,1
"BP","GO:0021692",NA,NA,NA,NA,NA,NA,1,1
"BP","GO:0021695",NA,NA,NA,NA,NA,NA,1,1
"BP","GO:0021696",NA,NA,NA,NA,NA,NA,1,1
"BP","GO:0021697",NA,NA,NA,NA,NA,NA,1,1
"BP","GO:0021700",NA,NA,NA,NA,NA,NA,1,1
"BP","GO:0021703",NA,NA,NA,NA,NA,NA,1,1
"BP","GO:0021707",NA,NA,NA,NA,NA,NA,1,1
"BP","GO:0021754",NA,NA,NA,NA,NA,NA,1,1
"BP","GO:0021761",NA,NA,NA,NA,NA,NA,1,1
"BP","GO:0021772",NA,NA,NA,NA,NA,NA,1,1
"BP","GO:0021782",NA,NA,NA,NA,NA,NA,1,1
"BP","GO:0021783",NA,NA,NA,NA,NA,NA,1,1
"BP","GO:0021794",NA,NA,NA,NA,NA,NA,1,1
"BP","GO:0021854",NA,NA,NA,NA,NA,NA,1,1
"BP","GO:0021884",NA,NA,NA,NA,NA,NA,1,1
"BP","GO:0021903",NA,NA,NA,NA,NA,NA,1,1
"BP","GO:0021915",NA,NA,NA,NA,NA,NA,1,1
"BP","GO:0021952",NA,NA,NA,NA,NA,NA,1,1
"BP","GO:0021954",NA,NA,NA,NA,NA,NA,1,1
"BP","GO:0021955",NA,NA,NA,NA,NA,NA,1,1
"BP","GO:0021979",NA,NA,NA,NA,NA,NA,1,1
"BP","GO:0021983",NA,NA,NA,NA,NA,NA,1,1
"BP","GO:0021984",NA,NA,NA,NA,NA,NA,1,1
"BP","GO:0021986",NA,NA,NA,NA,NA,NA,1,1
"BP","GO:0021988",NA,NA,NA,NA,NA,NA,1,1
"BP","GO:0021999",NA,NA,NA,NA,NA,NA,1,1
"BP","GO:0022011",NA,NA,NA,NA,NA,NA,1,1
"BP","GO:0022037",NA,NA,NA,NA,NA,NA,1,1
"BP","GO:0022406",NA,NA,NA,NA,NA,NA,1,1
"BP","GO:0022407",NA,NA,NA,NA,NA,NA,1,1
"BP","GO:0022408",NA,NA,NA,NA,NA,NA,1,1
"BP","GO:0022412",NA,NA,NA,NA,NA,NA,1,1
"BP","GO:0022414",NA,NA,NA,NA,NA,NA,1,1
"BP","GO:0022600",NA,NA,NA,NA,NA,NA,1,1
"BP","GO:0022603",NA,NA,NA,NA,NA,NA,1,1
"BP","GO:0022604",NA,NA,NA,NA,NA,NA,1,1
"BP","GO:0022612",NA,NA,NA,NA,NA,NA,1,1
"BP","GO:0022613",NA,NA,NA,NA,NA,NA,1,1
"BP","GO:0022618",NA,NA,NA,NA,NA,NA,1,1
"BP","GO:0022898",NA,NA,NA,NA,NA,NA,1,1
"BP","GO:0022900",NA,NA,NA,NA,NA,NA,1,1
"BP","GO:0022904",NA,NA,NA,NA,NA,NA,1,1
"BP","GO:0023051",NA,NA,NA,NA,NA,NA,1,1
"BP","GO:0023056",NA,NA,NA,NA,NA,NA,1,1
"BP","GO:0023057",NA,NA,NA,NA,NA,NA,1,1
"BP","GO:0023061",NA,NA,NA,NA,NA,NA,1,1
"BP","GO:0030010",NA,NA,NA,NA,NA,NA,1,1
"BP","GO:0030011",NA,NA,NA,NA,NA,NA,1,1
"BP","GO:0030038",NA,NA,NA,NA,NA,NA,1,1
"BP","GO:0030071",NA,NA,NA,NA,NA,NA,1,1
"BP","GO:0030072",NA,NA,NA,NA,NA,NA,1,1
"BP","GO:0030073",NA,NA,NA,NA,NA,NA,1,1
"BP","GO:0030098",NA,NA,NA,NA,NA,NA,1,1
"BP","GO:0030099",NA,NA,NA,NA,NA,NA,1,1
"BP","GO:0030100",NA,NA,NA,NA,NA,NA,1,1
"BP","GO:0030111",NA,NA,NA,NA,NA,NA,1,1
"BP","GO:0030148",NA,NA,NA,NA,NA,NA,1,1
"BP","GO:0030149",NA,NA,NA,NA,NA,NA,1,1
"BP","GO:0030150",NA,NA,NA,NA,NA,NA,1,1
"BP","GO:0030155",NA,NA,NA,NA,NA,NA,1,1
"BP","GO:0030162",NA,NA,NA,NA,NA,NA,1,1
"BP","GO:0030166",NA,NA,NA,NA,NA,NA,1,1
"BP","GO:0030168",NA,NA,NA,NA,NA,NA,1,1
"BP","GO:0030177",NA,NA,NA,NA,NA,NA,1,1
"BP","GO:0030178",NA,NA,NA,NA,NA,NA,1,1
"BP","GO:0030193",NA,NA,NA,NA,NA,NA,1,1
"BP","GO:0030198",NA,NA,NA,NA,NA,NA,1,1
"BP","GO:0030201",NA,NA,NA,NA,NA,NA,1,1
"BP","GO:0030203",NA,NA,NA,NA,NA,NA,1,1
"BP","GO:0030212",NA,NA,NA,NA,NA,NA,1,1
"BP","GO:0030217",NA,NA,NA,NA,NA,NA,1,1
"BP","GO:0030218",NA,NA,NA,NA,NA,NA,1,1
"BP","GO:0030223",NA,NA,NA,NA,NA,NA,1,1
"BP","GO:0030225",NA,NA,NA,NA,NA,NA,1,1
"BP","GO:0030258",NA,NA,NA,NA,NA,NA,1,1
"BP","GO:0030261",NA,NA,NA,NA,NA,NA,1,1
"BP","GO:0030277",NA,NA,NA,NA,NA,NA,1,1
"BP","GO:0030278",NA,NA,NA,NA,NA,NA,1,1
"BP","GO:0030282",NA,NA,NA,NA,NA,NA,1,1
"BP","GO:0030301",NA,NA,NA,NA,NA,NA,1,1
"BP","GO:0030317",NA,NA,NA,NA,NA,NA,1,1
"BP","GO:0030318",NA,NA,NA,NA,NA,NA,1,1
"BP","GO:0030325",NA,NA,NA,NA,NA,NA,1,1
"BP","GO:0030334",NA,NA,NA,NA,NA,NA,1,1
"BP","GO:0030335",NA,NA,NA,NA,NA,NA,1,1
"BP","GO:0030336",NA,NA,NA,NA,NA,NA,1,1
"BP","GO:0030431",NA,NA,NA,NA,NA,NA,1,1
"BP","GO:0030488",NA,NA,NA,NA,NA,NA,1,1
"BP","GO:0030497",NA,NA,NA,NA,NA,NA,1,1
"BP","GO:0030500",NA,NA,NA,NA,NA,NA,1,1
"BP","GO:0030509",NA,NA,NA,NA,NA,NA,1,1
"BP","GO:0030510",NA,NA,NA,NA,NA,NA,1,1
"BP","GO:0030512",NA,NA,NA,NA,NA,NA,1,1
"BP","GO:0030513",NA,NA,NA,NA,NA,NA,1,1
"BP","GO:0030514",NA,NA,NA,NA,NA,NA,1,1
"BP","GO:0030516",NA,NA,NA,NA,NA,NA,1,1
"BP","GO:0030522",NA,NA,NA,NA,NA,NA,1,1
"BP","GO:0030534",NA,NA,NA,NA,NA,NA,1,1
"BP","GO:0030537",NA,NA,NA,NA,NA,NA,1,1
"BP","GO:0030641",NA,NA,NA,NA,NA,NA,1,1
"BP","GO:0030656",NA,NA,NA,NA,NA,NA,1,1
"BP","GO:0030705",NA,NA,NA,NA,NA,NA,1,1
"BP","GO:0030728",NA,NA,NA,NA,NA,NA,1,1
"BP","GO:0030851",NA,NA,NA,NA,NA,NA,1,1
"BP","GO:0030855",NA,NA,NA,NA,NA,NA,1,1
"BP","GO:0030856",NA,NA,NA,NA,NA,NA,1,1
"BP","GO:0030865",NA,NA,NA,NA,NA,NA,1,1
"BP","GO:0030866",NA,NA,NA,NA,NA,NA,1,1
"BP","GO:0030878",NA,NA,NA,NA,NA,NA,1,1
"BP","GO:0030901",NA,NA,NA,NA,NA,NA,1,1
"BP","GO:0030902",NA,NA,NA,NA,NA,NA,1,1
"BP","GO:0030903",NA,NA,NA,NA,NA,NA,1,1
"BP","GO:0030916",NA,NA,NA,NA,NA,NA,1,1
"BP","GO:0030917",NA,NA,NA,NA,NA,NA,1,1
"BP","GO:0030947",NA,NA,NA,NA,NA,NA,1,1
"BP","GO:0030968",NA,NA,NA,NA,NA,NA,1,1
"BP","GO:0031016",NA,NA,NA,NA,NA,NA,1,1
"BP","GO:0031017",NA,NA,NA,NA,NA,NA,1,1
"BP","GO:0031018",NA,NA,NA,NA,NA,NA,1,1
"BP","GO:0031023",NA,NA,NA,NA,NA,NA,1,1
"BP","GO:0031047",NA,NA,NA,NA,NA,NA,1,1
"BP","GO:0031099",NA,NA,NA,NA,NA,NA,1,1
"BP","GO:0031100",NA,NA,NA,NA,NA,NA,1,1
"BP","GO:0031101",NA,NA,NA,NA,NA,NA,1,1
"BP","GO:0031102",NA,NA,NA,NA,NA,NA,1,1
"BP","GO:0031103",NA,NA,NA,NA,NA,NA,1,1
"BP","GO:0031109",NA,NA,NA,NA,NA,NA,1,1
"BP","GO:0031110",NA,NA,NA,NA,NA,NA,1,1
"BP","GO:0031122",NA,NA,NA,NA,NA,NA,1,1
"BP","GO:0031123",NA,NA,NA,NA,NA,NA,1,1
"BP","GO:0031128",NA,NA,NA,NA,NA,NA,1,1
"BP","GO:0031146",NA,NA,NA,NA,NA,NA,1,1
"BP","GO:0031163",NA,NA,NA,NA,NA,NA,1,1
"BP","GO:0031167",NA,NA,NA,NA,NA,NA,1,1
"BP","GO:0031214",NA,NA,NA,NA,NA,NA,1,1
"BP","GO:0031290",NA,NA,NA,NA,NA,NA,1,1
"BP","GO:0031344",NA,NA,NA,NA,NA,NA,1,1
"BP","GO:0031345",NA,NA,NA,NA,NA,NA,1,1
"BP","GO:0031346",NA,NA,NA,NA,NA,NA,1,1
"BP","GO:0031347",NA,NA,NA,NA,NA,NA,1,1
"BP","GO:0031349",NA,NA,NA,NA,NA,NA,1,1
"BP","GO:0031365",NA,NA,NA,NA,NA,NA,1,1
"BP","GO:0031396",NA,NA,NA,NA,NA,NA,1,1
"BP","GO:0031400",NA,NA,NA,NA,NA,NA,1,1
"BP","GO:0031401",NA,NA,NA,NA,NA,NA,1,1
"BP","GO:0031503",NA,NA,NA,NA,NA,NA,1,1
"BP","GO:0031577",NA,NA,NA,NA,NA,NA,1,1
"BP","GO:0031579",NA,NA,NA,NA,NA,NA,1,1
"BP","GO:0031589",NA,NA,NA,NA,NA,NA,1,1
"BP","GO:0031640",NA,NA,NA,NA,NA,NA,1,1
"BP","GO:0031644",NA,NA,NA,NA,NA,NA,1,1
"BP","GO:0031647",NA,NA,NA,NA,NA,NA,1,1
"BP","GO:0031669",NA,NA,NA,NA,NA,NA,1,1
"BP","GO:0031929",NA,NA,NA,NA,NA,NA,1,1
"BP","GO:0032006",NA,NA,NA,NA,NA,NA,1,1
"BP","GO:0032007",NA,NA,NA,NA,NA,NA,1,1
"BP","GO:0032008",NA,NA,NA,NA,NA,NA,1,1
"BP","GO:0032011",NA,NA,NA,NA,NA,NA,1,1
"BP","GO:0032012",NA,NA,NA,NA,NA,NA,1,1
"BP","GO:0032094",NA,NA,NA,NA,NA,NA,1,1
"BP","GO:0032095",NA,NA,NA,NA,NA,NA,1,1
"BP","GO:0032096",NA,NA,NA,NA,NA,NA,1,1
"BP","GO:0032098",NA,NA,NA,NA,NA,NA,1,1
"BP","GO:0032099",NA,NA,NA,NA,NA,NA,1,1
"BP","GO:0032101",NA,NA,NA,NA,NA,NA,1,1
"BP","GO:0032102",NA,NA,NA,NA,NA,NA,1,1
"BP","GO:0032103",NA,NA,NA,NA,NA,NA,1,1
"BP","GO:0032107",NA,NA,NA,NA,NA,NA,1,1
"BP","GO:0032108",NA,NA,NA,NA,NA,NA,1,1
"BP","GO:0032147",NA,NA,NA,NA,NA,NA,1,1
"BP","GO:0032196",NA,NA,NA,NA,NA,NA,1,1
"BP","GO:0032200",NA,NA,NA,NA,NA,NA,1,1
"BP","GO:0032231",NA,NA,NA,NA,NA,NA,1,1
"BP","GO:0032259",NA,NA,NA,NA,NA,NA,1,1
"BP","GO:0032292",NA,NA,NA,NA,NA,NA,1,1
"BP","GO:0032309",NA,NA,NA,NA,NA,NA,1,1
"BP","GO:0032324",NA,NA,NA,NA,NA,NA,1,1
"BP","GO:0032330",NA,NA,NA,NA,NA,NA,1,1
"BP","GO:0032350",NA,NA,NA,NA,NA,NA,1,1
"BP","GO:0032365",NA,NA,NA,NA,NA,NA,1,1
"BP","GO:0032400",NA,NA,NA,NA,NA,NA,1,1
"BP","GO:0032401",NA,NA,NA,NA,NA,NA,1,1
"BP","GO:0032402",NA,NA,NA,NA,NA,NA,1,1
"BP","GO:0032409",NA,NA,NA,NA,NA,NA,1,1
"BP","GO:0032410",NA,NA,NA,NA,NA,NA,1,1
"BP","GO:0032412",NA,NA,NA,NA,NA,NA,1,1
"BP","GO:0032413",NA,NA,NA,NA,NA,NA,1,1
"BP","GO:0032438",NA,NA,NA,NA,NA,NA,1,1
"BP","GO:0032446",NA,NA,NA,NA,NA,NA,1,1
"BP","GO:0032456",NA,NA,NA,NA,NA,NA,1,1
"BP","GO:0032465",NA,NA,NA,NA,NA,NA,1,1
"BP","GO:0032474",NA,NA,NA,NA,NA,NA,1,1
"BP","GO:0032482",NA,NA,NA,NA,NA,NA,1,1
"BP","GO:0032486",NA,NA,NA,NA,NA,NA,1,1
"BP","GO:0032496",NA,NA,NA,NA,NA,NA,1,1
"BP","GO:0032526",NA,NA,NA,NA,NA,NA,1,1
"BP","GO:0032543",NA,NA,NA,NA,NA,NA,1,1
"BP","GO:0032784",NA,NA,NA,NA,NA,NA,1,1
"BP","GO:0032787",NA,NA,NA,NA,NA,NA,1,1
"BP","GO:0032793",NA,NA,NA,NA,NA,NA,1,1
"BP","GO:0032836",NA,NA,NA,NA,NA,NA,1,1
"BP","GO:0032868",NA,NA,NA,NA,NA,NA,1,1
"BP","GO:0032869",NA,NA,NA,NA,NA,NA,1,1
"BP","GO:0032870",NA,NA,NA,NA,NA,NA,1,1
"BP","GO:0032879",NA,NA,NA,NA,NA,NA,1,1
"BP","GO:0032880",NA,NA,NA,NA,NA,NA,1,1
"BP","GO:0032886",NA,NA,NA,NA,NA,NA,1,1
"BP","GO:0032924",NA,NA,NA,NA,NA,NA,1,1
"BP","GO:0032925",NA,NA,NA,NA,NA,NA,1,1
"BP","GO:0032958",NA,NA,NA,NA,NA,NA,1,1
"BP","GO:0032963",NA,NA,NA,NA,NA,NA,1,1
"BP","GO:0032981",NA,NA,NA,NA,NA,NA,1,1
"BP","GO:0033002",NA,NA,NA,NA,NA,NA,1,1
"BP","GO:0033044",NA,NA,NA,NA,NA,NA,1,1
"BP","GO:0033045",NA,NA,NA,NA,NA,NA,1,1
"BP","GO:0033046",NA,NA,NA,NA,NA,NA,1,1
"BP","GO:0033047",NA,NA,NA,NA,NA,NA,1,1
"BP","GO:0033048",NA,NA,NA,NA,NA,NA,1,1
"BP","GO:0033059",NA,NA,NA,NA,NA,NA,1,1
"BP","GO:0033108",NA,NA,NA,NA,NA,NA,1,1
"BP","GO:0033198",NA,NA,NA,NA,NA,NA,1,1
"BP","GO:0033292",NA,NA,NA,NA,NA,NA,1,1
"BP","GO:0033333",NA,NA,NA,NA,NA,NA,1,1
"BP","GO:0033334",NA,NA,NA,NA,NA,NA,1,1
"BP","GO:0033336",NA,NA,NA,NA,NA,NA,1,1
"BP","GO:0033338",NA,NA,NA,NA,NA,NA,1,1
"BP","GO:0033339",NA,NA,NA,NA,NA,NA,1,1
"BP","GO:0033500",NA,NA,NA,NA,NA,NA,1,1
"BP","GO:0033504",NA,NA,NA,NA,NA,NA,1,1
"BP","GO:0033505",NA,NA,NA,NA,NA,NA,1,1
"BP","GO:0033555",NA,NA,NA,NA,NA,NA,1,1
"BP","GO:0033559",NA,NA,NA,NA,NA,NA,1,1
"BP","GO:0033564",NA,NA,NA,NA,NA,NA,1,1
"BP","GO:0033617",NA,NA,NA,NA,NA,NA,1,1
"BP","GO:0033619",NA,NA,NA,NA,NA,NA,1,1
"BP","GO:0033673",NA,NA,NA,NA,NA,NA,1,1
"BP","GO:0033674",NA,NA,NA,NA,NA,NA,1,1
"BP","GO:0033693",NA,NA,NA,NA,NA,NA,1,1
"BP","GO:0034097",NA,NA,NA,NA,NA,NA,1,1
"BP","GO:0034101",NA,NA,NA,NA,NA,NA,1,1
"BP","GO:0034121",NA,NA,NA,NA,NA,NA,1,1
"BP","GO:0034204",NA,NA,NA,NA,NA,NA,1,1
"BP","GO:0034219",NA,NA,NA,NA,NA,NA,1,1
"BP","GO:0034284",NA,NA,NA,NA,NA,NA,1,1
"BP","GO:0034308",NA,NA,NA,NA,NA,NA,1,1
"BP","GO:0034314",NA,NA,NA,NA,NA,NA,1,1
"BP","GO:0034315",NA,NA,NA,NA,NA,NA,1,1
"BP","GO:0034329",NA,NA,NA,NA,NA,NA,1,1
"BP","GO:0034330",NA,NA,NA,NA,NA,NA,1,1
"BP","GO:0034331",NA,NA,NA,NA,NA,NA,1,1
"BP","GO:0034332",NA,NA,NA,NA,NA,NA,1,1
"BP","GO:0034334",NA,NA,NA,NA,NA,NA,1,1
"BP","GO:0034394",NA,NA,NA,NA,NA,NA,1,1
"BP","GO:0034404",NA,NA,NA,NA,NA,NA,1,1
"BP","GO:0034440",NA,NA,NA,NA,NA,NA,1,1
"BP","GO:0034453",NA,NA,NA,NA,NA,NA,1,1
"BP","GO:0034504",NA,NA,NA,NA,NA,NA,1,1
"BP","GO:0034508",NA,NA,NA,NA,NA,NA,1,1
"BP","GO:0034599",NA,NA,NA,NA,NA,NA,1,1
"BP","GO:0034620",NA,NA,NA,NA,NA,NA,1,1
"BP","GO:0034655",NA,NA,NA,NA,NA,NA,1,1
"BP","GO:0034656",NA,NA,NA,NA,NA,NA,1,1
"BP","GO:0034728",NA,NA,NA,NA,NA,NA,1,1
"BP","GO:0034762",NA,NA,NA,NA,NA,NA,1,1
"BP","GO:0034763",NA,NA,NA,NA,NA,NA,1,1
"BP","GO:0034765",NA,NA,NA,NA,NA,NA,1,1
"BP","GO:0034766",NA,NA,NA,NA,NA,NA,1,1
"BP","GO:0034976",NA,NA,NA,NA,NA,NA,1,1
"BP","GO:0035023",NA,NA,NA,NA,NA,NA,1,1
"BP","GO:0035036",NA,NA,NA,NA,NA,NA,1,1
"BP","GO:0035051",NA,NA,NA,NA,NA,NA,1,1
"BP","GO:0035082",NA,NA,NA,NA,NA,NA,1,1
"BP","GO:0035107",NA,NA,NA,NA,NA,NA,1,1
"BP","GO:0035108",NA,NA,NA,NA,NA,NA,1,1
"BP","GO:0035113",NA,NA,NA,NA,NA,NA,1,1
"BP","GO:0035118",NA,NA,NA,NA,NA,NA,1,1
"BP","GO:0035138",NA,NA,NA,NA,NA,NA,1,1
"BP","GO:0035141",NA,NA,NA,NA,NA,NA,1,1
"BP","GO:0035148",NA,NA,NA,NA,NA,NA,1,1
"BP","GO:0035150",NA,NA,NA,NA,NA,NA,1,1
"BP","GO:0035162",NA,NA,NA,NA,NA,NA,1,1
"BP","GO:0035194",NA,NA,NA,NA,NA,NA,1,1
"BP","GO:0035195",NA,NA,NA,NA,NA,NA,1,1
"BP","GO:0035196",NA,NA,NA,NA,NA,NA,1,1
"BP","GO:0035264",NA,NA,NA,NA,NA,NA,1,1
"BP","GO:0035265",NA,NA,NA,NA,NA,NA,1,1
"BP","GO:0035270",NA,NA,NA,NA,NA,NA,1,1
"BP","GO:0035272",NA,NA,NA,NA,NA,NA,1,1
"BP","GO:0035278",NA,NA,NA,NA,NA,NA,1,1
"BP","GO:0035282",NA,NA,NA,NA,NA,NA,1,1
"BP","GO:0035296",NA,NA,NA,NA,NA,NA,1,1
"BP","GO:0035315",NA,NA,NA,NA,NA,NA,1,1
"BP","GO:0035329",NA,NA,NA,NA,NA,NA,1,1
"BP","GO:0035383",NA,NA,NA,NA,NA,NA,1,1
"BP","GO:0035384",NA,NA,NA,NA,NA,NA,1,1
"BP","GO:0035462",NA,NA,NA,NA,NA,NA,1,1
"BP","GO:0035469",NA,NA,NA,NA,NA,NA,1,1
"BP","GO:0035476",NA,NA,NA,NA,NA,NA,1,1
"BP","GO:0035479",NA,NA,NA,NA,NA,NA,1,1
"BP","GO:0035545",NA,NA,NA,NA,NA,NA,1,1
"BP","GO:0035567",NA,NA,NA,NA,NA,NA,1,1
"BP","GO:0035588",NA,NA,NA,NA,NA,NA,1,1
"BP","GO:0035590",NA,NA,NA,NA,NA,NA,1,1
"BP","GO:0035592",NA,NA,NA,NA,NA,NA,1,1
"BP","GO:0035622",NA,NA,NA,NA,NA,NA,1,1
"BP","GO:0035675",NA,NA,NA,NA,NA,NA,1,1
"BP","GO:0035677",NA,NA,NA,NA,NA,NA,1,1
"BP","GO:0035701",NA,NA,NA,NA,NA,NA,1,1
"BP","GO:0035725",NA,NA,NA,NA,NA,NA,1,1
"BP","GO:0035775",NA,NA,NA,NA,NA,NA,1,1
"BP","GO:0035778",NA,NA,NA,NA,NA,NA,1,1
"BP","GO:0035803",NA,NA,NA,NA,NA,NA,1,1
"BP","GO:0035825",NA,NA,NA,NA,NA,NA,1,1
"BP","GO:0035844",NA,NA,NA,NA,NA,NA,1,1
"BP","GO:0035845",NA,NA,NA,NA,NA,NA,1,1
"BP","GO:0035850",NA,NA,NA,NA,NA,NA,1,1
"BP","GO:0035883",NA,NA,NA,NA,NA,NA,1,1
"BP","GO:0035904",NA,NA,NA,NA,NA,NA,1,1
"BP","GO:0035907",NA,NA,NA,NA,NA,NA,1,1
"BP","GO:0035924",NA,NA,NA,NA,NA,NA,1,1
"BP","GO:0035966",NA,NA,NA,NA,NA,NA,1,1
"BP","GO:0035967",NA,NA,NA,NA,NA,NA,1,1
"BP","GO:0035987",NA,NA,NA,NA,NA,NA,1,1
"BP","GO:0035988",NA,NA,NA,NA,NA,NA,1,1
"BP","GO:0036072",NA,NA,NA,NA,NA,NA,1,1
"BP","GO:0036075",NA,NA,NA,NA,NA,NA,1,1
"BP","GO:0036230",NA,NA,NA,NA,NA,NA,1,1
"BP","GO:0036260",NA,NA,NA,NA,NA,NA,1,1
"BP","GO:0036268",NA,NA,NA,NA,NA,NA,1,1
"BP","GO:0036269",NA,NA,NA,NA,NA,NA,1,1
"BP","GO:0036293",NA,NA,NA,NA,NA,NA,1,1
"BP","GO:0036297",NA,NA,NA,NA,NA,NA,1,1
"BP","GO:0036302",NA,NA,NA,NA,NA,NA,1,1
"BP","GO:0036303",NA,NA,NA,NA,NA,NA,1,1
"BP","GO:0036342",NA,NA,NA,NA,NA,NA,1,1
"BP","GO:0036368",NA,NA,NA,NA,NA,NA,1,1
"BP","GO:0038007",NA,NA,NA,NA,NA,NA,1,1
"BP","GO:0038061",NA,NA,NA,NA,NA,NA,1,1
"BP","GO:0038084",NA,NA,NA,NA,NA,NA,1,1
"BP","GO:0038092",NA,NA,NA,NA,NA,NA,1,1
"BP","GO:0039014",NA,NA,NA,NA,NA,NA,1,1
"BP","GO:0039020",NA,NA,NA,NA,NA,NA,1,1
"BP","GO:0039022",NA,NA,NA,NA,NA,NA,1,1
"BP","GO:0039023",NA,NA,NA,NA,NA,NA,1,1
"BP","GO:0040001",NA,NA,NA,NA,NA,NA,1,1
"BP","GO:0040007",NA,NA,NA,NA,NA,NA,1,1
"BP","GO:0040008",NA,NA,NA,NA,NA,NA,1,1
"BP","GO:0040012",NA,NA,NA,NA,NA,NA,1,1
"BP","GO:0040013",NA,NA,NA,NA,NA,NA,1,1
"BP","GO:0040017",NA,NA,NA,NA,NA,NA,1,1
"BP","GO:0040029",NA,NA,NA,NA,NA,NA,1,1
"BP","GO:0040036",NA,NA,NA,NA,NA,NA,1,1
"BP","GO:0042073",NA,NA,NA,NA,NA,NA,1,1
"BP","GO:0042074",NA,NA,NA,NA,NA,NA,1,1
"BP","GO:0042110",NA,NA,NA,NA,NA,NA,1,1
"BP","GO:0042119",NA,NA,NA,NA,NA,NA,1,1
"BP","GO:0042127",NA,NA,NA,NA,NA,NA,1,1
"BP","GO:0042147",NA,NA,NA,NA,NA,NA,1,1
"BP","GO:0042157",NA,NA,NA,NA,NA,NA,1,1
"BP","GO:0042158",NA,NA,NA,NA,NA,NA,1,1
"BP","GO:0042168",NA,NA,NA,NA,NA,NA,1,1
"BP","GO:0042176",NA,NA,NA,NA,NA,NA,1,1
"BP","GO:0042180",NA,NA,NA,NA,NA,NA,1,1
"BP","GO:0042181",NA,NA,NA,NA,NA,NA,1,1
"BP","GO:0042219",NA,NA,NA,NA,NA,NA,1,1
"BP","GO:0042246",NA,NA,NA,NA,NA,NA,1,1
"BP","GO:0042254",NA,NA,NA,NA,NA,NA,1,1
"BP","GO:0042255",NA,NA,NA,NA,NA,NA,1,1
"BP","GO:0042273",NA,NA,NA,NA,NA,NA,1,1
"BP","GO:0042274",NA,NA,NA,NA,NA,NA,1,1
"BP","GO:0042278",NA,NA,NA,NA,NA,NA,1,1
"BP","GO:0042310",NA,NA,NA,NA,NA,NA,1,1
"BP","GO:0042326",NA,NA,NA,NA,NA,NA,1,1
"BP","GO:0042327",NA,NA,NA,NA,NA,NA,1,1
"BP","GO:0042364",NA,NA,NA,NA,NA,NA,1,1
"BP","GO:0042396",NA,NA,NA,NA,NA,NA,1,1
"BP","GO:0042398",NA,NA,NA,NA,NA,NA,1,1
"BP","GO:0042401",NA,NA,NA,NA,NA,NA,1,1
"BP","GO:0042430",NA,NA,NA,NA,NA,NA,1,1
"BP","GO:0042436",NA,NA,NA,NA,NA,NA,1,1
"BP","GO:0042440",NA,NA,NA,NA,NA,NA,1,1
"BP","GO:0042451",NA,NA,NA,NA,NA,NA,1,1
"BP","GO:0042454",NA,NA,NA,NA,NA,NA,1,1
"BP","GO:0042455",NA,NA,NA,NA,NA,NA,1,1
"BP","GO:0042461",NA,NA,NA,NA,NA,NA,1,1
"BP","GO:0042462",NA,NA,NA,NA,NA,NA,1,1
"BP","GO:0042471",NA,NA,NA,NA,NA,NA,1,1
"BP","GO:0042472",NA,NA,NA,NA,NA,NA,1,1
"BP","GO:0042476",NA,NA,NA,NA,NA,NA,1,1
"BP","GO:0042490",NA,NA,NA,NA,NA,NA,1,1
"BP","GO:0042491",NA,NA,NA,NA,NA,NA,1,1
"BP","GO:0042537",NA,NA,NA,NA,NA,NA,1,1
"BP","GO:0042551",NA,NA,NA,NA,NA,NA,1,1
"BP","GO:0042552",NA,NA,NA,NA,NA,NA,1,1
"BP","GO:0042558",NA,NA,NA,NA,NA,NA,1,1
"BP","GO:0042559",NA,NA,NA,NA,NA,NA,1,1
"BP","GO:0042572",NA,NA,NA,NA,NA,NA,1,1
"BP","GO:0042573",NA,NA,NA,NA,NA,NA,1,1
"BP","GO:0042593",NA,NA,NA,NA,NA,NA,1,1
"BP","GO:0042594",NA,NA,NA,NA,NA,NA,1,1
"BP","GO:0042632",NA,NA,NA,NA,NA,NA,1,1
"BP","GO:0042659",NA,NA,NA,NA,NA,NA,1,1
"BP","GO:0042661",NA,NA,NA,NA,NA,NA,1,1
"BP","GO:0042663",NA,NA,NA,NA,NA,NA,1,1
"BP","GO:0042664",NA,NA,NA,NA,NA,NA,1,1
"BP","GO:0042670",NA,NA,NA,NA,NA,NA,1,1
"BP","GO:0042761",NA,NA,NA,NA,NA,NA,1,1
"BP","GO:0042773",NA,NA,NA,NA,NA,NA,1,1
"BP","GO:0042775",NA,NA,NA,NA,NA,NA,1,1
"BP","GO:0042886",NA,NA,NA,NA,NA,NA,1,1
"BP","GO:0042981",NA,NA,NA,NA,NA,NA,1,1
"BP","GO:0043009",NA,NA,NA,NA,NA,NA,1,1
"BP","GO:0043038",NA,NA,NA,NA,NA,NA,1,1
"BP","GO:0043039",NA,NA,NA,NA,NA,NA,1,1
"BP","GO:0043049",NA,NA,NA,NA,NA,NA,1,1
"BP","GO:0043062",NA,NA,NA,NA,NA,NA,1,1
"BP","GO:0043065",NA,NA,NA,NA,NA,NA,1,1
"BP","GO:0043066",NA,NA,NA,NA,NA,NA,1,1
"BP","GO:0043067",NA,NA,NA,NA,NA,NA,1,1
"BP","GO:0043068",NA,NA,NA,NA,NA,NA,1,1
"BP","GO:0043069",NA,NA,NA,NA,NA,NA,1,1
"BP","GO:0043085",NA,NA,NA,NA,NA,NA,1,1
"BP","GO:0043086",NA,NA,NA,NA,NA,NA,1,1
"BP","GO:0043087",NA,NA,NA,NA,NA,NA,1,1
"BP","GO:0043094",NA,NA,NA,NA,NA,NA,1,1
"BP","GO:0043101",NA,NA,NA,NA,NA,NA,1,1
"BP","GO:0043112",NA,NA,NA,NA,NA,NA,1,1
"BP","GO:0043113",NA,NA,NA,NA,NA,NA,1,1
"BP","GO:0043114",NA,NA,NA,NA,NA,NA,1,1
"BP","GO:0043122",NA,NA,NA,NA,NA,NA,1,1
"BP","GO:0043123",NA,NA,NA,NA,NA,NA,1,1
"BP","GO:0043149",NA,NA,NA,NA,NA,NA,1,1
"BP","GO:0043161",NA,NA,NA,NA,NA,NA,1,1
"BP","GO:0043174",NA,NA,NA,NA,NA,NA,1,1
"BP","GO:0043243",NA,NA,NA,NA,NA,NA,1,1
"BP","GO:0043248",NA,NA,NA,NA,NA,NA,1,1
"BP","GO:0043249",NA,NA,NA,NA,NA,NA,1,1
"BP","GO:0043255",NA,NA,NA,NA,NA,NA,1,1
"BP","GO:0043269",NA,NA,NA,NA,NA,NA,1,1
"BP","GO:0043271",NA,NA,NA,NA,NA,NA,1,1
"BP","GO:0043408",NA,NA,NA,NA,NA,NA,1,1
"BP","GO:0043409",NA,NA,NA,NA,NA,NA,1,1
"BP","GO:0043410",NA,NA,NA,NA,NA,NA,1,1
"BP","GO:0043413",NA,NA,NA,NA,NA,NA,1,1
"BP","GO:0043414",NA,NA,NA,NA,NA,NA,1,1
"BP","GO:0043433",NA,NA,NA,NA,NA,NA,1,1
"BP","GO:0043434",NA,NA,NA,NA,NA,NA,1,1
"BP","GO:0043473",NA,NA,NA,NA,NA,NA,1,1
"BP","GO:0043484",NA,NA,NA,NA,NA,NA,1,1
"BP","GO:0043487",NA,NA,NA,NA,NA,NA,1,1
"BP","GO:0043488",NA,NA,NA,NA,NA,NA,1,1
"BP","GO:0043491",NA,NA,NA,NA,NA,NA,1,1
"BP","GO:0043523",NA,NA,NA,NA,NA,NA,1,1
"BP","GO:0043524",NA,NA,NA,NA,NA,NA,1,1
"BP","GO:0043534",NA,NA,NA,NA,NA,NA,1,1
"BP","GO:0043542",NA,NA,NA,NA,NA,NA,1,1
"BP","GO:0043543",NA,NA,NA,NA,NA,NA,1,1
"BP","GO:0043545",NA,NA,NA,NA,NA,NA,1,1
"BP","GO:0043547",NA,NA,NA,NA,NA,NA,1,1
"BP","GO:0043549",NA,NA,NA,NA,NA,NA,1,1
"BP","GO:0043583",NA,NA,NA,NA,NA,NA,1,1
"BP","GO:0043603",NA,NA,NA,NA,NA,NA,1,1
"BP","GO:0043604",NA,NA,NA,NA,NA,NA,1,1
"BP","GO:0043627",NA,NA,NA,NA,NA,NA,1,1
"BP","GO:0043647",NA,NA,NA,NA,NA,NA,1,1
"BP","GO:0043648",NA,NA,NA,NA,NA,NA,1,1
"BP","GO:0043696",NA,NA,NA,NA,NA,NA,1,1
"BP","GO:0043697",NA,NA,NA,NA,NA,NA,1,1
"BP","GO:0043954",NA,NA,NA,NA,NA,NA,1,1
"BP","GO:0044042",NA,NA,NA,NA,NA,NA,1,1
"BP","GO:0044057",NA,NA,NA,NA,NA,NA,1,1
"BP","GO:0044089",NA,NA,NA,NA,NA,NA,1,1
"BP","GO:0044091",NA,NA,NA,NA,NA,NA,1,1
"BP","GO:0044092",NA,NA,NA,NA,NA,NA,1,1
"BP","GO:0044093",NA,NA,NA,NA,NA,NA,1,1
"BP","GO:0044248",NA,NA,NA,NA,NA,NA,1,1
"BP","GO:0044272",NA,NA,NA,NA,NA,NA,1,1
"BP","GO:0044273",NA,NA,NA,NA,NA,NA,1,1
"BP","GO:0044282",NA,NA,NA,NA,NA,NA,1,1
"BP","GO:0044344",NA,NA,NA,NA,NA,NA,1,1
"BP","GO:0044528",NA,NA,NA,NA,NA,NA,1,1
"BP","GO:0044743",NA,NA,NA,NA,NA,NA,1,1
"BP","GO:0044773",NA,NA,NA,NA,NA,NA,1,1
"BP","GO:0044774",NA,NA,NA,NA,NA,NA,1,1
"BP","GO:0044784",NA,NA,NA,NA,NA,NA,1,1
"BP","GO:0044843",NA,NA,NA,NA,NA,NA,1,1
"BP","GO:0044854",NA,NA,NA,NA,NA,NA,1,1
"BP","GO:0044857",NA,NA,NA,NA,NA,NA,1,1
"BP","GO:0045047",NA,NA,NA,NA,NA,NA,1,1
"BP","GO:0045055",NA,NA,NA,NA,NA,NA,1,1
"BP","GO:0045088",NA,NA,NA,NA,NA,NA,1,1
"BP","GO:0045089",NA,NA,NA,NA,NA,NA,1,1
"BP","GO:0045103",NA,NA,NA,NA,NA,NA,1,1
"BP","GO:0045104",NA,NA,NA,NA,NA,NA,1,1
"BP","GO:0045109",NA,NA,NA,NA,NA,NA,1,1
"BP","GO:0045110",NA,NA,NA,NA,NA,NA,1,1
"BP","GO:0045132",NA,NA,NA,NA,NA,NA,1,1
"BP","GO:0045137",NA,NA,NA,NA,NA,NA,1,1
"BP","GO:0045143",NA,NA,NA,NA,NA,NA,1,1
"BP","GO:0045161",NA,NA,NA,NA,NA,NA,1,1
"BP","GO:0045162",NA,NA,NA,NA,NA,NA,1,1
"BP","GO:0045176",NA,NA,NA,NA,NA,NA,1,1
"BP","GO:0045214",NA,NA,NA,NA,NA,NA,1,1
"BP","GO:0045216",NA,NA,NA,NA,NA,NA,1,1
"BP","GO:0045217",NA,NA,NA,NA,NA,NA,1,1
"BP","GO:0045229",NA,NA,NA,NA,NA,NA,1,1
"BP","GO:0045292",NA,NA,NA,NA,NA,NA,1,1
"BP","GO:0045321",NA,NA,NA,NA,NA,NA,1,1
"BP","GO:0045332",NA,NA,NA,NA,NA,NA,1,1
"BP","GO:0045333",NA,NA,NA,NA,NA,NA,1,1
"BP","GO:0045445",NA,NA,NA,NA,NA,NA,1,1
"BP","GO:0045446",NA,NA,NA,NA,NA,NA,1,1
"BP","GO:0045454",NA,NA,NA,NA,NA,NA,1,1
"BP","GO:0045471",NA,NA,NA,NA,NA,NA,1,1
"BP","GO:0045494",NA,NA,NA,NA,NA,NA,1,1
"BP","GO:0045595",NA,NA,NA,NA,NA,NA,1,1
"BP","GO:0045596",NA,NA,NA,NA,NA,NA,1,1
"BP","GO:0045597",NA,NA,NA,NA,NA,NA,1,1
"BP","GO:0045637",NA,NA,NA,NA,NA,NA,1,1
"BP","GO:0045638",NA,NA,NA,NA,NA,NA,1,1
"BP","GO:0045664",NA,NA,NA,NA,NA,NA,1,1
"BP","GO:0045666",NA,NA,NA,NA,NA,NA,1,1
"BP","GO:0045743",NA,NA,NA,NA,NA,NA,1,1
"BP","GO:0045746",NA,NA,NA,NA,NA,NA,1,1
"BP","GO:0045761",NA,NA,NA,NA,NA,NA,1,1
"BP","GO:0045765",NA,NA,NA,NA,NA,NA,1,1
"BP","GO:0045766",NA,NA,NA,NA,NA,NA,1,1
"BP","GO:0045787",NA,NA,NA,NA,NA,NA,1,1
"BP","GO:0045814",NA,NA,NA,NA,NA,NA,1,1
"BP","GO:0045839",NA,NA,NA,NA,NA,NA,1,1
"BP","GO:0045841",NA,NA,NA,NA,NA,NA,1,1
"BP","GO:0045859",NA,NA,NA,NA,NA,NA,1,1
"BP","GO:0045860",NA,NA,NA,NA,NA,NA,1,1
"BP","GO:0045861",NA,NA,NA,NA,NA,NA,1,1
"BP","GO:0045879",NA,NA,NA,NA,NA,NA,1,1
"BP","GO:0045880",NA,NA,NA,NA,NA,NA,1,1
"BP","GO:0045893",NA,NA,NA,NA,NA,NA,1,1
"BP","GO:0045926",NA,NA,NA,NA,NA,NA,1,1
"BP","GO:0045927",NA,NA,NA,NA,NA,NA,1,1
"BP","GO:0045935",NA,NA,NA,NA,NA,NA,1,1
"BP","GO:0045936",NA,NA,NA,NA,NA,NA,1,1
"BP","GO:0045937",NA,NA,NA,NA,NA,NA,1,1
"BP","GO:0045944",NA,NA,NA,NA,NA,NA,1,1
"BP","GO:0045947",NA,NA,NA,NA,NA,NA,1,1
"BP","GO:0045995",NA,NA,NA,NA,NA,NA,1,1
"BP","GO:0046031",NA,NA,NA,NA,NA,NA,1,1
"BP","GO:0046032",NA,NA,NA,NA,NA,NA,1,1
"BP","GO:0046036",NA,NA,NA,NA,NA,NA,1,1
"BP","GO:0046039",NA,NA,NA,NA,NA,NA,1,1
"BP","GO:0046051",NA,NA,NA,NA,NA,NA,1,1
"BP","GO:0046058",NA,NA,NA,NA,NA,NA,1,1
"BP","GO:0046068",NA,NA,NA,NA,NA,NA,1,1
"BP","GO:0046112",NA,NA,NA,NA,NA,NA,1,1
"BP","GO:0046128",NA,NA,NA,NA,NA,NA,1,1
"BP","GO:0046129",NA,NA,NA,NA,NA,NA,1,1
"BP","GO:0046148",NA,NA,NA,NA,NA,NA,1,1
"BP","GO:0046164",NA,NA,NA,NA,NA,NA,1,1
"BP","GO:0046165",NA,NA,NA,NA,NA,NA,1,1
"BP","GO:0046173",NA,NA,NA,NA,NA,NA,1,1
"BP","GO:0046185",NA,NA,NA,NA,NA,NA,1,1
"BP","GO:0046189",NA,NA,NA,NA,NA,NA,1,1
"BP","GO:0046209",NA,NA,NA,NA,NA,NA,1,1
"BP","GO:0046314",NA,NA,NA,NA,NA,NA,1,1
"BP","GO:0046328",NA,NA,NA,NA,NA,NA,1,1
"BP","GO:0046364",NA,NA,NA,NA,NA,NA,1,1
"BP","GO:0046395",NA,NA,NA,NA,NA,NA,1,1
"BP","GO:0046434",NA,NA,NA,NA,NA,NA,1,1
"BP","GO:0046466",NA,NA,NA,NA,NA,NA,1,1
"BP","GO:0046467",NA,NA,NA,NA,NA,NA,1,1
"BP","GO:0046500",NA,NA,NA,NA,NA,NA,1,1
"BP","GO:0046513",NA,NA,NA,NA,NA,NA,1,1
"BP","GO:0046514",NA,NA,NA,NA,NA,NA,1,1
"BP","GO:0046530",NA,NA,NA,NA,NA,NA,1,1
"BP","GO:0046545",NA,NA,NA,NA,NA,NA,1,1
"BP","GO:0046548",NA,NA,NA,NA,NA,NA,1,1
"BP","GO:0046549",NA,NA,NA,NA,NA,NA,1,1
"BP","GO:0046578",NA,NA,NA,NA,NA,NA,1,1
"BP","GO:0046580",NA,NA,NA,NA,NA,NA,1,1
"BP","GO:0046649",NA,NA,NA,NA,NA,NA,1,1
"BP","GO:0046653",NA,NA,NA,NA,NA,NA,1,1
"BP","GO:0046654",NA,NA,NA,NA,NA,NA,1,1
"BP","GO:0046660",NA,NA,NA,NA,NA,NA,1,1
"BP","GO:0046661",NA,NA,NA,NA,NA,NA,1,1
"BP","GO:0046683",NA,NA,NA,NA,NA,NA,1,1
"BP","GO:0046686",NA,NA,NA,NA,NA,NA,1,1
"BP","GO:0046688",NA,NA,NA,NA,NA,NA,1,1
"BP","GO:0046716",NA,NA,NA,NA,NA,NA,1,1
"BP","GO:0046777",NA,NA,NA,NA,NA,NA,1,1
"BP","GO:0046785",NA,NA,NA,NA,NA,NA,1,1
"BP","GO:0046839",NA,NA,NA,NA,NA,NA,1,1
"BP","GO:0046847",NA,NA,NA,NA,NA,NA,1,1
"BP","GO:0046849",NA,NA,NA,NA,NA,NA,1,1
"BP","GO:0046856",NA,NA,NA,NA,NA,NA,1,1
"BP","GO:0046879",NA,NA,NA,NA,NA,NA,1,1
"BP","GO:0046883",NA,NA,NA,NA,NA,NA,1,1
"BP","GO:0046890",NA,NA,NA,NA,NA,NA,1,1
"BP","GO:0046931",NA,NA,NA,NA,NA,NA,1,1
"BP","GO:0046942",NA,NA,NA,NA,NA,NA,1,1
"BP","GO:0046958",NA,NA,NA,NA,NA,NA,1,1
"BP","GO:0046959",NA,NA,NA,NA,NA,NA,1,1
"BP","GO:0048009",NA,NA,NA,NA,NA,NA,1,1
"BP","GO:0048010",NA,NA,NA,NA,NA,NA,1,1
"BP","GO:0048013",NA,NA,NA,NA,NA,NA,1,1
"BP","GO:0048024",NA,NA,NA,NA,NA,NA,1,1
"BP","GO:0048066",NA,NA,NA,NA,NA,NA,1,1
"BP","GO:0048167",NA,NA,NA,NA,NA,NA,1,1
"BP","GO:0048168",NA,NA,NA,NA,NA,NA,1,1
"BP","GO:0048232",NA,NA,NA,NA,NA,NA,1,1
"BP","GO:0048246",NA,NA,NA,NA,NA,NA,1,1
"BP","GO:0048259",NA,NA,NA,NA,NA,NA,1,1
"BP","GO:0048262",NA,NA,NA,NA,NA,NA,1,1
"BP","GO:0048263",NA,NA,NA,NA,NA,NA,1,1
"BP","GO:0048264",NA,NA,NA,NA,NA,NA,1,1
"BP","GO:0048268",NA,NA,NA,NA,NA,NA,1,1
"BP","GO:0048284",NA,NA,NA,NA,NA,NA,1,1
"BP","GO:0048285",NA,NA,NA,NA,NA,NA,1,1
"BP","GO:0048318",NA,NA,NA,NA,NA,NA,1,1
"BP","GO:0048332",NA,NA,NA,NA,NA,NA,1,1
"BP","GO:0048333",NA,NA,NA,NA,NA,NA,1,1
"BP","GO:0048339",NA,NA,NA,NA,NA,NA,1,1
"BP","GO:0048384",NA,NA,NA,NA,NA,NA,1,1
"BP","GO:0048385",NA,NA,NA,NA,NA,NA,1,1
"BP","GO:0048469",NA,NA,NA,NA,NA,NA,1,1
"BP","GO:0048477",NA,NA,NA,NA,NA,NA,1,1
"BP","GO:0048485",NA,NA,NA,NA,NA,NA,1,1
"BP","GO:0048486",NA,NA,NA,NA,NA,NA,1,1
"BP","GO:0048514",NA,NA,NA,NA,NA,NA,1,1
"BP","GO:0048515",NA,NA,NA,NA,NA,NA,1,1
"BP","GO:0048518",NA,NA,NA,NA,NA,NA,1,1
"BP","GO:0048522",NA,NA,NA,NA,NA,NA,1,1
"BP","GO:0048534",NA,NA,NA,NA,NA,NA,1,1
"BP","GO:0048538",NA,NA,NA,NA,NA,NA,1,1
"BP","GO:0048546",NA,NA,NA,NA,NA,NA,1,1
"BP","GO:0048570",NA,NA,NA,NA,NA,NA,1,1
"BP","GO:0048583",NA,NA,NA,NA,NA,NA,1,1
"BP","GO:0048584",NA,NA,NA,NA,NA,NA,1,1
"BP","GO:0048585",NA,NA,NA,NA,NA,NA,1,1
"BP","GO:0048588",NA,NA,NA,NA,NA,NA,1,1
"BP","GO:0048589",NA,NA,NA,NA,NA,NA,1,1
"BP","GO:0048599",NA,NA,NA,NA,NA,NA,1,1
"BP","GO:0048608",NA,NA,NA,NA,NA,NA,1,1
"BP","GO:0048609",NA,NA,NA,NA,NA,NA,1,1
"BP","GO:0048634",NA,NA,NA,NA,NA,NA,1,1
"BP","GO:0048638",NA,NA,NA,NA,NA,NA,1,1
"BP","GO:0048639",NA,NA,NA,NA,NA,NA,1,1
"BP","GO:0048644",NA,NA,NA,NA,NA,NA,1,1
"BP","GO:0048645",NA,NA,NA,NA,NA,NA,1,1
"BP","GO:0048663",NA,NA,NA,NA,NA,NA,1,1
"BP","GO:0048665",NA,NA,NA,NA,NA,NA,1,1
"BP","GO:0048668",NA,NA,NA,NA,NA,NA,1,1
"BP","GO:0048669",NA,NA,NA,NA,NA,NA,1,1
"BP","GO:0048670",NA,NA,NA,NA,NA,NA,1,1
"BP","GO:0048675",NA,NA,NA,NA,NA,NA,1,1
"BP","GO:0048678",NA,NA,NA,NA,NA,NA,1,1
"BP","GO:0048679",NA,NA,NA,NA,NA,NA,1,1
"BP","GO:0048696",NA,NA,NA,NA,NA,NA,1,1
"BP","GO:0048701",NA,NA,NA,NA,NA,NA,1,1
"BP","GO:0048702",NA,NA,NA,NA,NA,NA,1,1
"BP","GO:0048703",NA,NA,NA,NA,NA,NA,1,1
"BP","GO:0048704",NA,NA,NA,NA,NA,NA,1,1
"BP","GO:0048705",NA,NA,NA,NA,NA,NA,1,1
"BP","GO:0048706",NA,NA,NA,NA,NA,NA,1,1
"BP","GO:0048736",NA,NA,NA,NA,NA,NA,1,1
"BP","GO:0048738",NA,NA,NA,NA,NA,NA,1,1
"BP","GO:0048741",NA,NA,NA,NA,NA,NA,1,1
"BP","GO:0048752",NA,NA,NA,NA,NA,NA,1,1
"BP","GO:0048753",NA,NA,NA,NA,NA,NA,1,1
"BP","GO:0048754",NA,NA,NA,NA,NA,NA,1,1
"BP","GO:0048762",NA,NA,NA,NA,NA,NA,1,1
"BP","GO:0048771",NA,NA,NA,NA,NA,NA,1,1
"BP","GO:0048794",NA,NA,NA,NA,NA,NA,1,1
"BP","GO:0048799",NA,NA,NA,NA,NA,NA,1,1
"BP","GO:0048813",NA,NA,NA,NA,NA,NA,1,1
"BP","GO:0048821",NA,NA,NA,NA,NA,NA,1,1
"BP","GO:0048839",NA,NA,NA,NA,NA,NA,1,1
"BP","GO:0048840",NA,NA,NA,NA,NA,NA,1,1
"BP","GO:0048841",NA,NA,NA,NA,NA,NA,1,1
"BP","GO:0048844",NA,NA,NA,NA,NA,NA,1,1
"BP","GO:0048845",NA,NA,NA,NA,NA,NA,1,1
"BP","GO:0048846",NA,NA,NA,NA,NA,NA,1,1
"BP","GO:0048854",NA,NA,NA,NA,NA,NA,1,1
"BP","GO:0048857",NA,NA,NA,NA,NA,NA,1,1
"BP","GO:0048859",NA,NA,NA,NA,NA,NA,1,1
"BP","GO:0048863",NA,NA,NA,NA,NA,NA,1,1
"BP","GO:0048864",NA,NA,NA,NA,NA,NA,1,1
"BP","GO:0048871",NA,NA,NA,NA,NA,NA,1,1
"BP","GO:0048872",NA,NA,NA,NA,NA,NA,1,1
"BP","GO:0048881",NA,NA,NA,NA,NA,NA,1,1
"BP","GO:0048882",NA,NA,NA,NA,NA,NA,1,1
"BP","GO:0048883",NA,NA,NA,NA,NA,NA,1,1
"BP","GO:0048884",NA,NA,NA,NA,NA,NA,1,1
"BP","GO:0048885",NA,NA,NA,NA,NA,NA,1,1
"BP","GO:0048886",NA,NA,NA,NA,NA,NA,1,1
"BP","GO:0048892",NA,NA,NA,NA,NA,NA,1,1
"BP","GO:0048895",NA,NA,NA,NA,NA,NA,1,1
"BP","GO:0048897",NA,NA,NA,NA,NA,NA,1,1
"BP","GO:0048898",NA,NA,NA,NA,NA,NA,1,1
"BP","GO:0048899",NA,NA,NA,NA,NA,NA,1,1
"BP","GO:0048915",NA,NA,NA,NA,NA,NA,1,1
"BP","GO:0048916",NA,NA,NA,NA,NA,NA,1,1
"BP","GO:0048918",NA,NA,NA,NA,NA,NA,1,1
"BP","GO:0048919",NA,NA,NA,NA,NA,NA,1,1
"BP","GO:0048920",NA,NA,NA,NA,NA,NA,1,1
"BP","GO:0048922",NA,NA,NA,NA,NA,NA,1,1
"BP","GO:0048923",NA,NA,NA,NA,NA,NA,1,1
"BP","GO:0048925",NA,NA,NA,NA,NA,NA,1,1
"BP","GO:0048931",NA,NA,NA,NA,NA,NA,1,1
"BP","GO:0048932",NA,NA,NA,NA,NA,NA,1,1
"BP","GO:0048934",NA,NA,NA,NA,NA,NA,1,1
"BP","GO:0048935",NA,NA,NA,NA,NA,NA,1,1
"BP","GO:0048936",NA,NA,NA,NA,NA,NA,1,1
"BP","GO:0048937",NA,NA,NA,NA,NA,NA,1,1
"BP","GO:0048938",NA,NA,NA,NA,NA,NA,1,1
"BP","GO:0048941",NA,NA,NA,NA,NA,NA,1,1
"BP","GO:0048942",NA,NA,NA,NA,NA,NA,1,1
"BP","GO:0050000",NA,NA,NA,NA,NA,NA,1,1
"BP","GO:0050482",NA,NA,NA,NA,NA,NA,1,1
"BP","GO:0050650",NA,NA,NA,NA,NA,NA,1,1
"BP","GO:0050654",NA,NA,NA,NA,NA,NA,1,1
"BP","GO:0050657",NA,NA,NA,NA,NA,NA,1,1
"BP","GO:0050658",NA,NA,NA,NA,NA,NA,1,1
"BP","GO:0050673",NA,NA,NA,NA,NA,NA,1,1
"BP","GO:0050678",NA,NA,NA,NA,NA,NA,1,1
"BP","GO:0050684",NA,NA,NA,NA,NA,NA,1,1
"BP","GO:0050688",NA,NA,NA,NA,NA,NA,1,1
"BP","GO:0050708",NA,NA,NA,NA,NA,NA,1,1
"BP","GO:0050727",NA,NA,NA,NA,NA,NA,1,1
"BP","GO:0050767",NA,NA,NA,NA,NA,NA,1,1
"BP","GO:0050768",NA,NA,NA,NA,NA,NA,1,1
"BP","GO:0050769",NA,NA,NA,NA,NA,NA,1,1
"BP","GO:0050770",NA,NA,NA,NA,NA,NA,1,1
"BP","GO:0050772",NA,NA,NA,NA,NA,NA,1,1
"BP","GO:0050776",NA,NA,NA,NA,NA,NA,1,1
"BP","GO:0050778",NA,NA,NA,NA,NA,NA,1,1
"BP","GO:0050779",NA,NA,NA,NA,NA,NA,1,1
"BP","GO:0050790",NA,NA,NA,NA,NA,NA,1,1
"BP","GO:0050796",NA,NA,NA,NA,NA,NA,1,1
"BP","GO:0050803",NA,NA,NA,NA,NA,NA,1,1
"BP","GO:0050804",NA,NA,NA,NA,NA,NA,1,1
"BP","GO:0050807",NA,NA,NA,NA,NA,NA,1,1
"BP","GO:0050808",NA,NA,NA,NA,NA,NA,1,1
"BP","GO:0050818",NA,NA,NA,NA,NA,NA,1,1
"BP","GO:0050819",NA,NA,NA,NA,NA,NA,1,1
"BP","GO:0050851",NA,NA,NA,NA,NA,NA,1,1
"BP","GO:0050863",NA,NA,NA,NA,NA,NA,1,1
"BP","GO:0050865",NA,NA,NA,NA,NA,NA,1,1
"BP","GO:0050879",NA,NA,NA,NA,NA,NA,1,1
"BP","GO:0050881",NA,NA,NA,NA,NA,NA,1,1
"BP","GO:0050885",NA,NA,NA,NA,NA,NA,1,1
"BP","GO:0050890",NA,NA,NA,NA,NA,NA,1,1
"BP","GO:0050905",NA,NA,NA,NA,NA,NA,1,1
"BP","GO:0050906",NA,NA,NA,NA,NA,NA,1,1
"BP","GO:0050908",NA,NA,NA,NA,NA,NA,1,1
"BP","GO:0050909",NA,NA,NA,NA,NA,NA,1,1
"BP","GO:0050910",NA,NA,NA,NA,NA,NA,1,1
"BP","GO:0050920",NA,NA,NA,NA,NA,NA,1,1
"BP","GO:0050931",NA,NA,NA,NA,NA,NA,1,1
"BP","GO:0050935",NA,NA,NA,NA,NA,NA,1,1
"BP","GO:0050936",NA,NA,NA,NA,NA,NA,1,1
"BP","GO:0050953",NA,NA,NA,NA,NA,NA,1,1
"BP","GO:0050954",NA,NA,NA,NA,NA,NA,1,1
"BP","GO:0050962",NA,NA,NA,NA,NA,NA,1,1
"BP","GO:0050974",NA,NA,NA,NA,NA,NA,1,1
"BP","GO:0050975",NA,NA,NA,NA,NA,NA,1,1
"BP","GO:0050982",NA,NA,NA,NA,NA,NA,1,1
"BP","GO:0050994",NA,NA,NA,NA,NA,NA,1,1
"BP","GO:0051017",NA,NA,NA,NA,NA,NA,1,1
"BP","GO:0051028",NA,NA,NA,NA,NA,NA,1,1
"BP","GO:0051046",NA,NA,NA,NA,NA,NA,1,1
"BP","GO:0051047",NA,NA,NA,NA,NA,NA,1,1
"BP","GO:0051049",NA,NA,NA,NA,NA,NA,1,1
"BP","GO:0051050",NA,NA,NA,NA,NA,NA,1,1
"BP","GO:0051051",NA,NA,NA,NA,NA,NA,1,1
"BP","GO:0051052",NA,NA,NA,NA,NA,NA,1,1
"BP","GO:0051054",NA,NA,NA,NA,NA,NA,1,1
"BP","GO:0051056",NA,NA,NA,NA,NA,NA,1,1
"BP","GO:0051058",NA,NA,NA,NA,NA,NA,1,1
"BP","GO:0051090",NA,NA,NA,NA,NA,NA,1,1
"BP","GO:0051091",NA,NA,NA,NA,NA,NA,1,1
"BP","GO:0051093",NA,NA,NA,NA,NA,NA,1,1
"BP","GO:0051094",NA,NA,NA,NA,NA,NA,1,1
"BP","GO:0051098",NA,NA,NA,NA,NA,NA,1,1
"BP","GO:0051125",NA,NA,NA,NA,NA,NA,1,1
"BP","GO:0051130",NA,NA,NA,NA,NA,NA,1,1
"BP","GO:0051147",NA,NA,NA,NA,NA,NA,1,1
"BP","GO:0051153",NA,NA,NA,NA,NA,NA,1,1
"BP","GO:0051168",NA,NA,NA,NA,NA,NA,1,1
"BP","GO:0051169",NA,NA,NA,NA,NA,NA,1,1
"BP","GO:0051170",NA,NA,NA,NA,NA,NA,1,1
"BP","GO:0051180",NA,NA,NA,NA,NA,NA,1,1
"BP","GO:0051189",NA,NA,NA,NA,NA,NA,1,1
"BP","GO:0051208",NA,NA,NA,NA,NA,NA,1,1
"BP","GO:0051209",NA,NA,NA,NA,NA,NA,1,1
"BP","GO:0051216",NA,NA,NA,NA,NA,NA,1,1
"BP","GO:0051222",NA,NA,NA,NA,NA,NA,1,1
"BP","GO:0051223",NA,NA,NA,NA,NA,NA,1,1
"BP","GO:0051225",NA,NA,NA,NA,NA,NA,1,1
"BP","GO:0051235",NA,NA,NA,NA,NA,NA,1,1
"BP","GO:0051236",NA,NA,NA,NA,NA,NA,1,1
"BP","GO:0051240",NA,NA,NA,NA,NA,NA,1,1
"BP","GO:0051241",NA,NA,NA,NA,NA,NA,1,1
"BP","GO:0051247",NA,NA,NA,NA,NA,NA,1,1
"BP","GO:0051248",NA,NA,NA,NA,NA,NA,1,1
"BP","GO:0051249",NA,NA,NA,NA,NA,NA,1,1
"BP","GO:0051254",NA,NA,NA,NA,NA,NA,1,1
"BP","GO:0051259",NA,NA,NA,NA,NA,NA,1,1
"BP","GO:0051260",NA,NA,NA,NA,NA,NA,1,1
"BP","GO:0051262",NA,NA,NA,NA,NA,NA,1,1
"BP","GO:0051276",NA,NA,NA,NA,NA,NA,1,1
"BP","GO:0051282",NA,NA,NA,NA,NA,NA,1,1
"BP","GO:0051283",NA,NA,NA,NA,NA,NA,1,1
"BP","GO:0051289",NA,NA,NA,NA,NA,NA,1,1
"BP","GO:0051293",NA,NA,NA,NA,NA,NA,1,1
"BP","GO:0051294",NA,NA,NA,NA,NA,NA,1,1
"BP","GO:0051298",NA,NA,NA,NA,NA,NA,1,1
"BP","GO:0051301",NA,NA,NA,NA,NA,NA,1,1
"BP","GO:0051302",NA,NA,NA,NA,NA,NA,1,1
"BP","GO:0051303",NA,NA,NA,NA,NA,NA,1,1
"BP","GO:0051304",NA,NA,NA,NA,NA,NA,1,1
"BP","GO:0051306",NA,NA,NA,NA,NA,NA,1,1
"BP","GO:0051310",NA,NA,NA,NA,NA,NA,1,1
"BP","GO:0051321",NA,NA,NA,NA,NA,NA,1,1
"BP","GO:0051336",NA,NA,NA,NA,NA,NA,1,1
"BP","GO:0051338",NA,NA,NA,NA,NA,NA,1,1
"BP","GO:0051345",NA,NA,NA,NA,NA,NA,1,1
"BP","GO:0051346",NA,NA,NA,NA,NA,NA,1,1
"BP","GO:0051347",NA,NA,NA,NA,NA,NA,1,1
"BP","GO:0051348",NA,NA,NA,NA,NA,NA,1,1
"BP","GO:0051350",NA,NA,NA,NA,NA,NA,1,1
"BP","GO:0051382",NA,NA,NA,NA,NA,NA,1,1
"BP","GO:0051383",NA,NA,NA,NA,NA,NA,1,1
"BP","GO:0051402",NA,NA,NA,NA,NA,NA,1,1
"BP","GO:0051492",NA,NA,NA,NA,NA,NA,1,1
"BP","GO:0051495",NA,NA,NA,NA,NA,NA,1,1
"BP","GO:0051560",NA,NA,NA,NA,NA,NA,1,1
"BP","GO:0051597",NA,NA,NA,NA,NA,NA,1,1
"BP","GO:0051606",NA,NA,NA,NA,NA,NA,1,1
"BP","GO:0051643",NA,NA,NA,NA,NA,NA,1,1
"BP","GO:0051646",NA,NA,NA,NA,NA,NA,1,1
"BP","GO:0051651",NA,NA,NA,NA,NA,NA,1,1
"BP","GO:0051653",NA,NA,NA,NA,NA,NA,1,1
"BP","GO:0051694",NA,NA,NA,NA,NA,NA,1,1
"BP","GO:0051715",NA,NA,NA,NA,NA,NA,1,1
"BP","GO:0051783",NA,NA,NA,NA,NA,NA,1,1
"BP","GO:0051784",NA,NA,NA,NA,NA,NA,1,1
"BP","GO:0051875",NA,NA,NA,NA,NA,NA,1,1
"BP","GO:0051877",NA,NA,NA,NA,NA,NA,1,1
"BP","GO:0051896",NA,NA,NA,NA,NA,NA,1,1
"BP","GO:0051904",NA,NA,NA,NA,NA,NA,1,1
"BP","GO:0051905",NA,NA,NA,NA,NA,NA,1,1
"BP","GO:0051924",NA,NA,NA,NA,NA,NA,1,1
"BP","GO:0051926",NA,NA,NA,NA,NA,NA,1,1
"BP","GO:0051960",NA,NA,NA,NA,NA,NA,1,1
"BP","GO:0051961",NA,NA,NA,NA,NA,NA,1,1
"BP","GO:0051962",NA,NA,NA,NA,NA,NA,1,1
"BP","GO:0051963",NA,NA,NA,NA,NA,NA,1,1
"BP","GO:0051983",NA,NA,NA,NA,NA,NA,1,1
"BP","GO:0051985",NA,NA,NA,NA,NA,NA,1,1
"BP","GO:0052547",NA,NA,NA,NA,NA,NA,1,1
"BP","GO:0052646",NA,NA,NA,NA,NA,NA,1,1
"BP","GO:0052652",NA,NA,NA,NA,NA,NA,1,1
"BP","GO:0055003",NA,NA,NA,NA,NA,NA,1,1
"BP","GO:0055006",NA,NA,NA,NA,NA,NA,1,1
"BP","GO:0055007",NA,NA,NA,NA,NA,NA,1,1
"BP","GO:0055008",NA,NA,NA,NA,NA,NA,1,1
"BP","GO:0055010",NA,NA,NA,NA,NA,NA,1,1
"BP","GO:0055011",NA,NA,NA,NA,NA,NA,1,1
"BP","GO:0055012",NA,NA,NA,NA,NA,NA,1,1
"BP","GO:0055013",NA,NA,NA,NA,NA,NA,1,1
"BP","GO:0055015",NA,NA,NA,NA,NA,NA,1,1
"BP","GO:0055017",NA,NA,NA,NA,NA,NA,1,1
"BP","GO:0055081",NA,NA,NA,NA,NA,NA,1,1
"BP","GO:0055088",NA,NA,NA,NA,NA,NA,1,1
"BP","GO:0055092",NA,NA,NA,NA,NA,NA,1,1
"BP","GO:0055113",NA,NA,NA,NA,NA,NA,1,1
"BP","GO:0055117",NA,NA,NA,NA,NA,NA,1,1
"BP","GO:0060021",NA,NA,NA,NA,NA,NA,1,1
"BP","GO:0060026",NA,NA,NA,NA,NA,NA,1,1
"BP","GO:0060027",NA,NA,NA,NA,NA,NA,1,1
"BP","GO:0060028",NA,NA,NA,NA,NA,NA,1,1
"BP","GO:0060029",NA,NA,NA,NA,NA,NA,1,1
"BP","GO:0060030",NA,NA,NA,NA,NA,NA,1,1
"BP","GO:0060034",NA,NA,NA,NA,NA,NA,1,1
"BP","GO:0060035",NA,NA,NA,NA,NA,NA,1,1
"BP","GO:0060036",NA,NA,NA,NA,NA,NA,1,1
"BP","GO:0060037",NA,NA,NA,NA,NA,NA,1,1
"BP","GO:0060038",NA,NA,NA,NA,NA,NA,1,1
"BP","GO:0060041",NA,NA,NA,NA,NA,NA,1,1
"BP","GO:0060042",NA,NA,NA,NA,NA,NA,1,1
"BP","GO:0060047",NA,NA,NA,NA,NA,NA,1,1
"BP","GO:0060048",NA,NA,NA,NA,NA,NA,1,1
"BP","GO:0060059",NA,NA,NA,NA,NA,NA,1,1
"BP","GO:0060061",NA,NA,NA,NA,NA,NA,1,1
"BP","GO:0060113",NA,NA,NA,NA,NA,NA,1,1
"BP","GO:0060114",NA,NA,NA,NA,NA,NA,1,1
"BP","GO:0060117",NA,NA,NA,NA,NA,NA,1,1
"BP","GO:0060118",NA,NA,NA,NA,NA,NA,1,1
"BP","GO:0060119",NA,NA,NA,NA,NA,NA,1,1
"BP","GO:0060122",NA,NA,NA,NA,NA,NA,1,1
"BP","GO:0060173",NA,NA,NA,NA,NA,NA,1,1
"BP","GO:0060215",NA,NA,NA,NA,NA,NA,1,1
"BP","GO:0060216",NA,NA,NA,NA,NA,NA,1,1
"BP","GO:0060217",NA,NA,NA,NA,NA,NA,1,1
"BP","GO:0060218",NA,NA,NA,NA,NA,NA,1,1
"BP","GO:0060219",NA,NA,NA,NA,NA,NA,1,1
"BP","GO:0060221",NA,NA,NA,NA,NA,NA,1,1
"BP","GO:0060232",NA,NA,NA,NA,NA,NA,1,1
"BP","GO:0060249",NA,NA,NA,NA,NA,NA,1,1
"BP","GO:0060284",NA,NA,NA,NA,NA,NA,1,1
"BP","GO:0060285",NA,NA,NA,NA,NA,NA,1,1
"BP","GO:0060287",NA,NA,NA,NA,NA,NA,1,1
"BP","GO:0060294",NA,NA,NA,NA,NA,NA,1,1
"BP","GO:0060319",NA,NA,NA,NA,NA,NA,1,1
"BP","GO:0060323",NA,NA,NA,NA,NA,NA,1,1
"BP","GO:0060324",NA,NA,NA,NA,NA,NA,1,1
"BP","GO:0060325",NA,NA,NA,NA,NA,NA,1,1
"BP","GO:0060341",NA,NA,NA,NA,NA,NA,1,1
"BP","GO:0060348",NA,NA,NA,NA,NA,NA,1,1
"BP","GO:0060349",NA,NA,NA,NA,NA,NA,1,1
"BP","GO:0060350",NA,NA,NA,NA,NA,NA,1,1
"BP","GO:0060351",NA,NA,NA,NA,NA,NA,1,1
"BP","GO:0060384",NA,NA,NA,NA,NA,NA,1,1
"BP","GO:0060415",NA,NA,NA,NA,NA,NA,1,1
"BP","GO:0060419",NA,NA,NA,NA,NA,NA,1,1
"BP","GO:0060491",NA,NA,NA,NA,NA,NA,1,1
"BP","GO:0060536",NA,NA,NA,NA,NA,NA,1,1
"BP","GO:0060537",NA,NA,NA,NA,NA,NA,1,1
"BP","GO:0060538",NA,NA,NA,NA,NA,NA,1,1
"BP","GO:0060560",NA,NA,NA,NA,NA,NA,1,1
"BP","GO:0060561",NA,NA,NA,NA,NA,NA,1,1
"BP","GO:0060575",NA,NA,NA,NA,NA,NA,1,1
"BP","GO:0060606",NA,NA,NA,NA,NA,NA,1,1
"BP","GO:0060612",NA,NA,NA,NA,NA,NA,1,1
"BP","GO:0060627",NA,NA,NA,NA,NA,NA,1,1
"BP","GO:0060632",NA,NA,NA,NA,NA,NA,1,1
"BP","GO:0060729",NA,NA,NA,NA,NA,NA,1,1
"BP","GO:0060795",NA,NA,NA,NA,NA,NA,1,1
"BP","GO:0060828",NA,NA,NA,NA,NA,NA,1,1
"BP","GO:0060837",NA,NA,NA,NA,NA,NA,1,1
"BP","GO:0060840",NA,NA,NA,NA,NA,NA,1,1
"BP","GO:0060841",NA,NA,NA,NA,NA,NA,1,1
"BP","GO:0060872",NA,NA,NA,NA,NA,NA,1,1
"BP","GO:0060914",NA,NA,NA,NA,NA,NA,1,1
"BP","GO:0060973",NA,NA,NA,NA,NA,NA,1,1
"BP","GO:0060974",NA,NA,NA,NA,NA,NA,1,1
"BP","GO:0060975",NA,NA,NA,NA,NA,NA,1,1
"BP","GO:0060993",NA,NA,NA,NA,NA,NA,1,1
"BP","GO:0061005",NA,NA,NA,NA,NA,NA,1,1
"BP","GO:0061009",NA,NA,NA,NA,NA,NA,1,1
"BP","GO:0061013",NA,NA,NA,NA,NA,NA,1,1
"BP","GO:0061014",NA,NA,NA,NA,NA,NA,1,1
"BP","GO:0061025",NA,NA,NA,NA,NA,NA,1,1
"BP","GO:0061026",NA,NA,NA,NA,NA,NA,1,1
"BP","GO:0061035",NA,NA,NA,NA,NA,NA,1,1
"BP","GO:0061041",NA,NA,NA,NA,NA,NA,1,1
"BP","GO:0061053",NA,NA,NA,NA,NA,NA,1,1
"BP","GO:0061055",NA,NA,NA,NA,NA,NA,1,1
"BP","GO:0061074",NA,NA,NA,NA,NA,NA,1,1
"BP","GO:0061138",NA,NA,NA,NA,NA,NA,1,1
"BP","GO:0061154",NA,NA,NA,NA,NA,NA,1,1
"BP","GO:0061157",NA,NA,NA,NA,NA,NA,1,1
"BP","GO:0061298",NA,NA,NA,NA,NA,NA,1,1
"BP","GO:0061300",NA,NA,NA,NA,NA,NA,1,1
"BP","GO:0061318",NA,NA,NA,NA,NA,NA,1,1
"BP","GO:0061326",NA,NA,NA,NA,NA,NA,1,1
"BP","GO:0061337",NA,NA,NA,NA,NA,NA,1,1
"BP","GO:0061351",NA,NA,NA,NA,NA,NA,1,1
"BP","GO:0061383",NA,NA,NA,NA,NA,NA,1,1
"BP","GO:0061384",NA,NA,NA,NA,NA,NA,1,1
"BP","GO:0061386",NA,NA,NA,NA,NA,NA,1,1
"BP","GO:0061387",NA,NA,NA,NA,NA,NA,1,1
"BP","GO:0061448",NA,NA,NA,NA,NA,NA,1,1
"BP","GO:0061458",NA,NA,NA,NA,NA,NA,1,1
"BP","GO:0061484",NA,NA,NA,NA,NA,NA,1,1
"BP","GO:0061515",NA,NA,NA,NA,NA,NA,1,1
"BP","GO:0061548",NA,NA,NA,NA,NA,NA,1,1
"BP","GO:0061572",NA,NA,NA,NA,NA,NA,1,1
"BP","GO:0061588",NA,NA,NA,NA,NA,NA,1,1
"BP","GO:0061640",NA,NA,NA,NA,NA,NA,1,1
"BP","GO:0061817",NA,NA,NA,NA,NA,NA,1,1
"BP","GO:0061966",NA,NA,NA,NA,NA,NA,1,1
"BP","GO:0061982",NA,NA,NA,NA,NA,NA,1,1
"BP","GO:0062012",NA,NA,NA,NA,NA,NA,1,1
"BP","GO:0062197",NA,NA,NA,NA,NA,NA,1,1
"BP","GO:0062207",NA,NA,NA,NA,NA,NA,1,1
"BP","GO:0065002",NA,NA,NA,NA,NA,NA,1,1
"BP","GO:0065004",NA,NA,NA,NA,NA,NA,1,1
"BP","GO:0065009",NA,NA,NA,NA,NA,NA,1,1
"BP","GO:0070050",NA,NA,NA,NA,NA,NA,1,1
"BP","GO:0070085",NA,NA,NA,NA,NA,NA,1,1
"BP","GO:0070167",NA,NA,NA,NA,NA,NA,1,1
"BP","GO:0070189",NA,NA,NA,NA,NA,NA,1,1
"BP","GO:0070192",NA,NA,NA,NA,NA,NA,1,1
"BP","GO:0070193",NA,NA,NA,NA,NA,NA,1,1
"BP","GO:0070201",NA,NA,NA,NA,NA,NA,1,1
"BP","GO:0070286",NA,NA,NA,NA,NA,NA,1,1
"BP","GO:0070306",NA,NA,NA,NA,NA,NA,1,1
"BP","GO:0070307",NA,NA,NA,NA,NA,NA,1,1
"BP","GO:0070309",NA,NA,NA,NA,NA,NA,1,1
"BP","GO:0070371",NA,NA,NA,NA,NA,NA,1,1
"BP","GO:0070372",NA,NA,NA,NA,NA,NA,1,1
"BP","GO:0070373",NA,NA,NA,NA,NA,NA,1,1
"BP","GO:0070482",NA,NA,NA,NA,NA,NA,1,1
"BP","GO:0070493",NA,NA,NA,NA,NA,NA,1,1
"BP","GO:0070507",NA,NA,NA,NA,NA,NA,1,1
"BP","GO:0070509",NA,NA,NA,NA,NA,NA,1,1
"BP","GO:0070570",NA,NA,NA,NA,NA,NA,1,1
"BP","GO:0070585",NA,NA,NA,NA,NA,NA,1,1
"BP","GO:0070654",NA,NA,NA,NA,NA,NA,1,1
"BP","GO:0070836",NA,NA,NA,NA,NA,NA,1,1
"BP","GO:0070848",NA,NA,NA,NA,NA,NA,1,1
"BP","GO:0070918",NA,NA,NA,NA,NA,NA,1,1
"BP","GO:0070972",NA,NA,NA,NA,NA,NA,1,1
"BP","GO:0071103",NA,NA,NA,NA,NA,NA,1,1
"BP","GO:0071173",NA,NA,NA,NA,NA,NA,1,1
"BP","GO:0071174",NA,NA,NA,NA,NA,NA,1,1
"BP","GO:0071216",NA,NA,NA,NA,NA,NA,1,1
"BP","GO:0071219",NA,NA,NA,NA,NA,NA,1,1
"BP","GO:0071222",NA,NA,NA,NA,NA,NA,1,1
"BP","GO:0071345",NA,NA,NA,NA,NA,NA,1,1
"BP","GO:0071363",NA,NA,NA,NA,NA,NA,1,1
"BP","GO:0071375",NA,NA,NA,NA,NA,NA,1,1
"BP","GO:0071383",NA,NA,NA,NA,NA,NA,1,1
"BP","GO:0071391",NA,NA,NA,NA,NA,NA,1,1
"BP","GO:0071396",NA,NA,NA,NA,NA,NA,1,1
"BP","GO:0071425",NA,NA,NA,NA,NA,NA,1,1
"BP","GO:0071466",NA,NA,NA,NA,NA,NA,1,1
"BP","GO:0071482",NA,NA,NA,NA,NA,NA,1,1
"BP","GO:0071495",NA,NA,NA,NA,NA,NA,1,1
"BP","GO:0071526",NA,NA,NA,NA,NA,NA,1,1
"BP","GO:0071542",NA,NA,NA,NA,NA,NA,1,1
"BP","GO:0071559",NA,NA,NA,NA,NA,NA,1,1
"BP","GO:0071560",NA,NA,NA,NA,NA,NA,1,1
"BP","GO:0071599",NA,NA,NA,NA,NA,NA,1,1
"BP","GO:0071600",NA,NA,NA,NA,NA,NA,1,1
"BP","GO:0071616",NA,NA,NA,NA,NA,NA,1,1
"BP","GO:0071622",NA,NA,NA,NA,NA,NA,1,1
"BP","GO:0071674",NA,NA,NA,NA,NA,NA,1,1
"BP","GO:0071678",NA,NA,NA,NA,NA,NA,1,1
"BP","GO:0071679",NA,NA,NA,NA,NA,NA,1,1
"BP","GO:0071692",NA,NA,NA,NA,NA,NA,1,1
"BP","GO:0071695",NA,NA,NA,NA,NA,NA,1,1
"BP","GO:0071698",NA,NA,NA,NA,NA,NA,1,1
"BP","GO:0071709",NA,NA,NA,NA,NA,NA,1,1
"BP","GO:0071711",NA,NA,NA,NA,NA,NA,1,1
"BP","GO:0071715",NA,NA,NA,NA,NA,NA,1,1
"BP","GO:0071772",NA,NA,NA,NA,NA,NA,1,1
"BP","GO:0071773",NA,NA,NA,NA,NA,NA,1,1
"BP","GO:0071774",NA,NA,NA,NA,NA,NA,1,1
"BP","GO:0071805",NA,NA,NA,NA,NA,NA,1,1
"BP","GO:0071806",NA,NA,NA,NA,NA,NA,1,1
"BP","GO:0071824",NA,NA,NA,NA,NA,NA,1,1
"BP","GO:0071826",NA,NA,NA,NA,NA,NA,1,1
"BP","GO:0071867",NA,NA,NA,NA,NA,NA,1,1
"BP","GO:0071868",NA,NA,NA,NA,NA,NA,1,1
"BP","GO:0071869",NA,NA,NA,NA,NA,NA,1,1
"BP","GO:0071870",NA,NA,NA,NA,NA,NA,1,1
"BP","GO:0071897",NA,NA,NA,NA,NA,NA,1,1
"BP","GO:0071900",NA,NA,NA,NA,NA,NA,1,1
"BP","GO:0072009",NA,NA,NA,NA,NA,NA,1,1
"BP","GO:0072010",NA,NA,NA,NA,NA,NA,1,1
"BP","GO:0072014",NA,NA,NA,NA,NA,NA,1,1
"BP","GO:0072015",NA,NA,NA,NA,NA,NA,1,1
"BP","GO:0072017",NA,NA,NA,NA,NA,NA,1,1
"BP","GO:0072073",NA,NA,NA,NA,NA,NA,1,1
"BP","GO:0072080",NA,NA,NA,NA,NA,NA,1,1
"BP","GO:0072089",NA,NA,NA,NA,NA,NA,1,1
"BP","GO:0072102",NA,NA,NA,NA,NA,NA,1,1
"BP","GO:0072112",NA,NA,NA,NA,NA,NA,1,1
"BP","GO:0072114",NA,NA,NA,NA,NA,NA,1,1
"BP","GO:0072132",NA,NA,NA,NA,NA,NA,1,1
"BP","GO:0072148",NA,NA,NA,NA,NA,NA,1,1
"BP","GO:0072160",NA,NA,NA,NA,NA,NA,1,1
"BP","GO:0072175",NA,NA,NA,NA,NA,NA,1,1
"BP","GO:0072176",NA,NA,NA,NA,NA,NA,1,1
"BP","GO:0072178",NA,NA,NA,NA,NA,NA,1,1
"BP","GO:0072310",NA,NA,NA,NA,NA,NA,1,1
"BP","GO:0072311",NA,NA,NA,NA,NA,NA,1,1
"BP","GO:0072329",NA,NA,NA,NA,NA,NA,1,1
"BP","GO:0072330",NA,NA,NA,NA,NA,NA,1,1
"BP","GO:0072331",NA,NA,NA,NA,NA,NA,1,1
"BP","GO:0072350",NA,NA,NA,NA,NA,NA,1,1
"BP","GO:0072384",NA,NA,NA,NA,NA,NA,1,1
"BP","GO:0072488",NA,NA,NA,NA,NA,NA,1,1
"BP","GO:0072523",NA,NA,NA,NA,NA,NA,1,1
"BP","GO:0072526",NA,NA,NA,NA,NA,NA,1,1
"BP","GO:0072527",NA,NA,NA,NA,NA,NA,1,1
"BP","GO:0072528",NA,NA,NA,NA,NA,NA,1,1
"BP","GO:0072529",NA,NA,NA,NA,NA,NA,1,1
"BP","GO:0072554",NA,NA,NA,NA,NA,NA,1,1
"BP","GO:0072576",NA,NA,NA,NA,NA,NA,1,1
"BP","GO:0072583",NA,NA,NA,NA,NA,NA,1,1
"BP","GO:0072593",NA,NA,NA,NA,NA,NA,1,1
"BP","GO:0072599",NA,NA,NA,NA,NA,NA,1,1
"BP","GO:0072655",NA,NA,NA,NA,NA,NA,1,1
"BP","GO:0072659",NA,NA,NA,NA,NA,NA,1,1
"BP","GO:0072665",NA,NA,NA,NA,NA,NA,1,1
"BP","GO:0072666",NA,NA,NA,NA,NA,NA,1,1
"BP","GO:0080134",NA,NA,NA,NA,NA,NA,1,1
"BP","GO:0080135",NA,NA,NA,NA,NA,NA,1,1
"BP","GO:0080171",NA,NA,NA,NA,NA,NA,1,1
"BP","GO:0085029",NA,NA,NA,NA,NA,NA,1,1
"BP","GO:0090022",NA,NA,NA,NA,NA,NA,1,1
"BP","GO:0090068",NA,NA,NA,NA,NA,NA,1,1
"BP","GO:0090087",NA,NA,NA,NA,NA,NA,1,1
"BP","GO:0090090",NA,NA,NA,NA,NA,NA,1,1
"BP","GO:0090092",NA,NA,NA,NA,NA,NA,1,1
"BP","GO:0090100",NA,NA,NA,NA,NA,NA,1,1
"BP","GO:0090101",NA,NA,NA,NA,NA,NA,1,1
"BP","GO:0090130",NA,NA,NA,NA,NA,NA,1,1
"BP","GO:0090132",NA,NA,NA,NA,NA,NA,1,1
"BP","GO:0090174",NA,NA,NA,NA,NA,NA,1,1
"BP","GO:0090257",NA,NA,NA,NA,NA,NA,1,1
"BP","GO:0090263",NA,NA,NA,NA,NA,NA,1,1
"BP","GO:0090276",NA,NA,NA,NA,NA,NA,1,1
"BP","GO:0090287",NA,NA,NA,NA,NA,NA,1,1
"BP","GO:0090288",NA,NA,NA,NA,NA,NA,1,1
"BP","GO:0090382",NA,NA,NA,NA,NA,NA,1,1
"BP","GO:0090481",NA,NA,NA,NA,NA,NA,1,1
"BP","GO:0090497",NA,NA,NA,NA,NA,NA,1,1
"BP","GO:0090504",NA,NA,NA,NA,NA,NA,1,1
"BP","GO:0090594",NA,NA,NA,NA,NA,NA,1,1
"BP","GO:0097035",NA,NA,NA,NA,NA,NA,1,1
"BP","GO:0097164",NA,NA,NA,NA,NA,NA,1,1
"BP","GO:0097190",NA,NA,NA,NA,NA,NA,1,1
"BP","GO:0097193",NA,NA,NA,NA,NA,NA,1,1
"BP","GO:0097205",NA,NA,NA,NA,NA,NA,1,1
"BP","GO:0097305",NA,NA,NA,NA,NA,NA,1,1
"BP","GO:0097306",NA,NA,NA,NA,NA,NA,1,1
"BP","GO:0097324",NA,NA,NA,NA,NA,NA,1,1
"BP","GO:0097352",NA,NA,NA,NA,NA,NA,1,1
"BP","GO:0097354",NA,NA,NA,NA,NA,NA,1,1
"BP","GO:0097534",NA,NA,NA,NA,NA,NA,1,1
"BP","GO:0097535",NA,NA,NA,NA,NA,NA,1,1
"BP","GO:0097553",NA,NA,NA,NA,NA,NA,1,1
"BP","GO:0097696",NA,NA,NA,NA,NA,NA,1,1
"BP","GO:0097720",NA,NA,NA,NA,NA,NA,1,1
"BP","GO:0097722",NA,NA,NA,NA,NA,NA,1,1
"BP","GO:0097746",NA,NA,NA,NA,NA,NA,1,1
"BP","GO:0098508",NA,NA,NA,NA,NA,NA,1,1
"BP","GO:0098534",NA,NA,NA,NA,NA,NA,1,1
"BP","GO:0098656",NA,NA,NA,NA,NA,NA,1,1
"BP","GO:0098661",NA,NA,NA,NA,NA,NA,1,1
"BP","GO:0098727",NA,NA,NA,NA,NA,NA,1,1
"BP","GO:0098754",NA,NA,NA,NA,NA,NA,1,1
"BP","GO:0098813",NA,NA,NA,NA,NA,NA,1,1
"BP","GO:0098868",NA,NA,NA,NA,NA,NA,1,1
"BP","GO:0098876",NA,NA,NA,NA,NA,NA,1,1
"BP","GO:0098916",NA,NA,NA,NA,NA,NA,1,1
"BP","GO:0098930",NA,NA,NA,NA,NA,NA,1,1
"BP","GO:0099003",NA,NA,NA,NA,NA,NA,1,1
"BP","GO:0099054",NA,NA,NA,NA,NA,NA,1,1
"BP","GO:0099111",NA,NA,NA,NA,NA,NA,1,1
"BP","GO:0099116",NA,NA,NA,NA,NA,NA,1,1
"BP","GO:0099172",NA,NA,NA,NA,NA,NA,1,1
"BP","GO:0099173",NA,NA,NA,NA,NA,NA,1,1
"BP","GO:0099174",NA,NA,NA,NA,NA,NA,1,1
"BP","GO:0099177",NA,NA,NA,NA,NA,NA,1,1
"BP","GO:0099504",NA,NA,NA,NA,NA,NA,1,1
"BP","GO:0099518",NA,NA,NA,NA,NA,NA,1,1
"BP","GO:0099536",NA,NA,NA,NA,NA,NA,1,1
"BP","GO:0099537",NA,NA,NA,NA,NA,NA,1,1
"BP","GO:0099643",NA,NA,NA,NA,NA,NA,1,1
"BP","GO:0106030",NA,NA,NA,NA,NA,NA,1,1
"BP","GO:0110020",NA,NA,NA,NA,NA,NA,1,1
"BP","GO:0110154",NA,NA,NA,NA,NA,NA,1,1
"BP","GO:0110156",NA,NA,NA,NA,NA,NA,1,1
"BP","GO:0120009",NA,NA,NA,NA,NA,NA,1,1
"BP","GO:0120032",NA,NA,NA,NA,NA,NA,1,1
"BP","GO:0120035",NA,NA,NA,NA,NA,NA,1,1
"BP","GO:0120254",NA,NA,NA,NA,NA,NA,1,1
"BP","GO:0140013",NA,NA,NA,NA,NA,NA,1,1
"BP","GO:0140014",NA,NA,NA,NA,NA,NA,1,1
"BP","GO:0140029",NA,NA,NA,NA,NA,NA,1,1
"BP","GO:0140053",NA,NA,NA,NA,NA,NA,1,1
"BP","GO:0140056",NA,NA,NA,NA,NA,NA,1,1
"BP","GO:0140253",NA,NA,NA,NA,NA,NA,1,1
"BP","GO:0140527",NA,NA,NA,NA,NA,NA,1,1
"BP","GO:0140647",NA,NA,NA,NA,NA,NA,1,1
"BP","GO:0141060",NA,NA,NA,NA,NA,NA,1,1
"BP","GO:0141061",NA,NA,NA,NA,NA,NA,1,1
"BP","GO:0141091",NA,NA,NA,NA,NA,NA,1,1
"BP","GO:0141188",NA,NA,NA,NA,NA,NA,1,1
"BP","GO:0141193",NA,NA,NA,NA,NA,NA,1,1
"BP","GO:0150076",NA,NA,NA,NA,NA,NA,1,1
"BP","GO:0170035",NA,NA,NA,NA,NA,NA,1,1
"BP","GO:0170036",NA,NA,NA,NA,NA,NA,1,1
"BP","GO:0170040",NA,NA,NA,NA,NA,NA,1,1
"BP","GO:0170041",NA,NA,NA,NA,NA,NA,1,1
"BP","GO:0170062",NA,NA,NA,NA,NA,NA,1,1
"BP","GO:0180046",NA,NA,NA,NA,NA,NA,1,1
"BP","GO:1900046",NA,NA,NA,NA,NA,NA,1,1
"BP","GO:1900052",NA,NA,NA,NA,NA,NA,1,1
"BP","GO:1900746",NA,NA,NA,NA,NA,NA,1,1
"BP","GO:1901019",NA,NA,NA,NA,NA,NA,1,1
"BP","GO:1901020",NA,NA,NA,NA,NA,NA,1,1
"BP","GO:1901136",NA,NA,NA,NA,NA,NA,1,1
"BP","GO:1901207",NA,NA,NA,NA,NA,NA,1,1
"BP","GO:1901264",NA,NA,NA,NA,NA,NA,1,1
"BP","GO:1901292",NA,NA,NA,NA,NA,NA,1,1
"BP","GO:1901342",NA,NA,NA,NA,NA,NA,1,1
"BP","GO:1901343",NA,NA,NA,NA,NA,NA,1,1
"BP","GO:1901385",NA,NA,NA,NA,NA,NA,1,1
"BP","GO:1901386",NA,NA,NA,NA,NA,NA,1,1
"BP","GO:1901475",NA,NA,NA,NA,NA,NA,1,1
"BP","GO:1901532",NA,NA,NA,NA,NA,NA,1,1
"BP","GO:1901606",NA,NA,NA,NA,NA,NA,1,1
"BP","GO:1901652",NA,NA,NA,NA,NA,NA,1,1
"BP","GO:1901657",NA,NA,NA,NA,NA,NA,1,1
"BP","GO:1901658",NA,NA,NA,NA,NA,NA,1,1
"BP","GO:1901659",NA,NA,NA,NA,NA,NA,1,1
"BP","GO:1901661",NA,NA,NA,NA,NA,NA,1,1
"BP","GO:1901663",NA,NA,NA,NA,NA,NA,1,1
"BP","GO:1901698",NA,NA,NA,NA,NA,NA,1,1
"BP","GO:1901699",NA,NA,NA,NA,NA,NA,1,1
"BP","GO:1901700",NA,NA,NA,NA,NA,NA,1,1
"BP","GO:1901701",NA,NA,NA,NA,NA,NA,1,1
"BP","GO:1901796",NA,NA,NA,NA,NA,NA,1,1
"BP","GO:1901873",NA,NA,NA,NA,NA,NA,1,1
"BP","GO:1901888",NA,NA,NA,NA,NA,NA,1,1
"BP","GO:1901990",NA,NA,NA,NA,NA,NA,1,1
"BP","GO:1901991",NA,NA,NA,NA,NA,NA,1,1
"BP","GO:1902017",NA,NA,NA,NA,NA,NA,1,1
"BP","GO:1902036",NA,NA,NA,NA,NA,NA,1,1
"BP","GO:1902099",NA,NA,NA,NA,NA,NA,1,1
"BP","GO:1902100",NA,NA,NA,NA,NA,NA,1,1
"BP","GO:1902105",NA,NA,NA,NA,NA,NA,1,1
"BP","GO:1902115",NA,NA,NA,NA,NA,NA,1,1
"BP","GO:1902221",NA,NA,NA,NA,NA,NA,1,1
"BP","GO:1902222",NA,NA,NA,NA,NA,NA,1,1
"BP","GO:1902284",NA,NA,NA,NA,NA,NA,1,1
"BP","GO:1902476",NA,NA,NA,NA,NA,NA,1,1
"BP","GO:1902531",NA,NA,NA,NA,NA,NA,1,1
"BP","GO:1902532",NA,NA,NA,NA,NA,NA,1,1
"BP","GO:1902533",NA,NA,NA,NA,NA,NA,1,1
"BP","GO:1902547",NA,NA,NA,NA,NA,NA,1,1
"BP","GO:1902622",NA,NA,NA,NA,NA,NA,1,1
"BP","GO:1902652",NA,NA,NA,NA,NA,NA,1,1
"BP","GO:1902680",NA,NA,NA,NA,NA,NA,1,1
"BP","GO:1902742",NA,NA,NA,NA,NA,NA,1,1
"BP","GO:1902749",NA,NA,NA,NA,NA,NA,1,1
"BP","GO:1902750",NA,NA,NA,NA,NA,NA,1,1
"BP","GO:1902850",NA,NA,NA,NA,NA,NA,1,1
"BP","GO:1902905",NA,NA,NA,NA,NA,NA,1,1
"BP","GO:1903034",NA,NA,NA,NA,NA,NA,1,1
"BP","GO:1903035",NA,NA,NA,NA,NA,NA,1,1
"BP","GO:1903036",NA,NA,NA,NA,NA,NA,1,1
"BP","GO:1903037",NA,NA,NA,NA,NA,NA,1,1
"BP","GO:1903046",NA,NA,NA,NA,NA,NA,1,1
"BP","GO:1903131",NA,NA,NA,NA,NA,NA,1,1
"BP","GO:1903169",NA,NA,NA,NA,NA,NA,1,1
"BP","GO:1903170",NA,NA,NA,NA,NA,NA,1,1
"BP","GO:1903224",NA,NA,NA,NA,NA,NA,1,1
"BP","GO:1903225",NA,NA,NA,NA,NA,NA,1,1
"BP","GO:1903311",NA,NA,NA,NA,NA,NA,1,1
"BP","GO:1903313",NA,NA,NA,NA,NA,NA,1,1
"BP","GO:1903320",NA,NA,NA,NA,NA,NA,1,1
"BP","GO:1903350",NA,NA,NA,NA,NA,NA,1,1
"BP","GO:1903351",NA,NA,NA,NA,NA,NA,1,1
"BP","GO:1903509",NA,NA,NA,NA,NA,NA,1,1
"BP","GO:1903522",NA,NA,NA,NA,NA,NA,1,1
"BP","GO:1903530",NA,NA,NA,NA,NA,NA,1,1
"BP","GO:1903670",NA,NA,NA,NA,NA,NA,1,1
"BP","GO:1903706",NA,NA,NA,NA,NA,NA,1,1
"BP","GO:1903825",NA,NA,NA,NA,NA,NA,1,1
"BP","GO:1903829",NA,NA,NA,NA,NA,NA,1,1
"BP","GO:1903844",NA,NA,NA,NA,NA,NA,1,1
"BP","GO:1903963",NA,NA,NA,NA,NA,NA,1,1
"BP","GO:1904018",NA,NA,NA,NA,NA,NA,1,1
"BP","GO:1904062",NA,NA,NA,NA,NA,NA,1,1
"BP","GO:1904063",NA,NA,NA,NA,NA,NA,1,1
"BP","GO:1904103",NA,NA,NA,NA,NA,NA,1,1
"BP","GO:1904659",NA,NA,NA,NA,NA,NA,1,1
"BP","GO:1904951",NA,NA,NA,NA,NA,NA,1,1
"BP","GO:1905037",NA,NA,NA,NA,NA,NA,1,1
"BP","GO:1905039",NA,NA,NA,NA,NA,NA,1,1
"BP","GO:1905330",NA,NA,NA,NA,NA,NA,1,1
"BP","GO:1905515",NA,NA,NA,NA,NA,NA,1,1
"BP","GO:1905517",NA,NA,NA,NA,NA,NA,1,1
"BP","GO:1905606",NA,NA,NA,NA,NA,NA,1,1
"BP","GO:1905770",NA,NA,NA,NA,NA,NA,1,1
"BP","GO:1905818",NA,NA,NA,NA,NA,NA,1,1
"BP","GO:1905819",NA,NA,NA,NA,NA,NA,1,1
"BP","GO:1905962",NA,NA,NA,NA,NA,NA,1,1
"BP","GO:1990138",NA,NA,NA,NA,NA,NA,1,1
"BP","GO:1990399",NA,NA,NA,NA,NA,NA,1,1
"BP","GO:1990402",NA,NA,NA,NA,NA,NA,1,1
"BP","GO:1990542",NA,NA,NA,NA,NA,NA,1,1
"BP","GO:1990778",NA,NA,NA,NA,NA,NA,1,1
"BP","GO:1990798",NA,NA,NA,NA,NA,NA,1,1
"BP","GO:2000026",NA,NA,NA,NA,NA,NA,1,1
"BP","GO:2000027",NA,NA,NA,NA,NA,NA,1,1
"BP","GO:2000050",NA,NA,NA,NA,NA,NA,1,1
"BP","GO:2000145",NA,NA,NA,NA,NA,NA,1,1
"BP","GO:2000146",NA,NA,NA,NA,NA,NA,1,1
"BP","GO:2000147",NA,NA,NA,NA,NA,NA,1,1
"BP","GO:2000177",NA,NA,NA,NA,NA,NA,1,1
"BP","GO:2000181",NA,NA,NA,NA,NA,NA,1,1
"BP","GO:2000241",NA,NA,NA,NA,NA,NA,1,1
"BP","GO:2000242",NA,NA,NA,NA,NA,NA,1,1
"BP","GO:2000736",NA,NA,NA,NA,NA,NA,1,1
"BP","GO:2000816",NA,NA,NA,NA,NA,NA,1,1
"BP","GO:2001057",NA,NA,NA,NA,NA,NA,1,1
"BP","GO:2001233",NA,NA,NA,NA,NA,NA,1,1
"BP","GO:2001234",NA,NA,NA,NA,NA,NA,1,1
"BP","GO:2001242",NA,NA,NA,NA,NA,NA,1,1
"BP","GO:2001243",NA,NA,NA,NA,NA,NA,1,1
"BP","GO:2001251",NA,NA,NA,NA,NA,NA,1,1
"BP","GO:2001257",NA,NA,NA,NA,NA,NA,1,1
"BP","GO:2001258",NA,NA,NA,NA,NA,NA,1,1
"CC","GO:0005861","troponin complex",3.28264704443243e-20,13,29,0.26,"tnni2a.1, tnni2a.2, TNNI2, TNNI2, TNNI2, TNNI2, TNNI2, TNNI2, TNNI2, TNNI2, TNNI2, tnni2a.4, TNNI2",3.28264704443243e-20,4.25649900094738e-18
"CC","GO:0016459","myosin complex",0.00662069606507801,4,83,0.76,"ENSCHAG00000008006, ENSCHAG00000008143, ENSCHAG00000011333, ENSCHAG00000019283",NA,NA
"CC","GO:0005952","cAMP-dependent protein kinase complex",0.0447987882296619,1,5,0.05,"PRKAR2B",NA,NA
"CC","GO:0017119","Golgi transport complex",0.0447987882296619,1,5,0.05,"COG5",NA,NA
"CC","GO:0042383","sarcolemma",0.0535196489296332,1,6,0.05,"sgcb",NA,NA
"CC","GO:0016012","sarcoglycan complex",0.0535196489296332,1,6,0.05,"sgcb",NA,NA
"CC","GO:0005890","sodium:potassium-exchanging ATPase complex",0.0707280239280806,1,8,0.07,"atp1b1a",NA,NA
"CC","GO:0017053","transcription repressor complex",0.0792168991755678,1,9,0.08,"dr1",NA,NA
"CC","GO:0005834","heterotrimeric G-protein complex",0.112419258803823,1,13,0.12,"GNG12",NA,NA
"CC","GO:0000776","kinetochore",0.120534850578149,1,14,0.13,"si:dkey-225f5.4",NA,NA
"CC","GO:0005777","peroxisome",0.120534850578149,1,14,0.13,"SZT2",NA,NA
"CC","GO:0005865",NA,NA,NA,NA,NA,NA,3.28264704443243e-20,4.25649900094738e-18
"CC","GO:0036379",NA,NA,NA,NA,NA,NA,3.28264704443243e-20,4.25649900094738e-18
"CC","GO:0030016",NA,NA,NA,NA,NA,NA,1.50439960754428e-16,9.75352412224543e-15
"CC","GO:0030017",NA,NA,NA,NA,NA,NA,1.50439960754428e-16,9.75352412224543e-15
"CC","GO:0043292",NA,NA,NA,NA,NA,NA,1.50439960754428e-16,9.75352412224543e-15
"CC","GO:0015629",NA,NA,NA,NA,NA,NA,7.26034743572784e-15,4.03467878928304e-13
"CC","GO:0099080",NA,NA,NA,NA,NA,NA,1.93057702767607e-10,9.38743079707491e-09
"CC","GO:0099081",NA,NA,NA,NA,NA,NA,4.86531034282533e-10,1.89260572335905e-08
"CC","GO:0099512",NA,NA,NA,NA,NA,NA,4.86531034282533e-10,1.89260572335905e-08
"MF","GO:0051015","actin filament binding",0.00119326475600469,4,97,0.46,"ENSCHAG00000008143, ENSCHAG00000011333, ENSCHAG00000019283, scinla",0.00119326475600469,0.411323528117694
"MF","GO:0004879","nuclear receptor activity",0.0017517593736452,3,50,0.24,"thrb, nr1d1, rorca",0.0017517593736452,0.411323528117694
"MF","GO:0003810","protein-glutamine gamma-glutamyltransferase activity",0.00405645147296664,2,20,0.1,"F13A1, ENSCHAG00000003862",0.00405645147296664,0.719614491304281
"MF","GO:0016661",NA,0.0236971651511575,1,5,0.02,"gmpr",0.0236971651511575,1
"MF","GO:0016634",NA,0.0283697126191924,1,6,0.03,"cpox",0.0283697126191924,1
"MF","GO:0140223","general transcription initiation factor activity",0.0330202065825922,1,7,0.03,"dr1",0.0330202065825922,1
"MF","GO:0038191","neuropilin binding",0.0330202065825922,1,7,0.03,"sema3c",0.0330202065825922,1
"MF","GO:0017022","myosin binding",0.0376487496703501,1,8,0.04,"lsp1a",0.0376487496703501,1
"MF","GO:0001227","DNA-binding transcription repressor activity, RNA polymerase II-specific",0.0376487496703501,1,8,0.04,"nr1d1",0.0376487496703501,1
"MF","GO:0003774","cytoskeletal motor activity",0.0381462766986638,3,155,0.74,"ENSCHAG00000008143, ENSCHAG00000011333, ENSCHAG00000019283",0.0381462766986638,1
"MF","GO:0044877",NA,NA,NA,NA,NA,NA,2.30041204253847e-05,0.0204046548173162
"MF","GO:0098531",NA,NA,NA,NA,NA,NA,0.00185489753378893,0.411323528117694
"MF","GO:0000981",NA,NA,NA,NA,NA,NA,0.00560802786767415,0.829053453104496
"MF","GO:0003779",NA,NA,NA,NA,NA,NA,0.0073523184748849,0.931643783888986
"MF","GO:0016879",NA,NA,NA,NA,NA,NA,0.0128037820985656,1
"MF","GO:0016874",NA,NA,NA,NA,NA,NA,0.0181067155349209,1
"MF","GO:0008092",NA,NA,NA,NA,NA,NA,0.0186132337927538,1
"MF","GO:0016627",NA,NA,NA,NA,NA,NA,0.0187601647114149,1
"MF","GO:0016491",NA,NA,NA,NA,NA,NA,0.0284398843217041,1
"MF","GO:0004714",NA,NA,NA,NA,NA,NA,0.0324119324735471,1
"MF","GO:0070840",NA,NA,NA,NA,NA,NA,0.042255444040654,1
"MF","GO:0004843",NA,NA,NA,NA,NA,NA,0.0431104701977202,1
"MF","GO:0001217",NA,NA,NA,NA,NA,NA,0.046840391383012,1
"MF","GO:0016884",NA,NA,NA,NA,NA,NA,0.046840391383012,1
"MF","GO:0019206",NA,NA,NA,NA,NA,NA,0.046840391383012,1
"MF","GO:0101005",NA,NA,NA,NA,NA,NA,0.0477104655541455,1
"MF","GO:0060090",NA,NA,NA,NA,NA,NA,0.0486460539899445,1
"MF","GO:0019783",NA,NA,NA,NA,NA,NA,0.0488874610903275,1
"MF","GO:0003700",NA,NA,NA,NA,NA,NA,0.0504743532536463,1
"MF","GO:0008093",NA,NA,NA,NA,NA,NA,0.0514036929203765,1
"MF","GO:0008603",NA,NA,NA,NA,NA,NA,0.0514036929203765,1
"MF","GO:0016628",NA,NA,NA,NA,NA,NA,0.0514036929203765,1
"MF","GO:0033764",NA,NA,NA,NA,NA,NA,0.0559454494112479,1
"MF","GO:0019199",NA,NA,NA,NA,NA,NA,0.0574148007680975,1
"MF","GO:0031681",NA,NA,NA,NA,NA,NA,0.0604657611517808,1
"MF","GO:0016229",NA,NA,NA,NA,NA,NA,0.0738990239414904,1
"MF","GO:0043565",NA,NA,NA,NA,NA,NA,0.0785148196919439,1
"MF","GO:0035591",NA,NA,NA,NA,NA,NA,0.0827491268629892,1
"MF","GO:0140110",NA,NA,NA,NA,NA,NA,0.0846819525049542,1
"MF","GO:0005003",NA,NA,NA,NA,NA,NA,0.0915158190713885,1
"MF","GO:0003697",NA,NA,NA,NA,NA,NA,0.104511156021115,1
"MF","GO:0031683",NA,NA,NA,NA,NA,NA,0.104511156021115,1
"MF","GO:0038023",NA,NA,NA,NA,NA,NA,0.108676471472784,1
"MF","GO:0060089",NA,NA,NA,NA,NA,NA,0.108676471472784,1
"MF","GO:0004713",NA,NA,NA,NA,NA,NA,0.111017507864778,1
"MF","GO:0016620",NA,NA,NA,NA,NA,NA,0.117323147597308,1
"MF","GO:0016702",NA,NA,NA,NA,NA,NA,0.134125002880184,1
"MF","GO:0016701",NA,NA,NA,NA,NA,NA,0.138275945006333,1
"MF","GO:0016903",NA,NA,NA,NA,NA,NA,0.150611391407131,1
"MF","GO:0030215",NA,NA,NA,NA,NA,NA,0.150611391407131,1
"MF","GO:0004721",NA,NA,NA,NA,NA,NA,0.1612171351965,1
"MF","GO:0019205",NA,NA,NA,NA,NA,NA,0.166788154413264,1
"MF","GO:0008234",NA,NA,NA,NA,NA,NA,0.167974262501644,1
"MF","GO:0030674",NA,NA,NA,NA,NA,NA,0.169671360355278,1
"MF","GO:0004112",NA,NA,NA,NA,NA,NA,0.174762222519794,1
"MF","GO:0004114",NA,NA,NA,NA,NA,NA,0.174762222519794,1
"MF","GO:0005516",NA,NA,NA,NA,NA,NA,0.190485266810313,1
"MF","GO:0005085",NA,NA,NA,NA,NA,NA,0.195450824381882,1
"MF","GO:0016755",NA,NA,NA,NA,NA,NA,0.200668762723561,1
"MF","GO:0003729",NA,NA,NA,NA,NA,NA,0.205912826304782,1
"MF","GO:0042578",NA,NA,NA,NA,NA,NA,0.209692804982362,1
"MF","GO:0019887",NA,NA,NA,NA,NA,NA,0.209724190647563,1
"MF","GO:0003677",NA,NA,NA,NA,NA,NA,0.221481407979477,1
"MF","GO:0019207",NA,NA,NA,NA,NA,NA,0.228512083581799,1
"MF","GO:0005262",NA,NA,NA,NA,NA,NA,0.239572672651828,1
"MF","GO:0008138",NA,NA,NA,NA,NA,NA,0.243224671555849,1
"MF","GO:0016746",NA,NA,NA,NA,NA,NA,0.246306694207028,1
"MF","GO:0004725",NA,NA,NA,NA,NA,NA,0.24685937395382,1
"MF","GO:0016616",NA,NA,NA,NA,NA,NA,0.264776252355293,1
"MF","GO:0050660",NA,NA,NA,NA,NA,NA,0.268308858950583,1
"MF","GO:0140101",NA,NA,NA,NA,NA,NA,0.268308858950583,1
"MF","GO:0015078",NA,NA,NA,NA,NA,NA,0.271824726686538,1
"MF","GO:0016614",NA,NA,NA,NA,NA,NA,0.275323933766467,1
"MF","GO:0016791",NA,NA,NA,NA,NA,NA,0.297929118685828,1
"MF","GO:0003824",NA,NA,NA,NA,NA,NA,0.322563240385952,1
"MF","GO:0015085",NA,NA,NA,NA,NA,NA,0.322606410682732,1
"MF","GO:0004984",NA,NA,NA,NA,NA,NA,0.335547718067006,1
"MF","GO:0016301",NA,NA,NA,NA,NA,NA,0.342166378197382,1
"MF","GO:0051213",NA,NA,NA,NA,NA,NA,0.351381944521965,1
"MF","GO:0005509",NA,NA,NA,NA,NA,NA,0.380104008309935,1
"MF","GO:0030695",NA,NA,NA,NA,NA,NA,0.386835804200911,1
"MF","GO:0060589",NA,NA,NA,NA,NA,NA,0.386835804200911,1
"MF","GO:0008081",NA,NA,NA,NA,NA,NA,0.38788182301052,1
"MF","GO:0008083",NA,NA,NA,NA,NA,NA,0.38788182301052,1
"MF","GO:0140096",NA,NA,NA,NA,NA,NA,0.411593685089552,1
"MF","GO:0004888",NA,NA,NA,NA,NA,NA,0.417024204236267,1
"MF","GO:0005524",NA,NA,NA,NA,NA,NA,0.431312491982477,1
"MF","GO:0016772",NA,NA,NA,NA,NA,NA,0.43261902902793,1
"MF","GO:0032559",NA,NA,NA,NA,NA,NA,0.439343272767732,1
"MF","GO:0003723",NA,NA,NA,NA,NA,NA,0.449259207619976,1
"MF","GO:0003690",NA,NA,NA,NA,NA,NA,0.457541479440857,1
"MF","GO:0016788",NA,NA,NA,NA,NA,NA,0.466823373118603,1
"MF","GO:0003924",NA,NA,NA,NA,NA,NA,0.472315744305211,1
"MF","GO:0008017",NA,NA,NA,NA,NA,NA,0.483162088999814,1
"MF","GO:0030554",NA,NA,NA,NA,NA,NA,0.490318050059092,1
"MF","GO:0030234",NA,NA,NA,NA,NA,NA,0.492716429441009,1
"MF","GO:0000166",NA,NA,NA,NA,NA,NA,0.519697756549362,1
"MF","GO:1901265",NA,NA,NA,NA,NA,NA,0.526283546308566,1
"MF","GO:0015631",NA,NA,NA,NA,NA,NA,0.535401481258883,1
"MF","GO:0035639",NA,NA,NA,NA,NA,NA,0.53781343973399,1
"MF","GO:0043167",NA,NA,NA,NA,NA,NA,0.538266377790632,1
"MF","GO:0022890",NA,NA,NA,NA,NA,NA,0.546172486105705,1
"MF","GO:0032555",NA,NA,NA,NA,NA,NA,0.550732614351519,1
"MF","GO:0043168",NA,NA,NA,NA,NA,NA,0.551066593857101,1
"MF","GO:0032553",NA,NA,NA,NA,NA,NA,0.56017087655618,1
"MF","GO:0003676",NA,NA,NA,NA,NA,NA,0.5620141163706,1
"MF","GO:0008270",NA,NA,NA,NA,NA,NA,0.572528804593553,1
"MF","GO:1901363",NA,NA,NA,NA,NA,NA,0.579201031173463,1
"MF","GO:0140098",NA,NA,NA,NA,NA,NA,0.588464243362344,1
"MF","GO:0046982",NA,NA,NA,NA,NA,NA,0.59244134489767,1
"MF","GO:0097367",NA,NA,NA,NA,NA,NA,0.597794388627001,1
"MF","GO:0017076",NA,NA,NA,NA,NA,NA,0.599735654370669,1
"MF","GO:0036094",NA,NA,NA,NA,NA,NA,0.605825559763536,1
"MF","GO:0004672",NA,NA,NA,NA,NA,NA,0.616244225800842,1
"MF","GO:0046872",NA,NA,NA,NA,NA,NA,0.617016463033935,1
"MF","GO:0098772",NA,NA,NA,NA,NA,NA,0.617393896804915,1
"MF","GO:0008233",NA,NA,NA,NA,NA,NA,0.633642905675392,1
"MF","GO:0015318",NA,NA,NA,NA,NA,NA,0.63399233224119,1
"MF","GO:0043169",NA,NA,NA,NA,NA,NA,0.635794807936431,1
"MF","GO:0008324",NA,NA,NA,NA,NA,NA,0.65673446339028,1
"MF","GO:0017111",NA,NA,NA,NA,NA,NA,0.668253113140065,1
"MF","GO:0016773",NA,NA,NA,NA,NA,NA,0.685317374721744,1
"MF","GO:0008237",NA,NA,NA,NA,NA,NA,0.688120636337117,1
"MF","GO:0005515",NA,NA,NA,NA,NA,NA,0.690201542957446,1
"MF","GO:0016462",NA,NA,NA,NA,NA,NA,0.691444706205872,1
"MF","GO:0016740",NA,NA,NA,NA,NA,NA,0.693514159348808,1
"MF","GO:0005102",NA,NA,NA,NA,NA,NA,0.694648787458223,1
"MF","GO:0016818",NA,NA,NA,NA,NA,NA,0.696769857766533,1
"MF","GO:0016817",NA,NA,NA,NA,NA,NA,0.697825909222884,1
"MF","GO:0022857",NA,NA,NA,NA,NA,NA,0.720805105749445,1
"MF","GO:0004930",NA,NA,NA,NA,NA,NA,0.721705384775964,1
"MF","GO:0046914",NA,NA,NA,NA,NA,NA,0.742910924940418,1
"MF","GO:0030546",NA,NA,NA,NA,NA,NA,0.747166336190266,1
"MF","GO:0048018",NA,NA,NA,NA,NA,NA,0.747166336190266,1
"MF","GO:0005525",NA,NA,NA,NA,NA,NA,0.753220688453734,1
"MF","GO:0030545",NA,NA,NA,NA,NA,NA,0.754475463838084,1
"MF","GO:0016787",NA,NA,NA,NA,NA,NA,0.75666319858634,1
"MF","GO:0032561",NA,NA,NA,NA,NA,NA,0.761135698818164,1
"MF","GO:0005215",NA,NA,NA,NA,NA,NA,0.762399195564496,1
"MF","GO:0005261",NA,NA,NA,NA,NA,NA,0.767338381496927,1
"MF","GO:0019001",NA,NA,NA,NA,NA,NA,0.769676255395203,1
"MF","GO:0046873",NA,NA,NA,NA,NA,NA,0.786967944278836,1
"MF","GO:0015075",NA,NA,NA,NA,NA,NA,0.78911445002693,1
"MF","GO:0140640",NA,NA,NA,NA,NA,NA,0.805916948254801,1
"MF","GO:0005488",NA,NA,NA,NA,NA,NA,0.832295074202555,1
"MF","GO:0005216",NA,NA,NA,NA,NA,NA,0.869062409627439,1
"MF","GO:0140677",NA,NA,NA,NA,NA,NA,0.881372017906704,1
"MF","GO:0046983",NA,NA,NA,NA,NA,NA,0.883693324303519,1
"MF","GO:0015267",NA,NA,NA,NA,NA,NA,0.896709563144605,1
"MF","GO:0022803",NA,NA,NA,NA,NA,NA,0.896709563144605,1
"MF","GO:0003674",NA,NA,NA,NA,NA,NA,1,1
"MF","GO:0000030",NA,NA,NA,NA,NA,NA,1,1
"MF","GO:0000049",NA,NA,NA,NA,NA,NA,1,1
"MF","GO:0000062",NA,NA,NA,NA,NA,NA,1,1
"MF","GO:0000149",NA,NA,NA,NA,NA,NA,1,1
"MF","GO:0000175",NA,NA,NA,NA,NA,NA,1,1
"MF","GO:0000287",NA,NA,NA,NA,NA,NA,1,1
"MF","GO:0000339",NA,NA,NA,NA,NA,NA,1,1
"MF","GO:0000976",NA,NA,NA,NA,NA,NA,1,1
"MF","GO:0000977",NA,NA,NA,NA,NA,NA,1,1
"MF","GO:0000978",NA,NA,NA,NA,NA,NA,1,1
"MF","GO:0000987",NA,NA,NA,NA,NA,NA,1,1
"MF","GO:0001067",NA,NA,NA,NA,NA,NA,1,1
"MF","GO:0001216",NA,NA,NA,NA,NA,NA,1,1
"MF","GO:0001228",NA,NA,NA,NA,NA,NA,1,1
"MF","GO:0001540",NA,NA,NA,NA,NA,NA,1,1
"MF","GO:0001609",NA,NA,NA,NA,NA,NA,1,1
"MF","GO:0001614",NA,NA,NA,NA,NA,NA,1,1
"MF","GO:0001637",NA,NA,NA,NA,NA,NA,1,1
"MF","GO:0001648",NA,NA,NA,NA,NA,NA,1,1
"MF","GO:0001653",NA,NA,NA,NA,NA,NA,1,1
"MF","GO:0001664",NA,NA,NA,NA,NA,NA,1,1
"MF","GO:0001671",NA,NA,NA,NA,NA,NA,1,1
"MF","GO:0001727",NA,NA,NA,NA,NA,NA,1,1
"MF","GO:0001733",NA,NA,NA,NA,NA,NA,1,1
"MF","GO:0001784",NA,NA,NA,NA,NA,NA,1,1
"MF","GO:0002161",NA,NA,NA,NA,NA,NA,1,1
"MF","GO:0003678",NA,NA,NA,NA,NA,NA,1,1
"MF","GO:0003682",NA,NA,NA,NA,NA,NA,1,1
"MF","GO:0003684",NA,NA,NA,NA,NA,NA,1,1
"MF","GO:0003707",NA,NA,NA,NA,NA,NA,1,1
"MF","GO:0003712",NA,NA,NA,NA,NA,NA,1,1
"MF","GO:0003713",NA,NA,NA,NA,NA,NA,1,1
"MF","GO:0003714",NA,NA,NA,NA,NA,NA,1,1
"MF","GO:0003724",NA,NA,NA,NA,NA,NA,1,1
"MF","GO:0003725",NA,NA,NA,NA,NA,NA,1,1
"MF","GO:0003730",NA,NA,NA,NA,NA,NA,1,1
"MF","GO:0003735",NA,NA,NA,NA,NA,NA,1,1
"MF","GO:0003743",NA,NA,NA,NA,NA,NA,1,1
"MF","GO:0003746",NA,NA,NA,NA,NA,NA,1,1
"MF","GO:0003747",NA,NA,NA,NA,NA,NA,1,1
"MF","GO:0003755",NA,NA,NA,NA,NA,NA,1,1
"MF","GO:0003756",NA,NA,NA,NA,NA,NA,1,1
"MF","GO:0003777",NA,NA,NA,NA,NA,NA,1,1
"MF","GO:0003785",NA,NA,NA,NA,NA,NA,1,1
"MF","GO:0003796",NA,NA,NA,NA,NA,NA,1,1
"MF","GO:0003839",NA,NA,NA,NA,NA,NA,1,1
"MF","GO:0003872",NA,NA,NA,NA,NA,NA,1,1
"MF","GO:0003873",NA,NA,NA,NA,NA,NA,1,1
"MF","GO:0003887",NA,NA,NA,NA,NA,NA,1,1
"MF","GO:0003899",NA,NA,NA,NA,NA,NA,1,1
"MF","GO:0003906",NA,NA,NA,NA,NA,NA,1,1
"MF","GO:0003916",NA,NA,NA,NA,NA,NA,1,1
"MF","GO:0003950",NA,NA,NA,NA,NA,NA,1,1
"MF","GO:0003954",NA,NA,NA,NA,NA,NA,1,1
"MF","GO:0003995",NA,NA,NA,NA,NA,NA,1,1
"MF","GO:0004000",NA,NA,NA,NA,NA,NA,1,1
"MF","GO:0004016",NA,NA,NA,NA,NA,NA,1,1
"MF","GO:0004017",NA,NA,NA,NA,NA,NA,1,1
"MF","GO:0004022",NA,NA,NA,NA,NA,NA,1,1
"MF","GO:0004089",NA,NA,NA,NA,NA,NA,1,1
"MF","GO:0004104",NA,NA,NA,NA,NA,NA,1,1
"MF","GO:0004111",NA,NA,NA,NA,NA,NA,1,1
"MF","GO:0004126",NA,NA,NA,NA,NA,NA,1,1
"MF","GO:0004143",NA,NA,NA,NA,NA,NA,1,1
"MF","GO:0004175",NA,NA,NA,NA,NA,NA,1,1
"MF","GO:0004176",NA,NA,NA,NA,NA,NA,1,1
"MF","GO:0004177",NA,NA,NA,NA,NA,NA,1,1
"MF","GO:0004180",NA,NA,NA,NA,NA,NA,1,1
"MF","GO:0004181",NA,NA,NA,NA,NA,NA,1,1
"MF","GO:0004185",NA,NA,NA,NA,NA,NA,1,1
"MF","GO:0004190",NA,NA,NA,NA,NA,NA,1,1
"MF","GO:0004197",NA,NA,NA,NA,NA,NA,1,1
"MF","GO:0004198",NA,NA,NA,NA,NA,NA,1,1
"MF","GO:0004222",NA,NA,NA,NA,NA,NA,1,1
"MF","GO:0004252",NA,NA,NA,NA,NA,NA,1,1
"MF","GO:0004298",NA,NA,NA,NA,NA,NA,1,1
"MF","GO:0004308",NA,NA,NA,NA,NA,NA,1,1
"MF","GO:0004315",NA,NA,NA,NA,NA,NA,1,1
"MF","GO:0004359",NA,NA,NA,NA,NA,NA,1,1
"MF","GO:0004364",NA,NA,NA,NA,NA,NA,1,1
"MF","GO:0004376",NA,NA,NA,NA,NA,NA,1,1
"MF","GO:0004383",NA,NA,NA,NA,NA,NA,1,1
"MF","GO:0004385",NA,NA,NA,NA,NA,NA,1,1
"MF","GO:0004386",NA,NA,NA,NA,NA,NA,1,1
"MF","GO:0004396",NA,NA,NA,NA,NA,NA,1,1
"MF","GO:0004402",NA,NA,NA,NA,NA,NA,1,1
"MF","GO:0004407",NA,NA,NA,NA,NA,NA,1,1
"MF","GO:0004415",NA,NA,NA,NA,NA,NA,1,1
"MF","GO:0004435",NA,NA,NA,NA,NA,NA,1,1
"MF","GO:0004438",NA,NA,NA,NA,NA,NA,1,1
"MF","GO:0004465",NA,NA,NA,NA,NA,NA,1,1
"MF","GO:0004467",NA,NA,NA,NA,NA,NA,1,1
"MF","GO:0004497",NA,NA,NA,NA,NA,NA,1,1
"MF","GO:0004499",NA,NA,NA,NA,NA,NA,1,1
"MF","GO:0004518",NA,NA,NA,NA,NA,NA,1,1
"MF","GO:0004519",NA,NA,NA,NA,NA,NA,1,1
"MF","GO:0004520",NA,NA,NA,NA,NA,NA,1,1
"MF","GO:0004521",NA,NA,NA,NA,NA,NA,1,1
"MF","GO:0004523",NA,NA,NA,NA,NA,NA,1,1
"MF","GO:0004527",NA,NA,NA,NA,NA,NA,1,1
"MF","GO:0004532",NA,NA,NA,NA,NA,NA,1,1
"MF","GO:0004535",NA,NA,NA,NA,NA,NA,1,1
"MF","GO:0004536",NA,NA,NA,NA,NA,NA,1,1
"MF","GO:0004540",NA,NA,NA,NA,NA,NA,1,1
"MF","GO:0004550",NA,NA,NA,NA,NA,NA,1,1
"MF","GO:0004553",NA,NA,NA,NA,NA,NA,1,1
"MF","GO:0004559",NA,NA,NA,NA,NA,NA,1,1
"MF","GO:0004571",NA,NA,NA,NA,NA,NA,1,1
"MF","GO:0004601",NA,NA,NA,NA,NA,NA,1,1
"MF","GO:0004602",NA,NA,NA,NA,NA,NA,1,1
"MF","GO:0004620",NA,NA,NA,NA,NA,NA,1,1
"MF","GO:0004623",NA,NA,NA,NA,NA,NA,1,1
"MF","GO:0004629",NA,NA,NA,NA,NA,NA,1,1
"MF","GO:0004634",NA,NA,NA,NA,NA,NA,1,1
"MF","GO:0004645",NA,NA,NA,NA,NA,NA,1,1
"MF","GO:0004659",NA,NA,NA,NA,NA,NA,1,1
"MF","GO:0004674",NA,NA,NA,NA,NA,NA,1,1
"MF","GO:0004675",NA,NA,NA,NA,NA,NA,1,1
"MF","GO:0004683",NA,NA,NA,NA,NA,NA,1,1
"MF","GO:0004690",NA,NA,NA,NA,NA,NA,1,1
"MF","GO:0004692",NA,NA,NA,NA,NA,NA,1,1
"MF","GO:0004697",NA,NA,NA,NA,NA,NA,1,1
"MF","GO:0004703",NA,NA,NA,NA,NA,NA,1,1
"MF","GO:0004707",NA,NA,NA,NA,NA,NA,1,1
"MF","GO:0004709",NA,NA,NA,NA,NA,NA,1,1
"MF","GO:0004712",NA,NA,NA,NA,NA,NA,1,1
"MF","GO:0004715",NA,NA,NA,NA,NA,NA,1,1
"MF","GO:0004719",NA,NA,NA,NA,NA,NA,1,1
"MF","GO:0004722",NA,NA,NA,NA,NA,NA,1,1
"MF","GO:0004723",NA,NA,NA,NA,NA,NA,1,1
"MF","GO:0004731",NA,NA,NA,NA,NA,NA,1,1
"MF","GO:0004749",NA,NA,NA,NA,NA,NA,1,1
"MF","GO:0004784",NA,NA,NA,NA,NA,NA,1,1
"MF","GO:0004800",NA,NA,NA,NA,NA,NA,1,1
"MF","GO:0004806",NA,NA,NA,NA,NA,NA,1,1
"MF","GO:0004812",NA,NA,NA,NA,NA,NA,1,1
"MF","GO:0004842",NA,NA,NA,NA,NA,NA,1,1
"MF","GO:0004857",NA,NA,NA,NA,NA,NA,1,1
"MF","GO:0004859",NA,NA,NA,NA,NA,NA,1,1
"MF","GO:0004860",NA,NA,NA,NA,NA,NA,1,1
"MF","GO:0004861",NA,NA,NA,NA,NA,NA,1,1
"MF","GO:0004862",NA,NA,NA,NA,NA,NA,1,1
"MF","GO:0004864",NA,NA,NA,NA,NA,NA,1,1
"MF","GO:0004866",NA,NA,NA,NA,NA,NA,1,1
"MF","GO:0004867",NA,NA,NA,NA,NA,NA,1,1
"MF","GO:0004869",NA,NA,NA,NA,NA,NA,1,1
"MF","GO:0004890",NA,NA,NA,NA,NA,NA,1,1
"MF","GO:0004896",NA,NA,NA,NA,NA,NA,1,1
"MF","GO:0004931",NA,NA,NA,NA,NA,NA,1,1
"MF","GO:0004935",NA,NA,NA,NA,NA,NA,1,1
"MF","GO:0004936",NA,NA,NA,NA,NA,NA,1,1
"MF","GO:0004950",NA,NA,NA,NA,NA,NA,1,1
"MF","GO:0004952",NA,NA,NA,NA,NA,NA,1,1
"MF","GO:0004953",NA,NA,NA,NA,NA,NA,1,1
"MF","GO:0004954",NA,NA,NA,NA,NA,NA,1,1
"MF","GO:0004955",NA,NA,NA,NA,NA,NA,1,1
"MF","GO:0004957",NA,NA,NA,NA,NA,NA,1,1
"MF","GO:0004960",NA,NA,NA,NA,NA,NA,1,1
"MF","GO:0004962",NA,NA,NA,NA,NA,NA,1,1
"MF","GO:0004970",NA,NA,NA,NA,NA,NA,1,1
"MF","GO:0004974",NA,NA,NA,NA,NA,NA,1,1
"MF","GO:0004977",NA,NA,NA,NA,NA,NA,1,1
"MF","GO:0004983",NA,NA,NA,NA,NA,NA,1,1
"MF","GO:0004985",NA,NA,NA,NA,NA,NA,1,1
"MF","GO:0004993",NA,NA,NA,NA,NA,NA,1,1
"MF","GO:0004994",NA,NA,NA,NA,NA,NA,1,1
"MF","GO:0004995",NA,NA,NA,NA,NA,NA,1,1
"MF","GO:0004999",NA,NA,NA,NA,NA,NA,1,1
"MF","GO:0005000",NA,NA,NA,NA,NA,NA,1,1
"MF","GO:0005007",NA,NA,NA,NA,NA,NA,1,1
"MF","GO:0005021",NA,NA,NA,NA,NA,NA,1,1
"MF","GO:0005042",NA,NA,NA,NA,NA,NA,1,1
"MF","GO:0005044",NA,NA,NA,NA,NA,NA,1,1
"MF","GO:0005048",NA,NA,NA,NA,NA,NA,1,1
"MF","GO:0005049",NA,NA,NA,NA,NA,NA,1,1
"MF","GO:0005092",NA,NA,NA,NA,NA,NA,1,1
"MF","GO:0005096",NA,NA,NA,NA,NA,NA,1,1
"MF","GO:0005104",NA,NA,NA,NA,NA,NA,1,1
"MF","GO:0005125",NA,NA,NA,NA,NA,NA,1,1
"MF","GO:0005126",NA,NA,NA,NA,NA,NA,1,1
"MF","GO:0005154",NA,NA,NA,NA,NA,NA,1,1
"MF","GO:0005158",NA,NA,NA,NA,NA,NA,1,1
"MF","GO:0005160",NA,NA,NA,NA,NA,NA,1,1
"MF","GO:0005164",NA,NA,NA,NA,NA,NA,1,1
"MF","GO:0005178",NA,NA,NA,NA,NA,NA,1,1
"MF","GO:0005179",NA,NA,NA,NA,NA,NA,1,1
"MF","GO:0005184",NA,NA,NA,NA,NA,NA,1,1
"MF","GO:0005198",NA,NA,NA,NA,NA,NA,1,1
"MF","GO:0005200",NA,NA,NA,NA,NA,NA,1,1
"MF","GO:0005201",NA,NA,NA,NA,NA,NA,1,1
"MF","GO:0005212",NA,NA,NA,NA,NA,NA,1,1
"MF","GO:0005217",NA,NA,NA,NA,NA,NA,1,1
"MF","GO:0005219",NA,NA,NA,NA,NA,NA,1,1
"MF","GO:0005221",NA,NA,NA,NA,NA,NA,1,1
"MF","GO:0005227",NA,NA,NA,NA,NA,NA,1,1
"MF","GO:0005230",NA,NA,NA,NA,NA,NA,1,1
"MF","GO:0005231",NA,NA,NA,NA,NA,NA,1,1
"MF","GO:0005242",NA,NA,NA,NA,NA,NA,1,1
"MF","GO:0005243",NA,NA,NA,NA,NA,NA,1,1
"MF","GO:0005244",NA,NA,NA,NA,NA,NA,1,1
"MF","GO:0005245",NA,NA,NA,NA,NA,NA,1,1
"MF","GO:0005246",NA,NA,NA,NA,NA,NA,1,1
"MF","GO:0005247",NA,NA,NA,NA,NA,NA,1,1
"MF","GO:0005248",NA,NA,NA,NA,NA,NA,1,1
"MF","GO:0005249",NA,NA,NA,NA,NA,NA,1,1
"MF","GO:0005253",NA,NA,NA,NA,NA,NA,1,1
"MF","GO:0005254",NA,NA,NA,NA,NA,NA,1,1
"MF","GO:0005267",NA,NA,NA,NA,NA,NA,1,1
"MF","GO:0005272",NA,NA,NA,NA,NA,NA,1,1
"MF","GO:0005315",NA,NA,NA,NA,NA,NA,1,1
"MF","GO:0005319",NA,NA,NA,NA,NA,NA,1,1
"MF","GO:0005338",NA,NA,NA,NA,NA,NA,1,1
"MF","GO:0005342",NA,NA,NA,NA,NA,NA,1,1
"MF","GO:0005343",NA,NA,NA,NA,NA,NA,1,1
"MF","GO:0005372",NA,NA,NA,NA,NA,NA,1,1
"MF","GO:0005388",NA,NA,NA,NA,NA,NA,1,1
"MF","GO:0005432",NA,NA,NA,NA,NA,NA,1,1
"MF","GO:0005452",NA,NA,NA,NA,NA,NA,1,1
"MF","GO:0005484",NA,NA,NA,NA,NA,NA,1,1
"MF","GO:0005496",NA,NA,NA,NA,NA,NA,1,1
"MF","GO:0005501",NA,NA,NA,NA,NA,NA,1,1
"MF","GO:0005504",NA,NA,NA,NA,NA,NA,1,1
"MF","GO:0005506",NA,NA,NA,NA,NA,NA,1,1
"MF","GO:0005507",NA,NA,NA,NA,NA,NA,1,1
"MF","GO:0005520",NA,NA,NA,NA,NA,NA,1,1
"MF","GO:0005523",NA,NA,NA,NA,NA,NA,1,1
"MF","GO:0005536",NA,NA,NA,NA,NA,NA,1,1
"MF","GO:0005539",NA,NA,NA,NA,NA,NA,1,1
"MF","GO:0005540",NA,NA,NA,NA,NA,NA,1,1
"MF","GO:0005543",NA,NA,NA,NA,NA,NA,1,1
"MF","GO:0005544",NA,NA,NA,NA,NA,NA,1,1
"MF","GO:0005546",NA,NA,NA,NA,NA,NA,1,1
"MF","GO:0005548",NA,NA,NA,NA,NA,NA,1,1
"MF","GO:0008009",NA,NA,NA,NA,NA,NA,1,1
"MF","GO:0008013",NA,NA,NA,NA,NA,NA,1,1
"MF","GO:0008028",NA,NA,NA,NA,NA,NA,1,1
"MF","GO:0008047",NA,NA,NA,NA,NA,NA,1,1
"MF","GO:0008048",NA,NA,NA,NA,NA,NA,1,1
"MF","GO:0008061",NA,NA,NA,NA,NA,NA,1,1
"MF","GO:0008066",NA,NA,NA,NA,NA,NA,1,1
"MF","GO:0008079",NA,NA,NA,NA,NA,NA,1,1
"MF","GO:0008080",NA,NA,NA,NA,NA,NA,1,1
"MF","GO:0008094",NA,NA,NA,NA,NA,NA,1,1
"MF","GO:0008131",NA,NA,NA,NA,NA,NA,1,1
"MF","GO:0008134",NA,NA,NA,NA,NA,NA,1,1
"MF","GO:0008135",NA,NA,NA,NA,NA,NA,1,1
"MF","GO:0008137",NA,NA,NA,NA,NA,NA,1,1
"MF","GO:0008140",NA,NA,NA,NA,NA,NA,1,1
"MF","GO:0008146",NA,NA,NA,NA,NA,NA,1,1
"MF","GO:0008157",NA,NA,NA,NA,NA,NA,1,1
"MF","GO:0008168",NA,NA,NA,NA,NA,NA,1,1
"MF","GO:0008170",NA,NA,NA,NA,NA,NA,1,1
"MF","GO:0008171",NA,NA,NA,NA,NA,NA,1,1
"MF","GO:0008173",NA,NA,NA,NA,NA,NA,1,1
"MF","GO:0008175",NA,NA,NA,NA,NA,NA,1,1
"MF","GO:0008186",NA,NA,NA,NA,NA,NA,1,1
"MF","GO:0008188",NA,NA,NA,NA,NA,NA,1,1
"MF","GO:0008194",NA,NA,NA,NA,NA,NA,1,1
"MF","GO:0008195",NA,NA,NA,NA,NA,NA,1,1
"MF","GO:0008199",NA,NA,NA,NA,NA,NA,1,1
"MF","GO:0008201",NA,NA,NA,NA,NA,NA,1,1
"MF","GO:0008227",NA,NA,NA,NA,NA,NA,1,1
"MF","GO:0008235",NA,NA,NA,NA,NA,NA,1,1
"MF","GO:0008236",NA,NA,NA,NA,NA,NA,1,1
"MF","GO:0008238",NA,NA,NA,NA,NA,NA,1,1
"MF","GO:0008242",NA,NA,NA,NA,NA,NA,1,1
"MF","GO:0008252",NA,NA,NA,NA,NA,NA,1,1
"MF","GO:0008253",NA,NA,NA,NA,NA,NA,1,1
"MF","GO:0008271",NA,NA,NA,NA,NA,NA,1,1
"MF","GO:0008273",NA,NA,NA,NA,NA,NA,1,1
"MF","GO:0008276",NA,NA,NA,NA,NA,NA,1,1
"MF","GO:0008289",NA,NA,NA,NA,NA,NA,1,1
"MF","GO:0008308",NA,NA,NA,NA,NA,NA,1,1
"MF","GO:0008312",NA,NA,NA,NA,NA,NA,1,1
"MF","GO:0008318",NA,NA,NA,NA,NA,NA,1,1
"MF","GO:0008320",NA,NA,NA,NA,NA,NA,1,1
"MF","GO:0008349",NA,NA,NA,NA,NA,NA,1,1
"MF","GO:0008373",NA,NA,NA,NA,NA,NA,1,1
"MF","GO:0008374",NA,NA,NA,NA,NA,NA,1,1
"MF","GO:0008375",NA,NA,NA,NA,NA,NA,1,1
"MF","GO:0008376",NA,NA,NA,NA,NA,NA,1,1
"MF","GO:0008381",NA,NA,NA,NA,NA,NA,1,1
"MF","GO:0008395",NA,NA,NA,NA,NA,NA,1,1
"MF","GO:0008408",NA,NA,NA,NA,NA,NA,1,1
"MF","GO:0008417",NA,NA,NA,NA,NA,NA,1,1
"MF","GO:0008420",NA,NA,NA,NA,NA,NA,1,1
"MF","GO:0008443",NA,NA,NA,NA,NA,NA,1,1
"MF","GO:0008483",NA,NA,NA,NA,NA,NA,1,1
"MF","GO:0008484",NA,NA,NA,NA,NA,NA,1,1
"MF","GO:0008502",NA,NA,NA,NA,NA,NA,1,1
"MF","GO:0008509",NA,NA,NA,NA,NA,NA,1,1
"MF","GO:0008514",NA,NA,NA,NA,NA,NA,1,1
"MF","GO:0008519",NA,NA,NA,NA,NA,NA,1,1
"MF","GO:0008528",NA,NA,NA,NA,NA,NA,1,1
"MF","GO:0008556",NA,NA,NA,NA,NA,NA,1,1
"MF","GO:0008569",NA,NA,NA,NA,NA,NA,1,1
"MF","GO:0008641",NA,NA,NA,NA,NA,NA,1,1
"MF","GO:0008649",NA,NA,NA,NA,NA,NA,1,1
"MF","GO:0008757",NA,NA,NA,NA,NA,NA,1,1
"MF","GO:0009055",NA,NA,NA,NA,NA,NA,1,1
"MF","GO:0009881",NA,NA,NA,NA,NA,NA,1,1
"MF","GO:0009922",NA,NA,NA,NA,NA,NA,1,1
"MF","GO:0009975",NA,NA,NA,NA,NA,NA,1,1
"MF","GO:0009982",NA,NA,NA,NA,NA,NA,1,1
"MF","GO:0010181",NA,NA,NA,NA,NA,NA,1,1
"MF","GO:0010340",NA,NA,NA,NA,NA,NA,1,1
"MF","GO:0010851",NA,NA,NA,NA,NA,NA,1,1
"MF","GO:0010853",NA,NA,NA,NA,NA,NA,1,1
"MF","GO:0015018",NA,NA,NA,NA,NA,NA,1,1
"MF","GO:0015020",NA,NA,NA,NA,NA,NA,1,1
"MF","GO:0015026",NA,NA,NA,NA,NA,NA,1,1
"MF","GO:0015035",NA,NA,NA,NA,NA,NA,1,1
"MF","GO:0015036",NA,NA,NA,NA,NA,NA,1,1
"MF","GO:0015057",NA,NA,NA,NA,NA,NA,1,1
"MF","GO:0015079",NA,NA,NA,NA,NA,NA,1,1
"MF","GO:0015081",NA,NA,NA,NA,NA,NA,1,1
"MF","GO:0015095",NA,NA,NA,NA,NA,NA,1,1
"MF","GO:0015103",NA,NA,NA,NA,NA,NA,1,1
"MF","GO:0015108",NA,NA,NA,NA,NA,NA,1,1
"MF","GO:0015116",NA,NA,NA,NA,NA,NA,1,1
"MF","GO:0015129",NA,NA,NA,NA,NA,NA,1,1
"MF","GO:0015144",NA,NA,NA,NA,NA,NA,1,1
"MF","GO:0015145",NA,NA,NA,NA,NA,NA,1,1
"MF","GO:0015165",NA,NA,NA,NA,NA,NA,1,1
"MF","GO:0015166",NA,NA,NA,NA,NA,NA,1,1
"MF","GO:0015168",NA,NA,NA,NA,NA,NA,1,1
"MF","GO:0015171",NA,NA,NA,NA,NA,NA,1,1
"MF","GO:0015204",NA,NA,NA,NA,NA,NA,1,1
"MF","GO:0015245",NA,NA,NA,NA,NA,NA,1,1
"MF","GO:0015252",NA,NA,NA,NA,NA,NA,1,1
"MF","GO:0015269",NA,NA,NA,NA,NA,NA,1,1
"MF","GO:0015276",NA,NA,NA,NA,NA,NA,1,1
"MF","GO:0015278",NA,NA,NA,NA,NA,NA,1,1
"MF","GO:0015291",NA,NA,NA,NA,NA,NA,1,1
"MF","GO:0015293",NA,NA,NA,NA,NA,NA,1,1
"MF","GO:0015294",NA,NA,NA,NA,NA,NA,1,1
"MF","GO:0015296",NA,NA,NA,NA,NA,NA,1,1
"MF","GO:0015297",NA,NA,NA,NA,NA,NA,1,1
"MF","GO:0015349",NA,NA,NA,NA,NA,NA,1,1
"MF","GO:0015355",NA,NA,NA,NA,NA,NA,1,1
"MF","GO:0015368",NA,NA,NA,NA,NA,NA,1,1
"MF","GO:0015370",NA,NA,NA,NA,NA,NA,1,1
"MF","GO:0015373",NA,NA,NA,NA,NA,NA,1,1
"MF","GO:0015377",NA,NA,NA,NA,NA,NA,1,1
"MF","GO:0015379",NA,NA,NA,NA,NA,NA,1,1
"MF","GO:0015385",NA,NA,NA,NA,NA,NA,1,1
"MF","GO:0015399",NA,NA,NA,NA,NA,NA,1,1
"MF","GO:0015453",NA,NA,NA,NA,NA,NA,1,1
"MF","GO:0015464",NA,NA,NA,NA,NA,NA,1,1
"MF","GO:0015467",NA,NA,NA,NA,NA,NA,1,1
"MF","GO:0015605",NA,NA,NA,NA,NA,NA,1,1
"MF","GO:0015645",NA,NA,NA,NA,NA,NA,1,1
"MF","GO:0015662",NA,NA,NA,NA,NA,NA,1,1
"MF","GO:0015923",NA,NA,NA,NA,NA,NA,1,1
"MF","GO:0015924",NA,NA,NA,NA,NA,NA,1,1
"MF","GO:0015929",NA,NA,NA,NA,NA,NA,1,1
"MF","GO:0015932",NA,NA,NA,NA,NA,NA,1,1
"MF","GO:0016209",NA,NA,NA,NA,NA,NA,1,1
"MF","GO:0016247",NA,NA,NA,NA,NA,NA,1,1
"MF","GO:0016273",NA,NA,NA,NA,NA,NA,1,1
"MF","GO:0016274",NA,NA,NA,NA,NA,NA,1,1
"MF","GO:0016278",NA,NA,NA,NA,NA,NA,1,1
"MF","GO:0016279",NA,NA,NA,NA,NA,NA,1,1
"MF","GO:0016286",NA,NA,NA,NA,NA,NA,1,1
"MF","GO:0016298",NA,NA,NA,NA,NA,NA,1,1
"MF","GO:0016405",NA,NA,NA,NA,NA,NA,1,1
"MF","GO:0016407",NA,NA,NA,NA,NA,NA,1,1
"MF","GO:0016409",NA,NA,NA,NA,NA,NA,1,1
"MF","GO:0016410",NA,NA,NA,NA,NA,NA,1,1
"MF","GO:0016417",NA,NA,NA,NA,NA,NA,1,1
"MF","GO:0016433",NA,NA,NA,NA,NA,NA,1,1
"MF","GO:0016493",NA,NA,NA,NA,NA,NA,1,1
"MF","GO:0016500",NA,NA,NA,NA,NA,NA,1,1
"MF","GO:0016502",NA,NA,NA,NA,NA,NA,1,1
"MF","GO:0016530",NA,NA,NA,NA,NA,NA,1,1
"MF","GO:0016538",NA,NA,NA,NA,NA,NA,1,1
"MF","GO:0016594",NA,NA,NA,NA,NA,NA,1,1
"MF","GO:0016597",NA,NA,NA,NA,NA,NA,1,1
"MF","GO:0016615",NA,NA,NA,NA,NA,NA,1,1
"MF","GO:0016624",NA,NA,NA,NA,NA,NA,1,1
"MF","GO:0016638",NA,NA,NA,NA,NA,NA,1,1
"MF","GO:0016641",NA,NA,NA,NA,NA,NA,1,1
"MF","GO:0016645",NA,NA,NA,NA,NA,NA,1,1
"MF","GO:0016646",NA,NA,NA,NA,NA,NA,1,1
"MF","GO:0016651",NA,NA,NA,NA,NA,NA,1,1
"MF","GO:0016655",NA,NA,NA,NA,NA,NA,1,1
"MF","GO:0016667",NA,NA,NA,NA,NA,NA,1,1
"MF","GO:0016668",NA,NA,NA,NA,NA,NA,1,1
"MF","GO:0016670",NA,NA,NA,NA,NA,NA,1,1
"MF","GO:0016671",NA,NA,NA,NA,NA,NA,1,1
"MF","GO:0016684",NA,NA,NA,NA,NA,NA,1,1
"MF","GO:0016705",NA,NA,NA,NA,NA,NA,1,1
"MF","GO:0016706",NA,NA,NA,NA,NA,NA,1,1
"MF","GO:0016709",NA,NA,NA,NA,NA,NA,1,1
"MF","GO:0016712",NA,NA,NA,NA,NA,NA,1,1
"MF","GO:0016714",NA,NA,NA,NA,NA,NA,1,1
"MF","GO:0016715",NA,NA,NA,NA,NA,NA,1,1
"MF","GO:0016721",NA,NA,NA,NA,NA,NA,1,1
"MF","GO:0016725",NA,NA,NA,NA,NA,NA,1,1
"MF","GO:0016741",NA,NA,NA,NA,NA,NA,1,1
"MF","GO:0016742",NA,NA,NA,NA,NA,NA,1,1
"MF","GO:0016747",NA,NA,NA,NA,NA,NA,1,1
"MF","GO:0016757",NA,NA,NA,NA,NA,NA,1,1
"MF","GO:0016758",NA,NA,NA,NA,NA,NA,1,1
"MF","GO:0016763",NA,NA,NA,NA,NA,NA,1,1
"MF","GO:0016765",NA,NA,NA,NA,NA,NA,1,1
"MF","GO:0016769",NA,NA,NA,NA,NA,NA,1,1
"MF","GO:0016775",NA,NA,NA,NA,NA,NA,1,1
"MF","GO:0016776",NA,NA,NA,NA,NA,NA,1,1
"MF","GO:0016778",NA,NA,NA,NA,NA,NA,1,1
"MF","GO:0016779",NA,NA,NA,NA,NA,NA,1,1
"MF","GO:0016780",NA,NA,NA,NA,NA,NA,1,1
"MF","GO:0016782",NA,NA,NA,NA,NA,NA,1,1
"MF","GO:0016783",NA,NA,NA,NA,NA,NA,1,1
"MF","GO:0016790",NA,NA,NA,NA,NA,NA,1,1
"MF","GO:0016796",NA,NA,NA,NA,NA,NA,1,1
"MF","GO:0016798",NA,NA,NA,NA,NA,NA,1,1
"MF","GO:0016799",NA,NA,NA,NA,NA,NA,1,1
"MF","GO:0016805",NA,NA,NA,NA,NA,NA,1,1
"MF","GO:0016810",NA,NA,NA,NA,NA,NA,1,1
"MF","GO:0016811",NA,NA,NA,NA,NA,NA,1,1
"MF","GO:0016812",NA,NA,NA,NA,NA,NA,1,1
"MF","GO:0016813",NA,NA,NA,NA,NA,NA,1,1
"MF","GO:0016814",NA,NA,NA,NA,NA,NA,1,1
"MF","GO:0016829",NA,NA,NA,NA,NA,NA,1,1
"MF","GO:0016830",NA,NA,NA,NA,NA,NA,1,1
"MF","GO:0016831",NA,NA,NA,NA,NA,NA,1,1
"MF","GO:0016832",NA,NA,NA,NA,NA,NA,1,1
"MF","GO:0016835",NA,NA,NA,NA,NA,NA,1,1
"MF","GO:0016836",NA,NA,NA,NA,NA,NA,1,1
"MF","GO:0016840",NA,NA,NA,NA,NA,NA,1,1
"MF","GO:0016842",NA,NA,NA,NA,NA,NA,1,1
"MF","GO:0016846",NA,NA,NA,NA,NA,NA,1,1
"MF","GO:0016849",NA,NA,NA,NA,NA,NA,1,1
"MF","GO:0016853",NA,NA,NA,NA,NA,NA,1,1
"MF","GO:0016859",NA,NA,NA,NA,NA,NA,1,1
"MF","GO:0016860",NA,NA,NA,NA,NA,NA,1,1
"MF","GO:0016864",NA,NA,NA,NA,NA,NA,1,1
"MF","GO:0016866",NA,NA,NA,NA,NA,NA,1,1
"MF","GO:0016868",NA,NA,NA,NA,NA,NA,1,1
"MF","GO:0016875",NA,NA,NA,NA,NA,NA,1,1
"MF","GO:0016877",NA,NA,NA,NA,NA,NA,1,1
"MF","GO:0016878",NA,NA,NA,NA,NA,NA,1,1
"MF","GO:0016881",NA,NA,NA,NA,NA,NA,1,1
"MF","GO:0016885",NA,NA,NA,NA,NA,NA,1,1
"MF","GO:0016887",NA,NA,NA,NA,NA,NA,1,1
"MF","GO:0016891",NA,NA,NA,NA,NA,NA,1,1
"MF","GO:0016893",NA,NA,NA,NA,NA,NA,1,1
"MF","GO:0016896",NA,NA,NA,NA,NA,NA,1,1
"MF","GO:0016907",NA,NA,NA,NA,NA,NA,1,1
"MF","GO:0016917",NA,NA,NA,NA,NA,NA,1,1
"MF","GO:0016922",NA,NA,NA,NA,NA,NA,1,1
"MF","GO:0016933",NA,NA,NA,NA,NA,NA,1,1
"MF","GO:0016997",NA,NA,NA,NA,NA,NA,1,1
"MF","GO:0017017",NA,NA,NA,NA,NA,NA,1,1
"MF","GO:0017046",NA,NA,NA,NA,NA,NA,1,1
"MF","GO:0017056",NA,NA,NA,NA,NA,NA,1,1
"MF","GO:0017075",NA,NA,NA,NA,NA,NA,1,1
"MF","GO:0017080",NA,NA,NA,NA,NA,NA,1,1
"MF","GO:0017128",NA,NA,NA,NA,NA,NA,1,1
"MF","GO:0017147",NA,NA,NA,NA,NA,NA,1,1
"MF","GO:0017154",NA,NA,NA,NA,NA,NA,1,1
"MF","GO:0017171",NA,NA,NA,NA,NA,NA,1,1
"MF","GO:0018455",NA,NA,NA,NA,NA,NA,1,1
"MF","GO:0019104",NA,NA,NA,NA,NA,NA,1,1
"MF","GO:0019200",NA,NA,NA,NA,NA,NA,1,1
"MF","GO:0019203",NA,NA,NA,NA,NA,NA,1,1
"MF","GO:0019208",NA,NA,NA,NA,NA,NA,1,1
"MF","GO:0019209",NA,NA,NA,NA,NA,NA,1,1
"MF","GO:0019210",NA,NA,NA,NA,NA,NA,1,1
"MF","GO:0019212",NA,NA,NA,NA,NA,NA,1,1
"MF","GO:0019213",NA,NA,NA,NA,NA,NA,1,1
"MF","GO:0019239",NA,NA,NA,NA,NA,NA,1,1
"MF","GO:0019786",NA,NA,NA,NA,NA,NA,1,1
"MF","GO:0019787",NA,NA,NA,NA,NA,NA,1,1
"MF","GO:0019789",NA,NA,NA,NA,NA,NA,1,1
"MF","GO:0019798",NA,NA,NA,NA,NA,NA,1,1
"MF","GO:0019825",NA,NA,NA,NA,NA,NA,1,1
"MF","GO:0019829",NA,NA,NA,NA,NA,NA,1,1
"MF","GO:0019838",NA,NA,NA,NA,NA,NA,1,1
"MF","GO:0019840",NA,NA,NA,NA,NA,NA,1,1
"MF","GO:0019842",NA,NA,NA,NA,NA,NA,1,1
"MF","GO:0019843",NA,NA,NA,NA,NA,NA,1,1
"MF","GO:0019888",NA,NA,NA,NA,NA,NA,1,1
"MF","GO:0019894",NA,NA,NA,NA,NA,NA,1,1
"MF","GO:0019899",NA,NA,NA,NA,NA,NA,1,1
"MF","GO:0019900",NA,NA,NA,NA,NA,NA,1,1
"MF","GO:0019901",NA,NA,NA,NA,NA,NA,1,1
"MF","GO:0019902",NA,NA,NA,NA,NA,NA,1,1
"MF","GO:0019903",NA,NA,NA,NA,NA,NA,1,1
"MF","GO:0019904",NA,NA,NA,NA,NA,NA,1,1
"MF","GO:0019905",NA,NA,NA,NA,NA,NA,1,1
"MF","GO:0019955",NA,NA,NA,NA,NA,NA,1,1
"MF","GO:0019992",NA,NA,NA,NA,NA,NA,1,1
"MF","GO:0020037",NA,NA,NA,NA,NA,NA,1,1
"MF","GO:0022804",NA,NA,NA,NA,NA,NA,1,1
"MF","GO:0022821",NA,NA,NA,NA,NA,NA,1,1
"MF","GO:0022824",NA,NA,NA,NA,NA,NA,1,1
"MF","GO:0022829",NA,NA,NA,NA,NA,NA,1,1
"MF","GO:0022832",NA,NA,NA,NA,NA,NA,1,1
"MF","GO:0022834",NA,NA,NA,NA,NA,NA,1,1
"MF","GO:0022835",NA,NA,NA,NA,NA,NA,1,1
"MF","GO:0022836",NA,NA,NA,NA,NA,NA,1,1
"MF","GO:0022839",NA,NA,NA,NA,NA,NA,1,1
"MF","GO:0022843",NA,NA,NA,NA,NA,NA,1,1
"MF","GO:0022848",NA,NA,NA,NA,NA,NA,1,1
"MF","GO:0022853",NA,NA,NA,NA,NA,NA,1,1
"MF","GO:0022884",NA,NA,NA,NA,NA,NA,1,1
"MF","GO:0030116",NA,NA,NA,NA,NA,NA,1,1
"MF","GO:0030145",NA,NA,NA,NA,NA,NA,1,1
"MF","GO:0030151",NA,NA,NA,NA,NA,NA,1,1
"MF","GO:0030170",NA,NA,NA,NA,NA,NA,1,1
"MF","GO:0030246",NA,NA,NA,NA,NA,NA,1,1
"MF","GO:0030247",NA,NA,NA,NA,NA,NA,1,1
"MF","GO:0030249",NA,NA,NA,NA,NA,NA,1,1
"MF","GO:0030250",NA,NA,NA,NA,NA,NA,1,1
"MF","GO:0030276",NA,NA,NA,NA,NA,NA,1,1
"MF","GO:0030291",NA,NA,NA,NA,NA,NA,1,1
"MF","GO:0030295",NA,NA,NA,NA,NA,NA,1,1
"MF","GO:0030296",NA,NA,NA,NA,NA,NA,1,1
"MF","GO:0030368",NA,NA,NA,NA,NA,NA,1,1
"MF","GO:0030371",NA,NA,NA,NA,NA,NA,1,1
"MF","GO:0030414",NA,NA,NA,NA,NA,NA,1,1
"MF","GO:0030507",NA,NA,NA,NA,NA,NA,1,1
"MF","GO:0030527",NA,NA,NA,NA,NA,NA,1,1
"MF","GO:0030551",NA,NA,NA,NA,NA,NA,1,1
"MF","GO:0030553",NA,NA,NA,NA,NA,NA,1,1
"MF","GO:0030594",NA,NA,NA,NA,NA,NA,1,1
"MF","GO:0030955",NA,NA,NA,NA,NA,NA,1,1
"MF","GO:0030971",NA,NA,NA,NA,NA,NA,1,1
"MF","GO:0030976",NA,NA,NA,NA,NA,NA,1,1
"MF","GO:0030983",NA,NA,NA,NA,NA,NA,1,1
"MF","GO:0031072",NA,NA,NA,NA,NA,NA,1,1
"MF","GO:0031267",NA,NA,NA,NA,NA,NA,1,1
"MF","GO:0031369",NA,NA,NA,NA,NA,NA,1,1
"MF","GO:0031406",NA,NA,NA,NA,NA,NA,1,1
"MF","GO:0031418",NA,NA,NA,NA,NA,NA,1,1
"MF","GO:0031420",NA,NA,NA,NA,NA,NA,1,1
"MF","GO:0031543",NA,NA,NA,NA,NA,NA,1,1
"MF","GO:0031625",NA,NA,NA,NA,NA,NA,1,1
"MF","GO:0031779",NA,NA,NA,NA,NA,NA,1,1
"MF","GO:0031957",NA,NA,NA,NA,NA,NA,1,1
"MF","GO:0032051",NA,NA,NA,NA,NA,NA,1,1
"MF","GO:0032182",NA,NA,NA,NA,NA,NA,1,1
"MF","GO:0032266",NA,NA,NA,NA,NA,NA,1,1
"MF","GO:0032451",NA,NA,NA,NA,NA,NA,1,1
"MF","GO:0032813",NA,NA,NA,NA,NA,NA,1,1
"MF","GO:0033192",NA,NA,NA,NA,NA,NA,1,1
"MF","GO:0033218",NA,NA,NA,NA,NA,NA,1,1
"MF","GO:0033293",NA,NA,NA,NA,NA,NA,1,1
"MF","GO:0033549",NA,NA,NA,NA,NA,NA,1,1
"MF","GO:0033558",NA,NA,NA,NA,NA,NA,1,1
"MF","GO:0033743",NA,NA,NA,NA,NA,NA,1,1
"MF","GO:0034061",NA,NA,NA,NA,NA,NA,1,1
"MF","GO:0034062",NA,NA,NA,NA,NA,NA,1,1
"MF","GO:0034212",NA,NA,NA,NA,NA,NA,1,1
"MF","GO:0034483",NA,NA,NA,NA,NA,NA,1,1
"MF","GO:0034593",NA,NA,NA,NA,NA,NA,1,1
"MF","GO:0034596",NA,NA,NA,NA,NA,NA,1,1
"MF","GO:0035091",NA,NA,NA,NA,NA,NA,1,1
"MF","GO:0035251",NA,NA,NA,NA,NA,NA,1,1
"MF","GO:0035381",NA,NA,NA,NA,NA,NA,1,1
"MF","GO:0035497",NA,NA,NA,NA,NA,NA,1,1
"MF","GO:0035804",NA,NA,NA,NA,NA,NA,1,1
"MF","GO:0036374",NA,NA,NA,NA,NA,NA,1,1
"MF","GO:0036402",NA,NA,NA,NA,NA,NA,1,1
"MF","GO:0038024",NA,NA,NA,NA,NA,NA,1,1
"MF","GO:0038036",NA,NA,NA,NA,NA,NA,1,1
"MF","GO:0042043",NA,NA,NA,NA,NA,NA,1,1
"MF","GO:0042054",NA,NA,NA,NA,NA,NA,1,1
"MF","GO:0042162",NA,NA,NA,NA,NA,NA,1,1
"MF","GO:0042277",NA,NA,NA,NA,NA,NA,1,1
"MF","GO:0042379",NA,NA,NA,NA,NA,NA,1,1
"MF","GO:0042393",NA,NA,NA,NA,NA,NA,1,1
"MF","GO:0042562",NA,NA,NA,NA,NA,NA,1,1
"MF","GO:0042577",NA,NA,NA,NA,NA,NA,1,1
"MF","GO:0042625",NA,NA,NA,NA,NA,NA,1,1
"MF","GO:0042626",NA,NA,NA,NA,NA,NA,1,1
"MF","GO:0042800",NA,NA,NA,NA,NA,NA,1,1
"MF","GO:0042802",NA,NA,NA,NA,NA,NA,1,1
"MF","GO:0042803",NA,NA,NA,NA,NA,NA,1,1
"MF","GO:0042813",NA,NA,NA,NA,NA,NA,1,1
"MF","GO:0042887",NA,NA,NA,NA,NA,NA,1,1
"MF","GO:0042910",NA,NA,NA,NA,NA,NA,1,1
"MF","GO:0042923",NA,NA,NA,NA,NA,NA,1,1
"MF","GO:0042979",NA,NA,NA,NA,NA,NA,1,1
"MF","GO:0043015",NA,NA,NA,NA,NA,NA,1,1
"MF","GO:0043021",NA,NA,NA,NA,NA,NA,1,1
"MF","GO:0043022",NA,NA,NA,NA,NA,NA,1,1
"MF","GO:0043130",NA,NA,NA,NA,NA,NA,1,1
"MF","GO:0043177",NA,NA,NA,NA,NA,NA,1,1
"MF","GO:0043178",NA,NA,NA,NA,NA,NA,1,1
"MF","GO:0043539",NA,NA,NA,NA,NA,NA,1,1
"MF","GO:0043855",NA,NA,NA,NA,NA,NA,1,1
"MF","GO:0044183",NA,NA,NA,NA,NA,NA,1,1
"MF","GO:0044389",NA,NA,NA,NA,NA,NA,1,1
"MF","GO:0044769",NA,NA,NA,NA,NA,NA,1,1
"MF","GO:0045028",NA,NA,NA,NA,NA,NA,1,1
"MF","GO:0045125",NA,NA,NA,NA,NA,NA,1,1
"MF","GO:0045182",NA,NA,NA,NA,NA,NA,1,1
"MF","GO:0045296",NA,NA,NA,NA,NA,NA,1,1
"MF","GO:0045309",NA,NA,NA,NA,NA,NA,1,1
"MF","GO:0045505",NA,NA,NA,NA,NA,NA,1,1
"MF","GO:0046332",NA,NA,NA,NA,NA,NA,1,1
"MF","GO:0046527",NA,NA,NA,NA,NA,NA,1,1
"MF","GO:0046875",NA,NA,NA,NA,NA,NA,1,1
"MF","GO:0046906",NA,NA,NA,NA,NA,NA,1,1
"MF","GO:0046912",NA,NA,NA,NA,NA,NA,1,1
"MF","GO:0046933",NA,NA,NA,NA,NA,NA,1,1
"MF","GO:0046935",NA,NA,NA,NA,NA,NA,1,1
"MF","GO:0046943",NA,NA,NA,NA,NA,NA,1,1
"MF","GO:0046961",NA,NA,NA,NA,NA,NA,1,1
"MF","GO:0047134",NA,NA,NA,NA,NA,NA,1,1
"MF","GO:0048029",NA,NA,NA,NA,NA,NA,1,1
"MF","GO:0048763",NA,NA,NA,NA,NA,NA,1,1
"MF","GO:0050145",NA,NA,NA,NA,NA,NA,1,1
"MF","GO:0050291",NA,NA,NA,NA,NA,NA,1,1
"MF","GO:0050308",NA,NA,NA,NA,NA,NA,1,1
"MF","GO:0050661",NA,NA,NA,NA,NA,NA,1,1
"MF","GO:0050694",NA,NA,NA,NA,NA,NA,1,1
"MF","GO:0050698",NA,NA,NA,NA,NA,NA,1,1
"MF","GO:0050839",NA,NA,NA,NA,NA,NA,1,1
"MF","GO:0050840",NA,NA,NA,NA,NA,NA,1,1
"MF","GO:0050997",NA,NA,NA,NA,NA,NA,1,1
"MF","GO:0051018",NA,NA,NA,NA,NA,NA,1,1
"MF","GO:0051020",NA,NA,NA,NA,NA,NA,1,1
"MF","GO:0051082",NA,NA,NA,NA,NA,NA,1,1
"MF","GO:0051087",NA,NA,NA,NA,NA,NA,1,1
"MF","GO:0051119",NA,NA,NA,NA,NA,NA,1,1
"MF","GO:0051139",NA,NA,NA,NA,NA,NA,1,1
"MF","GO:0051219",NA,NA,NA,NA,NA,NA,1,1
"MF","GO:0051287",NA,NA,NA,NA,NA,NA,1,1
"MF","GO:0051499",NA,NA,NA,NA,NA,NA,1,1
"MF","GO:0051536",NA,NA,NA,NA,NA,NA,1,1
"MF","GO:0051537",NA,NA,NA,NA,NA,NA,1,1
"MF","GO:0051539",NA,NA,NA,NA,NA,NA,1,1
"MF","GO:0051540",NA,NA,NA,NA,NA,NA,1,1
"MF","GO:0051920",NA,NA,NA,NA,NA,NA,1,1
"MF","GO:0051959",NA,NA,NA,NA,NA,NA,1,1
"MF","GO:0051998",NA,NA,NA,NA,NA,NA,1,1
"MF","GO:0052689",NA,NA,NA,NA,NA,NA,1,1
"MF","GO:0052742",NA,NA,NA,NA,NA,NA,1,1
"MF","GO:0052744",NA,NA,NA,NA,NA,NA,1,1
"MF","GO:0052745",NA,NA,NA,NA,NA,NA,1,1
"MF","GO:0052866",NA,NA,NA,NA,NA,NA,1,1
"MF","GO:0052890",NA,NA,NA,NA,NA,NA,1,1
"MF","GO:0055077",NA,NA,NA,NA,NA,NA,1,1
"MF","GO:0055102",NA,NA,NA,NA,NA,NA,1,1
"MF","GO:0060590",NA,NA,NA,NA,NA,NA,1,1
"MF","GO:0061134",NA,NA,NA,NA,NA,NA,1,1
"MF","GO:0061135",NA,NA,NA,NA,NA,NA,1,1
"MF","GO:0061575",NA,NA,NA,NA,NA,NA,1,1
"MF","GO:0061578",NA,NA,NA,NA,NA,NA,1,1
"MF","GO:0061608",NA,NA,NA,NA,NA,NA,1,1
"MF","GO:0061629",NA,NA,NA,NA,NA,NA,1,1
"MF","GO:0061630",NA,NA,NA,NA,NA,NA,1,1
"MF","GO:0061659",NA,NA,NA,NA,NA,NA,1,1
"MF","GO:0061733",NA,NA,NA,NA,NA,NA,1,1
"MF","GO:0061783",NA,NA,NA,NA,NA,NA,1,1
"MF","GO:0061980",NA,NA,NA,NA,NA,NA,1,1
"MF","GO:0070001",NA,NA,NA,NA,NA,NA,1,1
"MF","GO:0070003",NA,NA,NA,NA,NA,NA,1,1
"MF","GO:0070006",NA,NA,NA,NA,NA,NA,1,1
"MF","GO:0070008",NA,NA,NA,NA,NA,NA,1,1
"MF","GO:0070273",NA,NA,NA,NA,NA,NA,1,1
"MF","GO:0070279",NA,NA,NA,NA,NA,NA,1,1
"MF","GO:0070403",NA,NA,NA,NA,NA,NA,1,1
"MF","GO:0070566",NA,NA,NA,NA,NA,NA,1,1
"MF","GO:0070569",NA,NA,NA,NA,NA,NA,1,1
"MF","GO:0070573",NA,NA,NA,NA,NA,NA,1,1
"MF","GO:0070679",NA,NA,NA,NA,NA,NA,1,1
"MF","GO:0070851",NA,NA,NA,NA,NA,NA,1,1
"MF","GO:0070915",NA,NA,NA,NA,NA,NA,1,1
"MF","GO:0071855",NA,NA,NA,NA,NA,NA,1,1
"MF","GO:0071949",NA,NA,NA,NA,NA,NA,1,1
"MF","GO:0072341",NA,NA,NA,NA,NA,NA,1,1
"MF","GO:0090482",NA,NA,NA,NA,NA,NA,1,1
"MF","GO:0097747",NA,NA,NA,NA,NA,NA,1,1
"MF","GO:0098960",NA,NA,NA,NA,NA,NA,1,1
"MF","GO:0099094",NA,NA,NA,NA,NA,NA,1,1
"MF","GO:0099095",NA,NA,NA,NA,NA,NA,1,1
"MF","GO:0099106",NA,NA,NA,NA,NA,NA,1,1
"MF","GO:0099528",NA,NA,NA,NA,NA,NA,1,1
"MF","GO:0099529",NA,NA,NA,NA,NA,NA,1,1
"MF","GO:0099604",NA,NA,NA,NA,NA,NA,1,1
"MF","GO:0106018",NA,NA,NA,NA,NA,NA,1,1
"MF","GO:0106274",NA,NA,NA,NA,NA,NA,1,1
"MF","GO:0120013",NA,NA,NA,NA,NA,NA,1,1
"MF","GO:0120015",NA,NA,NA,NA,NA,NA,1,1
"MF","GO:0120020",NA,NA,NA,NA,NA,NA,1,1
"MF","GO:0120227",NA,NA,NA,NA,NA,NA,1,1
"MF","GO:0120515",NA,NA,NA,NA,NA,NA,1,1
"MF","GO:0140030",NA,NA,NA,NA,NA,NA,1,1
"MF","GO:0140097",NA,NA,NA,NA,NA,NA,1,1
"MF","GO:0140102",NA,NA,NA,NA,NA,NA,1,1
"MF","GO:0140103",NA,NA,NA,NA,NA,NA,1,1
"MF","GO:0140104",NA,NA,NA,NA,NA,NA,1,1
"MF","GO:0140142",NA,NA,NA,NA,NA,NA,1,1
"MF","GO:0140161",NA,NA,NA,NA,NA,NA,1,1
"MF","GO:0140297",NA,NA,NA,NA,NA,NA,1,1
"MF","GO:0140299",NA,NA,NA,NA,NA,NA,1,1
"MF","GO:0140303",NA,NA,NA,NA,NA,NA,1,1
"MF","GO:0140318",NA,NA,NA,NA,NA,NA,1,1
"MF","GO:0140326",NA,NA,NA,NA,NA,NA,1,1
"MF","GO:0140358",NA,NA,NA,NA,NA,NA,1,1
"MF","GO:0140359",NA,NA,NA,NA,NA,NA,1,1
"MF","GO:0140375",NA,NA,NA,NA,NA,NA,1,1
"MF","GO:0140597",NA,NA,NA,NA,NA,NA,1,1
"MF","GO:0140612",NA,NA,NA,NA,NA,NA,1,1
"MF","GO:0140657",NA,NA,NA,NA,NA,NA,1,1
"MF","GO:0140658",NA,NA,NA,NA,NA,NA,1,1
"MF","GO:0140662",NA,NA,NA,NA,NA,NA,1,1
"MF","GO:0140664",NA,NA,NA,NA,NA,NA,1,1
"MF","GO:0140678",NA,NA,NA,NA,NA,NA,1,1
"MF","GO:0140828",NA,NA,NA,NA,NA,NA,1,1
"MF","GO:0140938",NA,NA,NA,NA,NA,NA,1,1
"MF","GO:0140993",NA,NA,NA,NA,NA,NA,1,1
"MF","GO:0140994",NA,NA,NA,NA,NA,NA,1,1
"MF","GO:0141108",NA,NA,NA,NA,NA,NA,1,1
"MF","GO:0160041",NA,NA,NA,NA,NA,NA,1,1
"MF","GO:0160215",NA,NA,NA,NA,NA,NA,1,1
"MF","GO:0170055",NA,NA,NA,NA,NA,NA,1,1
"MF","GO:0180030",NA,NA,NA,NA,NA,NA,1,1
"MF","GO:0180051",NA,NA,NA,NA,NA,NA,1,1
"MF","GO:1901505",NA,NA,NA,NA,NA,NA,1,1
"MF","GO:1901567",NA,NA,NA,NA,NA,NA,1,1
"MF","GO:1901681",NA,NA,NA,NA,NA,NA,1,1
"MF","GO:1901682",NA,NA,NA,NA,NA,NA,1,1
"MF","GO:1901981",NA,NA,NA,NA,NA,NA,1,1
"MF","GO:1902936",NA,NA,NA,NA,NA,NA,1,1
"MF","GO:1904315",NA,NA,NA,NA,NA,NA,1,1
"MF","GO:1990380",NA,NA,NA,NA,NA,NA,1,1
"MF","GO:1990404",NA,NA,NA,NA,NA,NA,1,1
"MF","GO:1990782",NA,NA,NA,NA,NA,NA,1,1
"MF","GO:1990817",NA,NA,NA,NA,NA,NA,1,1
"MF","GO:1990837",NA,NA,NA,NA,NA,NA,1,1
